id,type,title,url,date,word_count,h1_count,h2_count,h3_count,title_topic,body_topic,boilerplate_hits,featured_media,issues,notes,duplicate_group,cannibal_group,h2_skeleton
3618,faqs,الأسئلة الشائعة,https://max-art-ae.com/faqs/faq/,2026-08-08,56,0,3,0,,عزل أسطح,0,0,محتوى ضعيف (<1000 كلمة) | محتوى ضعيف جداً | لا H1 في جسم المحتوى | مقتطف ناقص | صورة بارزة مفقودة,عدد الكلمات 56 < 1000؛ محتوى قصير جداً (<300 كلمة)؛ لا H1 داخل جسم المقالة (ووردبريس عادةً يعرض العنوان كـ H1 من القالب)؛ مقتطف فارغ أو قصير؛ لا توجد صورة بارزة,,,هل المعاينة مجانية؟ | هل يتوفر ضمان؟ | كم يستغرق التنفيذ؟
3,page,سياسة الخصوصية,https://max-art-ae.com/privacy-policy/,2025-03-14,152,0,5,0,,حدادة,0,0,محتوى ضعيف (<1000 كلمة) | محتوى ضعيف جداً | لا H1 في جسم المحتوى | صورة بارزة مفقودة,عدد الكلمات 152 < 1000؛ محتوى قصير جداً (<300 كلمة)؛ لا H1 داخل جسم المقالة (ووردبريس عادةً يعرض العنوان كـ H1 من القالب)؛ لا توجد صورة بارزة,,,البيانات التي قد نجمعها | الاستخدام | واتساب والهاتف | ملفات تعريف الارتباط | التواصل
4035,page,تواصل معنا,https://max-art-ae.com/contact-us/,2026-09-16,63,0,2,0,,,0,0,محتوى ضعيف (<1000 كلمة) | محتوى ضعيف جداً | لا H1 في جسم المحتوى | صورة بارزة مفقودة,عدد الكلمات 63 < 1000؛ محتوى قصير جداً (<300 كلمة)؛ لا H1 داخل جسم المقالة (ووردبريس عادةً يعرض العنوان كـ H1 من القالب)؛ لا توجد صورة بارزة,,,بيانات التواصل | ساعات العمل
4034,page,من نحن,https://max-art-ae.com/about-us/,2026-09-16,60,0,2,0,,حدادة,0,0,محتوى ضعيف (<1000 كلمة) | محتوى ضعيف جداً | لا H1 في جسم المحتوى | صورة بارزة مفقودة,عدد الكلمات 60 < 1000؛ محتوى قصير جداً (<300 كلمة)؛ لا H1 داخل جسم المقالة (ووردبريس عادةً يعرض العنوان كـ H1 من القالب)؛ لا توجد صورة بارزة,,,ماذا نقدم؟ | التغطية
153,page,المدونة,https://max-art-ae.com/blog/,2025-04-02,15,0,0,0,,كشف/إصلاح تسربات,0,3369,محتوى ضعيف (<1000 كلمة) | محتوى ضعيف جداً | لا H1 في جسم المحتوى | نقص H2,عدد الكلمات 15 < 1000؛ محتوى قصير جداً (<300 كلمة)؛ لا H1 داخل جسم المقالة (ووردبريس عادةً يعرض العنوان كـ H1 من القالب)؛ عدد H2 = 0,,,
3621,portfolio,سابقة الأعمال,https://max-art-ae.com/portfolio/previous-work/,2026-08-08,28,0,0,0,,عزل أسطح,0,0,محتوى ضعيف (<1000 كلمة) | محتوى ضعيف جداً | لا H1 في جسم المحتوى | نقص H2 | مقتطف ناقص | صورة بارزة مفقودة,عدد الكلمات 28 < 1000؛ محتوى قصير جداً (<300 كلمة)؛ لا H1 داخل جسم المقالة (ووردبريس عادةً يعرض العنوان كـ H1 من القالب)؛ عدد H2 = 0؛ مقتطف فارغ أو قصير؛ لا توجد صورة بارزة,,,
97,post,شركة تركيب ورق الجدران في الشارقة,https://max-art-ae.com/wallpaper-installation-company-in-sharjah/,2026-09-11,3119,0,6,31,ورق جدران,ورق جدران,0,2567,لا H1 في جسم المحتوى,لا H1 داخل جسم المقالة (ووردبريس عادةً يعرض العنوان كـ H1 من القالب),,,مقدمة | خدمات شركة تركيب ورق الجدران في {LOC} | فوائد تركيب ورق الجدران | عوامل اختيار شركة تركيب ورق الجدران الأفضل | كيفية العناية بورق الجدران والحفاظ عليه | خلاصة
2532,post,شركة تركيب بديل الحجر في الشارقة,https://max-art-ae.com/stone-alternative-installation-in-sharjah/,2026-09-11,2836,0,6,12,,صيانة عامة,1,2569,لا H1 في جسم المحتوى,لا H1 داخل جسم المقالة (ووردبريس عادةً يعرض العنوان كـ H1 من القالب),,,مقدمة | خدمات شركة ماكس آرت | عوامل تأثير تركيب بديل الحجر | عوامل تأثير تركيب بديل الحجر | كيفية الاختيار الصحيح لشركة تركيب بديل الحجر | خطوات تركيب بديل الحجر مع شركة ماكس آرت
2758,post,شركة كشف تسربات بدون تكسير في مدينة محمد بن زايد,https://max-art-ae.com/shrkh-kshf-tsrbat-bdwn-tksyr-fy-mdynh-mhmd-bn-zayd/,2026-09-11,1473,0,8,14,كشف/إصلاح تسربات,كشف/إصلاح تسربات,13,2585,قالب/نصوص نمطية | لا H1 في جسم المحتوى | صورة بارزة مكررة على نطاق واسع,عبارات نمطية: كتب هذا المقال؛ آخر تحديث؛ مراجعة:؛ فريق ماكس آرت؛ هي خدمة متخصصة تُقدّمها؛ باستخدام أحدث الأجهزة والمعدات؛ لا H1 داخل جسم المقالة (ووردبريس عادةً يعرض العنوان كـ H1 من القالب)؛ نفس الصورة البارزة مستخدمة على 281 عنصراً (ID 2585),,,كل ما تحتاج معرفته عن كشف تسربات بدون تكسير في مدينة محمد بن زايد 2026 | علامات تحتاج فيها كشف تسربات بدون تكسير في مدينة محمد بن زايد فورا | الأسباب الجذرية لمشكلات كشف تسربات بدون تكسير في مدينة محمد بن زايد وكيف يشخصها الخبراء | كيف تتم كشف تسربات بدون تكسير في مدينة محمد بن زايد خطوة بخطوة بأيدي متخصصين | أخطاء شائعة يقع فيها أصحاب المنازل عند طلب كشف تسربات بدون تكسير في مدينة محمد بن زايد | خدمات ماكس آرت + جدول الأسعار التقريبية ل كشف تسربات بدون تكسير في مدينة محمد بن زايد | الأسئلة الشائعة عن كشف تسربات بدون تكسير في مدينة محمد بن زايد — إجابات خبراء ماكس آرت | لماذا ماكس آرت هي الخيار الأول ل كشف تسربات بدون تكسير في مدينة محمد بن زايد؟
2788,post,شركة كشف تسربات بدون تكسير في وسط مدينة دبي,https://max-art-ae.com/shrkh-kshf-tsrbat-bdwn-tksyr-fy-wst-mdynh-dby/,2026-09-11,1459,0,8,14,كشف/إصلاح تسربات,كشف/إصلاح تسربات,15,2585,قالب/نصوص نمطية | لا H1 في جسم المحتوى | صورة بارزة مكررة على نطاق واسع,عبارات نمطية: كتب هذا المقال؛ آخر تحديث؛ مراجعة:؛ فريق ماكس آرت؛ هي خدمة متخصصة تُقدّمها؛ باستخدام أحدث الأجهزة والمعدات؛ لا H1 داخل جسم المقالة (ووردبريس عادةً يعرض العنوان كـ H1 من القالب)؛ نفس الصورة البارزة مستخدمة على 281 عنصراً (ID 2585),,,كل ما تحتاج معرفته عن كشف تسربات بدون تكسير في وسط مدينة {LOC} 2026 | علامات تحتاج فيها كشف تسربات بدون تكسير في وسط مدينة {LOC} فورا | الأسباب الجذرية لمشكلات كشف تسربات بدون تكسير في وسط مدينة {LOC} وكيف يشخصها الخبراء | كيف تتم كشف تسربات بدون تكسير في وسط مدينة {LOC} خطوة بخطوة بأيدي متخصصين | أخطاء شائعة يقع فيها أصحاب المنازل عند طلب كشف تسربات بدون تكسير في وسط مدينة {LOC} | خدمات ماكس آرت + جدول الأسعار التقريبية ل كشف تسربات بدون تكسير في وسط مدينة {LOC} | الأسئلة الشائعة عن كشف تسربات بدون تكسير في وسط مدينة {LOC} — إجابات خبراء ماكس آرت | لماذا ماكس آرت هي الخيار الأول ل كشف تسربات بدون تكسير في وسط مدينة {LOC}؟
2785,post,شركة كشف تسربات بدون تكسير في واحة دبي للسيليكون,https://max-art-ae.com/shrkh-kshf-tsrbat-bdwn-tksyr-fy-wahh-dby-llsylykwn/,2026-09-11,1457,0,8,14,كشف/إصلاح تسربات,كشف/إصلاح تسربات,14,2585,قالب/نصوص نمطية | لا H1 في جسم المحتوى | صورة بارزة مكررة على نطاق واسع,عبارات نمطية: كتب هذا المقال؛ آخر تحديث؛ مراجعة:؛ فريق ماكس آرت؛ هي خدمة متخصصة تُقدّمها؛ باستخدام أحدث الأجهزة والمعدات؛ لا H1 داخل جسم المقالة (ووردبريس عادةً يعرض العنوان كـ H1 من القالب)؛ Schema JSON-LD مضمّن داخل المحتوى؛ نفس الصورة البارزة مستخدمة على 281 عنصراً (ID 2585),,,كل ما تحتاج معرفته عن كشف تسربات بدون تكسير في واحة {LOC} للسيليكون 2026 | علامات تحتاج فيها كشف تسربات بدون تكسير في واحة {LOC} للسيليكون فورا | الأسباب الجذرية لمشكلات كشف تسربات بدون تكسير في واحة {LOC} للسيليكون وكيف يشخصها الخبراء | كيف تتم كشف تسربات بدون تكسير في واحة {LOC} للسيليكون خطوة بخطوة بأيدي متخصصين | أخطاء شائعة يقع فيها أصحاب المنازل عند طلب كشف تسربات بدون تكسير في واحة {LOC} للسيليكون | خدمات ماكس آرت + جدول الأسعار التقريبية ل كشف تسربات بدون تكسير في واحة {LOC} للسيليكون | الأسئلة الشائعة عن كشف تسربات بدون تكسير في واحة {LOC} للسيليكون — إجابات خبراء ماكس آرت | لماذا ماكس آرت هي الخيار الأول ل كشف تسربات بدون تكسير في واحة {LOC} للسيليكون؟
2786,post,شركة كشف تسربات بدون تكسير في جميرا فيليج سيركل,https://max-art-ae.com/shrkh-kshf-tsrbat-bdwn-tksyr-fy-jmyra-fylyj-syrkl/,2026-09-11,1452,0,8,14,كشف/إصلاح تسربات,كشف/إصلاح تسربات,13,2585,قالب/نصوص نمطية | لا H1 في جسم المحتوى | صورة بارزة مكررة على نطاق واسع,عبارات نمطية: كتب هذا المقال؛ آخر تحديث؛ مراجعة:؛ فريق ماكس آرت؛ هي خدمة متخصصة تُقدّمها؛ باستخدام أحدث الأجهزة والمعدات؛ لا H1 داخل جسم المقالة (ووردبريس عادةً يعرض العنوان كـ H1 من القالب)؛ نفس الصورة البارزة مستخدمة على 281 عنصراً (ID 2585),,,كل ما تحتاج معرفته عن كشف تسربات بدون تكسير في {LOC} فيليج سيركل 2026 | علامات تحتاج فيها كشف تسربات بدون تكسير في {LOC} فيليج سيركل فورا | الأسباب الجذرية لمشكلات كشف تسربات بدون تكسير في {LOC} فيليج سيركل وكيف يشخصها الخبراء | كيف تتم كشف تسربات بدون تكسير في {LOC} فيليج سيركل خطوة بخطوة بأيدي متخصصين | أخطاء شائعة يقع فيها أصحاب المنازل عند طلب كشف تسربات بدون تكسير في {LOC} فيليج سيركل | خدمات ماكس آرت + جدول الأسعار التقريبية ل كشف تسربات بدون تكسير في {LOC} فيليج سيركل | الأسئلة الشائعة عن كشف تسربات بدون تكسير في {LOC} فيليج سيركل — إجابات خبراء ماكس آرت | لماذا ماكس آرت هي الخيار الأول ل كشف تسربات بدون تكسير في {LOC} فيليج سيركل؟
2866,post,شركة كشف تسربات التكييف في مدينة محمد بن زايد,https://max-art-ae.com/shrkh-kshf-tsrbat-altkyyf-fy-mdynh-mhmd-bn-zayd/,2026-09-11,1447,0,8,14,كشف/إصلاح تسربات,كشف/إصلاح تسربات,14,2585,قالب/نصوص نمطية | لا H1 في جسم المحتوى | صورة بارزة مكررة على نطاق واسع,عبارات نمطية: كتب هذا المقال؛ آخر تحديث؛ مراجعة:؛ فريق ماكس آرت؛ هي خدمة متخصصة تُقدّمها؛ باستخدام أحدث الأجهزة والمعدات؛ لا H1 داخل جسم المقالة (ووردبريس عادةً يعرض العنوان كـ H1 من القالب)؛ نفس الصورة البارزة مستخدمة على 281 عنصراً (ID 2585),,,كل ما تحتاج معرفته عن كشف تسربات التكييف في مدينة محمد بن زايد 2026 | علامات تحتاج فيها كشف تسربات التكييف في مدينة محمد بن زايد فورا | الأسباب الجذرية لمشكلات كشف تسربات التكييف في مدينة محمد بن زايد وكيف يشخصها الخبراء | كيف تتم كشف تسربات التكييف في مدينة محمد بن زايد خطوة بخطوة بأيدي متخصصين | أخطاء شائعة يقع فيها أصحاب المنازل عند طلب كشف تسربات التكييف في مدينة محمد بن زايد | خدمات ماكس آرت + جدول الأسعار التقريبية ل كشف تسربات التكييف في مدينة محمد بن زايد | الأسئلة الشائعة عن كشف تسربات التكييف في مدينة محمد بن زايد — إجابات خبراء ماكس آرت | لماذا ماكس آرت هي الخيار الأول ل كشف تسربات التكييف في مدينة محمد بن زايد؟
2812,post,شركة كشف تسربات الغاز في مدينة محمد بن زايد,https://max-art-ae.com/shrkh-kshf-tsrbat-alghaz-fy-mdynh-mhmd-bn-zayd/,2026-09-11,1435,0,8,14,كشف/إصلاح تسربات,كشف/إصلاح تسربات,14,2585,قالب/نصوص نمطية | لا H1 في جسم المحتوى | صورة بارزة مكررة على نطاق واسع,عبارات نمطية: كتب هذا المقال؛ آخر تحديث؛ مراجعة:؛ فريق ماكس آرت؛ هي خدمة متخصصة تُقدّمها؛ باستخدام أحدث الأجهزة والمعدات؛ لا H1 داخل جسم المقالة (ووردبريس عادةً يعرض العنوان كـ H1 من القالب)؛ نفس الصورة البارزة مستخدمة على 281 عنصراً (ID 2585),,,كل ما تحتاج معرفته عن كشف تسربات الغاز في مدينة محمد بن زايد 2026 | علامات تحتاج فيها كشف تسربات الغاز في مدينة محمد بن زايد فورا | الأسباب الجذرية لمشكلات كشف تسربات الغاز في مدينة محمد بن زايد وكيف يشخصها الخبراء | كيف تتم كشف تسربات الغاز في مدينة محمد بن زايد خطوة بخطوة بأيدي متخصصين | أخطاء شائعة يقع فيها أصحاب المنازل عند طلب كشف تسربات الغاز في مدينة محمد بن زايد | خدمات ماكس آرت + جدول الأسعار التقريبية ل كشف تسربات الغاز في مدينة محمد بن زايد | الأسئلة الشائعة عن كشف تسربات الغاز في مدينة محمد بن زايد — إجابات خبراء ماكس آرت | لماذا ماكس آرت هي الخيار الأول ل كشف تسربات الغاز في مدينة محمد بن زايد؟
2704,post,شركة كشف تسربات المياه في مدينة محمد بن زايد,https://max-art-ae.com/shrkh-kshf-tsrbat-almyah-fy-mdynh-mhmd-bn-zayd/,2026-09-11,1433,0,8,14,كشف/إصلاح تسربات,كشف/إصلاح تسربات,13,2585,قالب/نصوص نمطية | لا H1 في جسم المحتوى | صورة بارزة مكررة على نطاق واسع,عبارات نمطية: كتب هذا المقال؛ آخر تحديث؛ مراجعة:؛ فريق ماكس آرت؛ هي خدمة متخصصة تُقدّمها؛ باستخدام أحدث الأجهزة والمعدات؛ لا H1 داخل جسم المقالة (ووردبريس عادةً يعرض العنوان كـ H1 من القالب)؛ نفس الصورة البارزة مستخدمة على 281 عنصراً (ID 2585),,,كل ما تحتاج معرفته عن كشف تسربات المياه في مدينة محمد بن زايد 2026 | علامات تحتاج فيها كشف تسربات المياه في مدينة محمد بن زايد فورا | الأسباب الجذرية لمشكلات كشف تسربات المياه في مدينة محمد بن زايد وكيف يشخصها الخبراء | كيف تتم كشف تسربات المياه في مدينة محمد بن زايد خطوة بخطوة بأيدي متخصصين | أخطاء شائعة يقع فيها أصحاب المنازل عند طلب كشف تسربات المياه في مدينة محمد بن زايد | خدمات ماكس آرت + جدول الأسعار التقريبية ل كشف تسربات المياه في مدينة محمد بن زايد | الأسئلة الشائعة عن كشف تسربات المياه في مدينة محمد بن زايد — إجابات خبراء ماكس آرت | لماذا ماكس آرت هي الخيار الأول ل كشف تسربات المياه في مدينة محمد بن زايد؟
2920,post,شركة إصلاح تسرب المياه في مدينة محمد بن زايد,https://max-art-ae.com/shrkh-aslah-tsrb-almyah-fy-mdynh-mhmd-bn-zayd/,2026-09-11,1432,0,8,14,كشف/إصلاح تسربات,كشف/إصلاح تسربات,14,2585,قالب/نصوص نمطية | لا H1 في جسم المحتوى | صورة بارزة مكررة على نطاق واسع,عبارات نمطية: كتب هذا المقال؛ آخر تحديث؛ مراجعة:؛ فريق ماكس آرت؛ هي خدمة متخصصة تُقدّمها؛ باستخدام أحدث الأجهزة والمعدات؛ لا H1 داخل جسم المقالة (ووردبريس عادةً يعرض العنوان كـ H1 من القالب)؛ Schema JSON-LD مضمّن داخل المحتوى؛ نفس الصورة البارزة مستخدمة على 281 عنصراً (ID 2585),,,كل ما تحتاج معرفته عن إصلاح تسرب المياه في مدينة محمد بن زايد 2026 | علامات تحتاج فيها إصلاح تسرب المياه في مدينة محمد بن زايد فورا | الأسباب الجذرية لمشكلات إصلاح تسرب المياه في مدينة محمد بن زايد وكيف يشخصها الخبراء | كيف تتم إصلاح تسرب المياه في مدينة محمد بن زايد خطوة بخطوة بأيدي متخصصين | أخطاء شائعة يقع فيها أصحاب المنازل عند طلب إصلاح تسرب المياه في مدينة محمد بن زايد | خدمات ماكس آرت + جدول الأسعار التقريبية ل إصلاح تسرب المياه في مدينة محمد بن زايد | الأسئلة الشائعة عن إصلاح تسرب المياه في مدينة محمد بن زايد — إجابات خبراء ماكس آرت | لماذا ماكس آرت هي الخيار الأول ل إصلاح تسرب المياه في مدينة محمد بن زايد؟
2783,post,شركة كشف تسربات بدون تكسير في المرابع العربية,https://max-art-ae.com/shrkh-kshf-tsrbat-bdwn-tksyr-fy-almraba-alarbyh/,2026-09-11,1429,0,8,14,كشف/إصلاح تسربات,كشف/إصلاح تسربات,13,2585,قالب/نصوص نمطية | لا H1 في جسم المحتوى | صورة بارزة مكررة على نطاق واسع,عبارات نمطية: كتب هذا المقال؛ آخر تحديث؛ مراجعة:؛ فريق ماكس آرت؛ هي خدمة متخصصة تُقدّمها؛ باستخدام أحدث الأجهزة والمعدات؛ لا H1 داخل جسم المقالة (ووردبريس عادةً يعرض العنوان كـ H1 من القالب)؛ نفس الصورة البارزة مستخدمة على 281 عنصراً (ID 2585),,,كل ما تحتاج معرفته عن كشف تسربات بدون تكسير في المرابع العربية 2026 | علامات تحتاج فيها كشف تسربات بدون تكسير في المرابع العربية فورا | الأسباب الجذرية لمشكلات كشف تسربات بدون تكسير في المرابع العربية وكيف يشخصها الخبراء | كيف تتم كشف تسربات بدون تكسير في المرابع العربية خطوة بخطوة بأيدي متخصصين | أخطاء شائعة يقع فيها أصحاب المنازل عند طلب كشف تسربات بدون تكسير في المرابع العربية | خدمات ماكس آرت + جدول الأسعار التقريبية ل كشف تسربات بدون تكسير في المرابع العربية | الأسئلة الشائعة عن كشف تسربات بدون تكسير في المرابع العربية — إجابات خبراء ماكس آرت | لماذا ماكس آرت هي الخيار الأول ل كشف تسربات بدون تكسير في المرابع العربية؟
2787,post,شركة كشف تسربات بدون تكسير في نخلة جميرا,https://max-art-ae.com/shrkh-kshf-tsrbat-bdwn-tksyr-fy-nkhlh-jmyra/,2026-09-11,1428,0,8,14,كشف/إصلاح تسربات,كشف/إصلاح تسربات,14,2585,قالب/نصوص نمطية | لا H1 في جسم المحتوى | صورة بارزة مكررة على نطاق واسع,عبارات نمطية: كتب هذا المقال؛ آخر تحديث؛ مراجعة:؛ فريق ماكس آرت؛ هي خدمة متخصصة تُقدّمها؛ باستخدام أحدث الأجهزة والمعدات؛ لا H1 داخل جسم المقالة (ووردبريس عادةً يعرض العنوان كـ H1 من القالب)؛ نفس الصورة البارزة مستخدمة على 281 عنصراً (ID 2585),,,كل ما تحتاج معرفته عن كشف تسربات بدون تكسير في نخلة {LOC} 2026 | علامات تحتاج فيها كشف تسربات بدون تكسير في نخلة {LOC} فورا | الأسباب الجذرية لمشكلات كشف تسربات بدون تكسير في نخلة {LOC} وكيف يشخصها الخبراء | كيف تتم كشف تسربات بدون تكسير في نخلة {LOC} خطوة بخطوة بأيدي متخصصين | أخطاء شائعة يقع فيها أصحاب المنازل عند طلب كشف تسربات بدون تكسير في نخلة {LOC} | خدمات ماكس آرت + جدول الأسعار التقريبية ل كشف تسربات بدون تكسير في نخلة {LOC} | الأسئلة الشائعة عن كشف تسربات بدون تكسير في نخلة {LOC} — إجابات خبراء ماكس آرت | لماذا ماكس آرت هي الخيار الأول ل كشف تسربات بدون تكسير في نخلة {LOC}؟
2757,post,شركة كشف تسربات بدون تكسير في مدينة خليفة,https://max-art-ae.com/shrkh-kshf-tsrbat-bdwn-tksyr-fy-mdynh-khlyfh/,2026-09-11,1422,0,8,14,كشف/إصلاح تسربات,كشف/إصلاح تسربات,13,2585,قالب/نصوص نمطية | لا H1 في جسم المحتوى | صورة بارزة مكررة على نطاق واسع,عبارات نمطية: كتب هذا المقال؛ آخر تحديث؛ مراجعة:؛ فريق ماكس آرت؛ هي خدمة متخصصة تُقدّمها؛ باستخدام أحدث الأجهزة والمعدات؛ لا H1 داخل جسم المقالة (ووردبريس عادةً يعرض العنوان كـ H1 من القالب)؛ نفس الصورة البارزة مستخدمة على 281 عنصراً (ID 2585),,,كل ما تحتاج معرفته عن كشف تسربات بدون تكسير في مدينة خليفة 2026 | علامات تحتاج فيها كشف تسربات بدون تكسير في مدينة خليفة فورا | الأسباب الجذرية لمشكلات كشف تسربات بدون تكسير في مدينة خليفة وكيف يشخصها الخبراء | كيف تتم كشف تسربات بدون تكسير في مدينة خليفة خطوة بخطوة بأيدي متخصصين | أخطاء شائعة يقع فيها أصحاب المنازل عند طلب كشف تسربات بدون تكسير في مدينة خليفة | خدمات ماكس آرت + جدول الأسعار التقريبية ل كشف تسربات بدون تكسير في مدينة خليفة | الأسئلة الشائعة عن كشف تسربات بدون تكسير في مدينة خليفة — إجابات خبراء ماكس آرت | لماذا ماكس آرت هي الخيار الأول ل كشف تسربات بدون تكسير في مدينة خليفة؟
2780,post,شركة كشف تسربات بدون تكسير في الجزيرة الحمراء,https://max-art-ae.com/shrkh-kshf-tsrbat-bdwn-tksyr-fy-aljzyrh-alhmra/,2026-09-11,1420,0,8,14,كشف/إصلاح تسربات,كشف/إصلاح تسربات,14,2585,قالب/نصوص نمطية | لا H1 في جسم المحتوى | صورة بارزة مكررة على نطاق واسع,عبارات نمطية: كتب هذا المقال؛ آخر تحديث؛ مراجعة:؛ فريق ماكس آرت؛ هي خدمة متخصصة تُقدّمها؛ باستخدام أحدث الأجهزة والمعدات؛ لا H1 داخل جسم المقالة (ووردبريس عادةً يعرض العنوان كـ H1 من القالب)؛ نفس الصورة البارزة مستخدمة على 281 عنصراً (ID 2585),,,كل ما تحتاج معرفته عن كشف تسربات بدون تكسير في الجزيرة الحمراء 2026 | علامات تحتاج فيها كشف تسربات بدون تكسير في الجزيرة الحمراء فورا | الأسباب الجذرية لمشكلات كشف تسربات بدون تكسير في الجزيرة الحمراء وكيف يشخصها الخبراء | كيف تتم كشف تسربات بدون تكسير في الجزيرة الحمراء خطوة بخطوة بأيدي متخصصين | أخطاء شائعة يقع فيها أصحاب المنازل عند طلب كشف تسربات بدون تكسير في الجزيرة الحمراء | خدمات ماكس آرت + جدول الأسعار التقريبية ل كشف تسربات بدون تكسير في الجزيرة الحمراء | الأسئلة الشائعة عن كشف تسربات بدون تكسير في الجزيرة الحمراء — إجابات خبراء ماكس آرت | لماذا ماكس آرت هي الخيار الأول ل كشف تسربات بدون تكسير في الجزيرة الحمراء؟
2759,post,شركة كشف تسربات بدون تكسير في مدينة شخبوط,https://max-art-ae.com/shrkh-kshf-tsrbat-bdwn-tksyr-fy-mdynh-shkhbwt/,2026-09-11,1420,0,8,14,كشف/إصلاح تسربات,كشف/إصلاح تسربات,13,2585,قالب/نصوص نمطية | لا H1 في جسم المحتوى | صورة بارزة مكررة على نطاق واسع,عبارات نمطية: كتب هذا المقال؛ آخر تحديث؛ مراجعة:؛ فريق ماكس آرت؛ هي خدمة متخصصة تُقدّمها؛ باستخدام أحدث الأجهزة والمعدات؛ لا H1 داخل جسم المقالة (ووردبريس عادةً يعرض العنوان كـ H1 من القالب)؛ نفس الصورة البارزة مستخدمة على 281 عنصراً (ID 2585),,,كل ما تحتاج معرفته عن كشف تسربات بدون تكسير في مدينة شخبوط 2026 | علامات تحتاج فيها كشف تسربات بدون تكسير في مدينة شخبوط فورا | الأسباب الجذرية لمشكلات كشف تسربات بدون تكسير في مدينة شخبوط وكيف يشخصها الخبراء | كيف تتم كشف تسربات بدون تكسير في مدينة شخبوط خطوة بخطوة بأيدي متخصصين | أخطاء شائعة يقع فيها أصحاب المنازل عند طلب كشف تسربات بدون تكسير في مدينة شخبوط | خدمات ماكس آرت + جدول الأسعار التقريبية ل كشف تسربات بدون تكسير في مدينة شخبوط | الأسئلة الشائعة عن كشف تسربات بدون تكسير في مدينة شخبوط — إجابات خبراء ماكس آرت | لماذا ماكس آرت هي الخيار الأول ل كشف تسربات بدون تكسير في مدينة شخبوط؟
2749,post,شركة كشف تسربات بدون تكسير في بر دبي,https://max-art-ae.com/shrkh-kshf-tsrbat-bdwn-tksyr-fy-br-dby/,2026-09-11,1420,0,8,14,كشف/إصلاح تسربات,كشف/إصلاح تسربات,14,2585,قالب/نصوص نمطية | لا H1 في جسم المحتوى | صورة بارزة مكررة على نطاق واسع | محتوى مكرر/متشابه | تآكل كلمات مفتاحية,عبارات نمطية: كتب هذا المقال؛ آخر تحديث؛ مراجعة:؛ فريق ماكس آرت؛ هي خدمة متخصصة تُقدّمها؛ باستخدام أحدث الأجهزة والمعدات؛ لا H1 داخل جسم المقالة (ووردبريس عادةً يعرض العنوان كـ H1 من القالب)؛ نفس الصورة البارزة مستخدمة على 281 عنصراً (ID 2585)؛ متشابه جداً مع مقالات أخرى في DUP-004 (23)؛ 23 مقالات تتنافس على نية شبه مطابقة,DUP-004 (23),CAN-004 (23),كل ما تحتاج معرفته عن كشف تسربات بدون تكسير في {LOC} 2026 | علامات تحتاج فيها كشف تسربات بدون تكسير في {LOC} فورا | الأسباب الجذرية لمشكلات كشف تسربات بدون تكسير في {LOC} وكيف يشخصها الخبراء | كيف تتم كشف تسربات بدون تكسير في {LOC} خطوة بخطوة بأيدي متخصصين | أخطاء شائعة يقع فيها أصحاب المنازل عند طلب كشف تسربات بدون تكسير في {LOC} | خدمات ماكس آرت + جدول الأسعار التقريبية ل كشف تسربات بدون تكسير في {LOC} | الأسئلة الشائعة عن كشف تسربات بدون تكسير في {LOC} — إجابات خبراء ماكس آرت | لماذا ماكس آرت هي الخيار الأول ل كشف تسربات بدون تكسير في {LOC}؟
2741,post,شركة كشف تسربات بدون تكسير في رأس الخيمة,https://max-art-ae.com/shrkh-kshf-tsrbat-bdwn-tksyr-fy-ras-alkhymh/,2026-09-11,1419,0,8,14,كشف/إصلاح تسربات,كشف/إصلاح تسربات,15,2585,قالب/نصوص نمطية | لا H1 في جسم المحتوى | صورة بارزة مكررة على نطاق واسع | محتوى مكرر/متشابه | تآكل كلمات مفتاحية,عبارات نمطية: كتب هذا المقال؛ آخر تحديث؛ مراجعة:؛ فريق ماكس آرت؛ هي خدمة متخصصة تُقدّمها؛ باستخدام أحدث الأجهزة والمعدات؛ لا H1 داخل جسم المقالة (ووردبريس عادةً يعرض العنوان كـ H1 من القالب)؛ Schema JSON-LD مضمّن داخل المحتوى؛ نفس الصورة البارزة مستخدمة على 281 عنصراً (ID 2585)؛ متشابه جداً مع مقالات أخرى في DUP-004 (23)؛ 23 مقالات تتنافس على نية شبه مطابقة,DUP-004 (23),CAN-004 (23),كل ما تحتاج معرفته عن كشف تسربات بدون تكسير في {LOC} 2026 | علامات تحتاج فيها كشف تسربات بدون تكسير في {LOC} فورا | الأسباب الجذرية لمشكلات كشف تسربات بدون تكسير في {LOC} وكيف يشخصها الخبراء | كيف تتم كشف تسربات بدون تكسير في {LOC} خطوة بخطوة بأيدي متخصصين | أخطاء شائعة يقع فيها أصحاب المنازل عند طلب كشف تسربات بدون تكسير في {LOC} | خدمات ماكس آرت + جدول الأسعار التقريبية ل كشف تسربات بدون تكسير في {LOC} | الأسئلة الشائعة عن كشف تسربات بدون تكسير في {LOC} — إجابات خبراء ماكس آرت | لماذا ماكس آرت هي الخيار الأول ل كشف تسربات بدون تكسير في {LOC}؟
2743,post,شركة كشف تسربات بدون تكسير في أم القيوين,https://max-art-ae.com/shrkh-kshf-tsrbat-bdwn-tksyr-fy-am-alqywyn/,2026-09-11,1416,0,8,14,كشف/إصلاح تسربات,كشف/إصلاح تسربات,14,2585,قالب/نصوص نمطية | لا H1 في جسم المحتوى | صورة بارزة مكررة على نطاق واسع | محتوى مكرر/متشابه | تآكل كلمات مفتاحية,عبارات نمطية: كتب هذا المقال؛ آخر تحديث؛ مراجعة:؛ فريق ماكس آرت؛ هي خدمة متخصصة تُقدّمها؛ باستخدام أحدث الأجهزة والمعدات؛ لا H1 داخل جسم المقالة (ووردبريس عادةً يعرض العنوان كـ H1 من القالب)؛ Schema JSON-LD مضمّن داخل المحتوى؛ نفس الصورة البارزة مستخدمة على 281 عنصراً (ID 2585)؛ متشابه جداً مع مقالات أخرى في DUP-004 (23)؛ 23 مقالات تتنافس على نية شبه مطابقة,DUP-004 (23),CAN-004 (23),كل ما تحتاج معرفته عن كشف تسربات بدون تكسير في {LOC} 2026 | علامات تحتاج فيها كشف تسربات بدون تكسير في {LOC} فورا | الأسباب الجذرية لمشكلات كشف تسربات بدون تكسير في {LOC} وكيف يشخصها الخبراء | كيف تتم كشف تسربات بدون تكسير في {LOC} خطوة بخطوة بأيدي متخصصين | أخطاء شائعة يقع فيها أصحاب المنازل عند طلب كشف تسربات بدون تكسير في {LOC} | خدمات ماكس آرت + جدول الأسعار التقريبية ل كشف تسربات بدون تكسير في {LOC} | الأسئلة الشائعة عن كشف تسربات بدون تكسير في {LOC} — إجابات خبراء ماكس آرت | لماذا ماكس آرت هي الخيار الأول ل كشف تسربات بدون تكسير في {LOC}؟
2894,post,شركة كشف تسربات التكييف في جميرا فيليج سيركل,https://max-art-ae.com/shrkh-kshf-tsrbat-altkyyf-fy-jmyra-fylyj-syrkl/,2026-09-11,1414,0,8,14,كشف/إصلاح تسربات,كشف/إصلاح تسربات,14,2585,قالب/نصوص نمطية | لا H1 في جسم المحتوى | صورة بارزة مكررة على نطاق واسع,عبارات نمطية: كتب هذا المقال؛ آخر تحديث؛ مراجعة:؛ فريق ماكس آرت؛ هي خدمة متخصصة تُقدّمها؛ باستخدام أحدث الأجهزة والمعدات؛ لا H1 داخل جسم المقالة (ووردبريس عادةً يعرض العنوان كـ H1 من القالب)؛ Schema JSON-LD مضمّن داخل المحتوى؛ نفس الصورة البارزة مستخدمة على 281 عنصراً (ID 2585),,,كل ما تحتاج معرفته عن كشف تسربات التكييف في {LOC} فيليج سيركل 2026 | علامات تحتاج فيها كشف تسربات التكييف في {LOC} فيليج سيركل فورا | الأسباب الجذرية لمشكلات كشف تسربات التكييف في {LOC} فيليج سيركل وكيف يشخصها الخبراء | كيف تتم كشف تسربات التكييف في {LOC} فيليج سيركل خطوة بخطوة بأيدي متخصصين | أخطاء شائعة يقع فيها أصحاب المنازل عند طلب كشف تسربات التكييف في {LOC} فيليج سيركل | خدمات ماكس آرت + جدول الأسعار التقريبية ل كشف تسربات التكييف في {LOC} فيليج سيركل | الأسئلة الشائعة عن كشف تسربات التكييف في {LOC} فيليج سيركل — إجابات خبراء ماكس آرت | لماذا ماكس آرت هي الخيار الأول ل كشف تسربات التكييف في {LOC} فيليج سيركل؟
2782,post,شركة كشف تسربات بدون تكسير في دبا الفجيرة,https://max-art-ae.com/shrkh-kshf-tsrbat-bdwn-tksyr-fy-dba-alfjyrh/,2026-09-11,1413,0,8,14,كشف/إصلاح تسربات,كشف/إصلاح تسربات,14,2585,قالب/نصوص نمطية | لا H1 في جسم المحتوى | صورة بارزة مكررة على نطاق واسع,عبارات نمطية: كتب هذا المقال؛ آخر تحديث؛ مراجعة:؛ فريق ماكس آرت؛ هي خدمة متخصصة تُقدّمها؛ باستخدام أحدث الأجهزة والمعدات؛ لا H1 داخل جسم المقالة (ووردبريس عادةً يعرض العنوان كـ H1 من القالب)؛ نفس الصورة البارزة مستخدمة على 281 عنصراً (ID 2585),,,كل ما تحتاج معرفته عن كشف تسربات بدون تكسير في {LOC} {LOC} 2026 | علامات تحتاج فيها كشف تسربات بدون تكسير في {LOC} {LOC} فورا | الأسباب الجذرية لمشكلات كشف تسربات بدون تكسير في {LOC} {LOC} وكيف يشخصها الخبراء | كيف تتم كشف تسربات بدون تكسير في {LOC} {LOC} خطوة بخطوة بأيدي متخصصين | أخطاء شائعة يقع فيها أصحاب المنازل عند طلب كشف تسربات بدون تكسير في {LOC} {LOC} | خدمات ماكس آرت + جدول الأسعار التقريبية ل كشف تسربات بدون تكسير في {LOC} {LOC} | الأسئلة الشائعة عن كشف تسربات بدون تكسير في {LOC} {LOC} — إجابات خبراء ماكس آرت | لماذا ماكس آرت هي الخيار الأول ل كشف تسربات بدون تكسير في {LOC} {LOC}؟
2789,post,شركة كشف تسربات بدون تكسير في الخليج التجاري,https://max-art-ae.com/shrkh-kshf-tsrbat-bdwn-tksyr-fy-alkhlyj-altjary/,2026-09-11,1411,0,8,14,كشف/إصلاح تسربات,كشف/إصلاح تسربات,14,2585,قالب/نصوص نمطية | لا H1 في جسم المحتوى | صورة بارزة مكررة على نطاق واسع,عبارات نمطية: كتب هذا المقال؛ آخر تحديث؛ مراجعة:؛ فريق ماكس آرت؛ هي خدمة متخصصة تُقدّمها؛ باستخدام أحدث الأجهزة والمعدات؛ لا H1 داخل جسم المقالة (ووردبريس عادةً يعرض العنوان كـ H1 من القالب)؛ نفس الصورة البارزة مستخدمة على 281 عنصراً (ID 2585),,,كل ما تحتاج معرفته عن كشف تسربات بدون تكسير في الخليج التجاري 2026 | علامات تحتاج فيها كشف تسربات بدون تكسير في الخليج التجاري فورا | الأسباب الجذرية لمشكلات كشف تسربات بدون تكسير في الخليج التجاري وكيف يشخصها الخبراء | كيف تتم كشف تسربات بدون تكسير في الخليج التجاري خطوة بخطوة بأيدي متخصصين | أخطاء شائعة يقع فيها أصحاب المنازل عند طلب كشف تسربات بدون تكسير في الخليج التجاري | خدمات ماكس آرت + جدول الأسعار التقريبية ل كشف تسربات بدون تكسير في الخليج التجاري | الأسئلة الشائعة عن كشف تسربات بدون تكسير في الخليج التجاري — إجابات خبراء ماكس آرت | لماذا ماكس آرت هي الخيار الأول ل كشف تسربات بدون تكسير في الخليج التجاري؟
2896,post,شركة كشف تسربات التكييف في وسط مدينة دبي,https://max-art-ae.com/shrkh-kshf-tsrbat-altkyyf-fy-wst-mdynh-dby/,2026-09-11,1410,0,8,14,كشف/إصلاح تسربات,كشف/إصلاح تسربات,14,2585,قالب/نصوص نمطية | لا H1 في جسم المحتوى | صورة بارزة مكررة على نطاق واسع,عبارات نمطية: كتب هذا المقال؛ آخر تحديث؛ مراجعة:؛ فريق ماكس آرت؛ هي خدمة متخصصة تُقدّمها؛ باستخدام أحدث الأجهزة والمعدات؛ لا H1 داخل جسم المقالة (ووردبريس عادةً يعرض العنوان كـ H1 من القالب)؛ Schema JSON-LD مضمّن داخل المحتوى؛ نفس الصورة البارزة مستخدمة على 281 عنصراً (ID 2585),,,كل ما تحتاج معرفته عن كشف تسربات التكييف في وسط مدينة {LOC} 2026 | علامات تحتاج فيها كشف تسربات التكييف في وسط مدينة {LOC} فورا | الأسباب الجذرية لمشكلات كشف تسربات التكييف في وسط مدينة {LOC} وكيف يشخصها الخبراء | كيف تتم كشف تسربات التكييف في وسط مدينة {LOC} خطوة بخطوة بأيدي متخصصين | أخطاء شائعة يقع فيها أصحاب المنازل عند طلب كشف تسربات التكييف في وسط مدينة {LOC} | خدمات ماكس آرت + جدول الأسعار التقريبية ل كشف تسربات التكييف في وسط مدينة {LOC} | الأسئلة الشائعة عن كشف تسربات التكييف في وسط مدينة {LOC} — إجابات خبراء ماكس آرت | لماذا ماكس آرت هي الخيار الأول ل كشف تسربات التكييف في وسط مدينة {LOC}؟
2734,post,شركة كشف تسربات المياه في وسط مدينة دبي,https://max-art-ae.com/shrkh-kshf-tsrbat-almyah-fy-wst-mdynh-dby/,2026-09-11,1410,0,8,14,كشف/إصلاح تسربات,كشف/إصلاح تسربات,13,2585,قالب/نصوص نمطية | لا H1 في جسم المحتوى | صورة بارزة مكررة على نطاق واسع,عبارات نمطية: كتب هذا المقال؛ آخر تحديث؛ مراجعة:؛ فريق ماكس آرت؛ هي خدمة متخصصة تُقدّمها؛ باستخدام أحدث الأجهزة والمعدات؛ لا H1 داخل جسم المقالة (ووردبريس عادةً يعرض العنوان كـ H1 من القالب)؛ نفس الصورة البارزة مستخدمة على 281 عنصراً (ID 2585),,,كل ما تحتاج معرفته عن كشف تسربات المياه في وسط مدينة {LOC} 2026 | علامات تحتاج فيها كشف تسربات المياه في وسط مدينة {LOC} فورا | الأسباب الجذرية لمشكلات كشف تسربات المياه في وسط مدينة {LOC} وكيف يشخصها الخبراء | كيف تتم كشف تسربات المياه في وسط مدينة {LOC} خطوة بخطوة بأيدي متخصصين | أخطاء شائعة يقع فيها أصحاب المنازل عند طلب كشف تسربات المياه في وسط مدينة {LOC} | خدمات ماكس آرت + جدول الأسعار التقريبية ل كشف تسربات المياه في وسط مدينة {LOC} | الأسئلة الشائعة عن كشف تسربات المياه في وسط مدينة {LOC} — إجابات خبراء ماكس آرت | لماذا ماكس آرت هي الخيار الأول ل كشف تسربات المياه في وسط مدينة {LOC}؟
2893,post,شركة كشف تسربات التكييف في واحة دبي للسيليكون,https://max-art-ae.com/shrkh-kshf-tsrbat-altkyyf-fy-wahh-dby-llsylykwn/,2026-09-11,1409,0,8,14,كشف/إصلاح تسربات,كشف/إصلاح تسربات,12,2585,قالب/نصوص نمطية | لا H1 في جسم المحتوى | صورة بارزة مكررة على نطاق واسع,عبارات نمطية: كتب هذا المقال؛ آخر تحديث؛ مراجعة:؛ فريق ماكس آرت؛ هي خدمة متخصصة تُقدّمها؛ باستخدام أحدث الأجهزة والمعدات؛ لا H1 داخل جسم المقالة (ووردبريس عادةً يعرض العنوان كـ H1 من القالب)؛ نفس الصورة البارزة مستخدمة على 281 عنصراً (ID 2585),,,كل ما تحتاج معرفته عن كشف تسربات التكييف في واحة {LOC} للسيليكون 2026 | علامات تحتاج فيها كشف تسربات التكييف في واحة {LOC} للسيليكون فورا | الأسباب الجذرية لمشكلات كشف تسربات التكييف في واحة {LOC} للسيليكون وكيف يشخصها الخبراء | كيف تتم كشف تسربات التكييف في واحة {LOC} للسيليكون خطوة بخطوة بأيدي متخصصين | أخطاء شائعة يقع فيها أصحاب المنازل عند طلب كشف تسربات التكييف في واحة {LOC} للسيليكون | خدمات ماكس آرت + جدول الأسعار التقريبية ل كشف تسربات التكييف في واحة {LOC} للسيليكون | الأسئلة الشائعة عن كشف تسربات التكييف في واحة {LOC} للسيليكون — إجابات خبراء ماكس آرت | لماذا ماكس آرت هي الخيار الأول ل كشف تسربات التكييف في واحة {LOC} للسيليكون؟
2842,post,شركة كشف تسربات الغاز في وسط مدينة دبي,https://max-art-ae.com/shrkh-kshf-tsrbat-alghaz-fy-wst-mdynh-dby/,2026-09-11,1409,0,8,14,كشف/إصلاح تسربات,كشف/إصلاح تسربات,17,2585,قالب/نصوص نمطية | لا H1 في جسم المحتوى | صورة بارزة مكررة على نطاق واسع,عبارات نمطية: كتب هذا المقال؛ آخر تحديث؛ مراجعة:؛ فريق ماكس آرت؛ هي خدمة متخصصة تُقدّمها؛ باستخدام أحدث الأجهزة والمعدات؛ لا H1 داخل جسم المقالة (ووردبريس عادةً يعرض العنوان كـ H1 من القالب)؛ نفس الصورة البارزة مستخدمة على 281 عنصراً (ID 2585),,,كل ما تحتاج معرفته عن كشف تسربات الغاز في وسط مدينة {LOC} 2026 | علامات تحتاج فيها كشف تسربات الغاز في وسط مدينة {LOC} فورا | الأسباب الجذرية لمشكلات كشف تسربات الغاز في وسط مدينة {LOC} وكيف يشخصها الخبراء | كيف تتم كشف تسربات الغاز في وسط مدينة {LOC} خطوة بخطوة بأيدي متخصصين | أخطاء شائعة يقع فيها أصحاب المنازل عند طلب كشف تسربات الغاز في وسط مدينة {LOC} | خدمات ماكس آرت + جدول الأسعار التقريبية ل كشف تسربات الغاز في وسط مدينة {LOC} | الأسئلة الشائعة عن كشف تسربات الغاز في وسط مدينة {LOC} — إجابات خبراء ماكس آرت | لماذا ماكس آرت هي الخيار الأول ل كشف تسربات الغاز في وسط مدينة {LOC}؟
2839,post,شركة كشف تسربات الغاز في واحة دبي للسيليكون,https://max-art-ae.com/shrkh-kshf-tsrbat-alghaz-fy-wahh-dby-llsylykwn/,2026-09-11,1405,0,8,14,كشف/إصلاح تسربات,كشف/إصلاح تسربات,17,2585,قالب/نصوص نمطية | لا H1 في جسم المحتوى | صورة بارزة مكررة على نطاق واسع,عبارات نمطية: كتب هذا المقال؛ آخر تحديث؛ مراجعة:؛ فريق ماكس آرت؛ هي خدمة متخصصة تُقدّمها؛ باستخدام أحدث الأجهزة والمعدات؛ لا H1 داخل جسم المقالة (ووردبريس عادةً يعرض العنوان كـ H1 من القالب)؛ Schema JSON-LD مضمّن داخل المحتوى؛ نفس الصورة البارزة مستخدمة على 281 عنصراً (ID 2585),,,كل ما تحتاج معرفته عن كشف تسربات الغاز في واحة {LOC} للسيليكون 2026 | علامات تحتاج فيها كشف تسربات الغاز في واحة {LOC} للسيليكون فورا | الأسباب الجذرية لمشكلات كشف تسربات الغاز في واحة {LOC} للسيليكون وكيف يشخصها الخبراء | كيف تتم كشف تسربات الغاز في واحة {LOC} للسيليكون خطوة بخطوة بأيدي متخصصين | أخطاء شائعة يقع فيها أصحاب المنازل عند طلب كشف تسربات الغاز في واحة {LOC} للسيليكون | خدمات ماكس آرت + جدول الأسعار التقريبية ل كشف تسربات الغاز في واحة {LOC} للسيليكون | الأسئلة الشائعة عن كشف تسربات الغاز في واحة {LOC} للسيليكون — إجابات خبراء ماكس آرت | لماذا ماكس آرت هي الخيار الأول ل كشف تسربات الغاز في واحة {LOC} للسيليكون؟
2784,post,شركة كشف تسربات بدون تكسير في داماك هيلز,https://max-art-ae.com/shrkh-kshf-tsrbat-bdwn-tksyr-fy-damak-hylz/,2026-09-11,1404,0,8,14,كشف/إصلاح تسربات,كشف/إصلاح تسربات,13,2585,قالب/نصوص نمطية | لا H1 في جسم المحتوى | صورة بارزة مكررة على نطاق واسع,عبارات نمطية: كتب هذا المقال؛ آخر تحديث؛ مراجعة:؛ فريق ماكس آرت؛ هي خدمة متخصصة تُقدّمها؛ باستخدام أحدث الأجهزة والمعدات؛ لا H1 داخل جسم المقالة (ووردبريس عادةً يعرض العنوان كـ H1 من القالب)؛ نفس الصورة البارزة مستخدمة على 281 عنصراً (ID 2585),,,كل ما تحتاج معرفته عن كشف تسربات بدون تكسير في داماك هيلز 2026 | علامات تحتاج فيها كشف تسربات بدون تكسير في داماك هيلز فورا | الأسباب الجذرية لمشكلات كشف تسربات بدون تكسير في داماك هيلز وكيف يشخصها الخبراء | كيف تتم كشف تسربات بدون تكسير في داماك هيلز خطوة بخطوة بأيدي متخصصين | أخطاء شائعة يقع فيها أصحاب المنازل عند طلب كشف تسربات بدون تكسير في داماك هيلز | خدمات ماكس آرت + جدول الأسعار التقريبية ل كشف تسربات بدون تكسير في داماك هيلز | الأسئلة الشائعة عن كشف تسربات بدون تكسير في داماك هيلز — إجابات خبراء ماكس آرت | لماذا ماكس آرت هي الخيار الأول ل كشف تسربات بدون تكسير في داماك هيلز؟
2732,post,شركة كشف تسربات المياه في جميرا فيليج سيركل,https://max-art-ae.com/shrkh-kshf-tsrbat-almyah-fy-jmyra-fylyj-syrkl/,2026-09-11,1404,0,8,14,كشف/إصلاح تسربات,كشف/إصلاح تسربات,16,2585,قالب/نصوص نمطية | لا H1 في جسم المحتوى | صورة بارزة مكررة على نطاق واسع,عبارات نمطية: كتب هذا المقال؛ آخر تحديث؛ مراجعة:؛ فريق ماكس آرت؛ هي خدمة متخصصة تُقدّمها؛ باستخدام أحدث الأجهزة والمعدات؛ لا H1 داخل جسم المقالة (ووردبريس عادةً يعرض العنوان كـ H1 من القالب)؛ نفس الصورة البارزة مستخدمة على 281 عنصراً (ID 2585),,,كل ما تحتاج معرفته عن كشف تسربات المياه في {LOC} فيليج سيركل 2026 | علامات تحتاج فيها كشف تسربات المياه في {LOC} فيليج سيركل فورا | الأسباب الجذرية لمشكلات كشف تسربات المياه في {LOC} فيليج سيركل وكيف يشخصها الخبراء | كيف تتم كشف تسربات المياه في {LOC} فيليج سيركل خطوة بخطوة بأيدي متخصصين | أخطاء شائعة يقع فيها أصحاب المنازل عند طلب كشف تسربات المياه في {LOC} فيليج سيركل | خدمات ماكس آرت + جدول الأسعار التقريبية ل كشف تسربات المياه في {LOC} فيليج سيركل | الأسئلة الشائعة عن كشف تسربات المياه في {LOC} فيليج سيركل — إجابات خبراء ماكس آرت | لماذا ماكس آرت هي الخيار الأول ل كشف تسربات المياه في {LOC} فيليج سيركل؟
2760,post,شركة كشف تسربات بدون تكسير في بني ياس,https://max-art-ae.com/shrkh-kshf-tsrbat-bdwn-tksyr-fy-bny-yas/,2026-09-11,1402,0,8,14,كشف/إصلاح تسربات,كشف/إصلاح تسربات,17,2585,قالب/نصوص نمطية | لا H1 في جسم المحتوى | صورة بارزة مكررة على نطاق واسع,عبارات نمطية: كتب هذا المقال؛ آخر تحديث؛ مراجعة:؛ فريق ماكس آرت؛ هي خدمة متخصصة تُقدّمها؛ باستخدام أحدث الأجهزة والمعدات؛ لا H1 داخل جسم المقالة (ووردبريس عادةً يعرض العنوان كـ H1 من القالب)؛ Schema JSON-LD مضمّن داخل المحتوى؛ نفس الصورة البارزة مستخدمة على 281 عنصراً (ID 2585),,,كل ما تحتاج معرفته عن كشف تسربات بدون تكسير في بني ياس 2026 | علامات تحتاج فيها كشف تسربات بدون تكسير في بني ياس فورا | الأسباب الجذرية لمشكلات كشف تسربات بدون تكسير في بني ياس وكيف يشخصها الخبراء | كيف تتم كشف تسربات بدون تكسير في بني ياس خطوة بخطوة بأيدي متخصصين | أخطاء شائعة يقع فيها أصحاب المنازل عند طلب كشف تسربات بدون تكسير في بني ياس | خدمات ماكس آرت + جدول الأسعار التقريبية ل كشف تسربات بدون تكسير في بني ياس | الأسئلة الشائعة عن كشف تسربات بدون تكسير في بني ياس — إجابات خبراء ماكس آرت | لماذا ماكس آرت هي الخيار الأول ل كشف تسربات بدون تكسير في بني ياس؟
2756,post,شركة كشف تسربات بدون تكسير في جبل علي,https://max-art-ae.com/shrkh-kshf-tsrbat-bdwn-tksyr-fy-jbl-aly/,2026-09-11,1400,0,8,14,كشف/إصلاح تسربات,كشف/إصلاح تسربات,17,2585,قالب/نصوص نمطية | لا H1 في جسم المحتوى | صورة بارزة مكررة على نطاق واسع | محتوى مكرر/متشابه | تآكل كلمات مفتاحية,عبارات نمطية: كتب هذا المقال؛ آخر تحديث؛ مراجعة:؛ فريق ماكس آرت؛ هي خدمة متخصصة تُقدّمها؛ باستخدام أحدث الأجهزة والمعدات؛ لا H1 داخل جسم المقالة (ووردبريس عادةً يعرض العنوان كـ H1 من القالب)؛ Schema JSON-LD مضمّن داخل المحتوى؛ نفس الصورة البارزة مستخدمة على 281 عنصراً (ID 2585)؛ متشابه جداً مع مقالات أخرى في DUP-004 (23)؛ 23 مقالات تتنافس على نية شبه مطابقة,DUP-004 (23),CAN-004 (23),كل ما تحتاج معرفته عن كشف تسربات بدون تكسير في {LOC} 2026 | علامات تحتاج فيها كشف تسربات بدون تكسير في {LOC} فورا | الأسباب الجذرية لمشكلات كشف تسربات بدون تكسير في {LOC} وكيف يشخصها الخبراء | كيف تتم كشف تسربات بدون تكسير في {LOC} خطوة بخطوة بأيدي متخصصين | أخطاء شائعة يقع فيها أصحاب المنازل عند طلب كشف تسربات بدون تكسير في {LOC} | خدمات ماكس آرت + جدول الأسعار التقريبية ل كشف تسربات بدون تكسير في {LOC} | الأسئلة الشائعة عن كشف تسربات بدون تكسير في {LOC} — إجابات خبراء ماكس آرت | لماذا ماكس آرت هي الخيار الأول ل كشف تسربات بدون تكسير في {LOC}؟
2840,post,شركة كشف تسربات الغاز في جميرا فيليج سيركل,https://max-art-ae.com/shrkh-kshf-tsrbat-alghaz-fy-jmyra-fylyj-syrkl/,2026-09-11,1398,0,8,14,كشف/إصلاح تسربات,كشف/إصلاح تسربات,15,2585,قالب/نصوص نمطية | لا H1 في جسم المحتوى | صورة بارزة مكررة على نطاق واسع,عبارات نمطية: كتب هذا المقال؛ آخر تحديث؛ مراجعة:؛ فريق ماكس آرت؛ هي خدمة متخصصة تُقدّمها؛ باستخدام أحدث الأجهزة والمعدات؛ لا H1 داخل جسم المقالة (ووردبريس عادةً يعرض العنوان كـ H1 من القالب)؛ Schema JSON-LD مضمّن داخل المحتوى؛ نفس الصورة البارزة مستخدمة على 281 عنصراً (ID 2585),,,كل ما تحتاج معرفته عن كشف تسربات الغاز في {LOC} فيليج سيركل 2026 | علامات تحتاج فيها كشف تسربات الغاز في {LOC} فيليج سيركل فورا | الأسباب الجذرية لمشكلات كشف تسربات الغاز في {LOC} فيليج سيركل وكيف يشخصها الخبراء | كيف تتم كشف تسربات الغاز في {LOC} فيليج سيركل خطوة بخطوة بأيدي متخصصين | أخطاء شائعة يقع فيها أصحاب المنازل عند طلب كشف تسربات الغاز في {LOC} فيليج سيركل | خدمات ماكس آرت + جدول الأسعار التقريبية ل كشف تسربات الغاز في {LOC} فيليج سيركل | الأسئلة الشائعة عن كشف تسربات الغاز في {LOC} فيليج سيركل — إجابات خبراء ماكس آرت | لماذا ماكس آرت هي الخيار الأول ل كشف تسربات الغاز في {LOC} فيليج سيركل؟
2731,post,شركة كشف تسربات المياه في واحة دبي للسيليكون,https://max-art-ae.com/shrkh-kshf-tsrbat-almyah-fy-wahh-dby-llsylykwn/,2026-09-11,1398,0,8,14,كشف/إصلاح تسربات,كشف/إصلاح تسربات,13,2585,قالب/نصوص نمطية | لا H1 في جسم المحتوى | صورة بارزة مكررة على نطاق واسع,عبارات نمطية: كتب هذا المقال؛ آخر تحديث؛ مراجعة:؛ فريق ماكس آرت؛ هي خدمة متخصصة تُقدّمها؛ باستخدام أحدث الأجهزة والمعدات؛ لا H1 داخل جسم المقالة (ووردبريس عادةً يعرض العنوان كـ H1 من القالب)؛ نفس الصورة البارزة مستخدمة على 281 عنصراً (ID 2585),,,كل ما تحتاج معرفته عن كشف تسربات المياه في واحة {LOC} للسيليكون 2026 | علامات تحتاج فيها كشف تسربات المياه في واحة {LOC} للسيليكون فورا | الأسباب الجذرية لمشكلات كشف تسربات المياه في واحة {LOC} للسيليكون وكيف يشخصها الخبراء | كيف تتم كشف تسربات المياه في واحة {LOC} للسيليكون خطوة بخطوة بأيدي متخصصين | أخطاء شائعة يقع فيها أصحاب المنازل عند طلب كشف تسربات المياه في واحة {LOC} للسيليكون | خدمات ماكس آرت + جدول الأسعار التقريبية ل كشف تسربات المياه في واحة {LOC} للسيليكون | الأسئلة الشائعة عن كشف تسربات المياه في واحة {LOC} للسيليكون — إجابات خبراء ماكس آرت | لماذا ماكس آرت هي الخيار الأول ل كشف تسربات المياه في واحة {LOC} للسيليكون؟
2763,post,شركة كشف تسربات بدون تكسير في الرحبة,https://max-art-ae.com/shrkh-kshf-tsrbat-bdwn-tksyr-fy-alrhbh/,2026-09-11,1395,0,8,14,كشف/إصلاح تسربات,كشف/إصلاح تسربات,15,2585,قالب/نصوص نمطية | لا H1 في جسم المحتوى | صورة بارزة مكررة على نطاق واسع,عبارات نمطية: كتب هذا المقال؛ آخر تحديث؛ مراجعة:؛ فريق ماكس آرت؛ هي خدمة متخصصة تُقدّمها؛ باستخدام أحدث الأجهزة والمعدات؛ لا H1 داخل جسم المقالة (ووردبريس عادةً يعرض العنوان كـ H1 من القالب)؛ نفس الصورة البارزة مستخدمة على 281 عنصراً (ID 2585),,,كل ما تحتاج معرفته عن كشف تسربات بدون تكسير في الرحبة 2026 | علامات تحتاج فيها كشف تسربات بدون تكسير في الرحبة فورا | الأسباب الجذرية لمشكلات كشف تسربات بدون تكسير في الرحبة وكيف يشخصها الخبراء | كيف تتم كشف تسربات بدون تكسير في الرحبة خطوة بخطوة بأيدي متخصصين | أخطاء شائعة يقع فيها أصحاب المنازل عند طلب كشف تسربات بدون تكسير في الرحبة | خدمات ماكس آرت + جدول الأسعار التقريبية ل كشف تسربات بدون تكسير في الرحبة | الأسئلة الشائعة عن كشف تسربات بدون تكسير في الرحبة — إجابات خبراء ماكس آرت | لماذا ماكس آرت هي الخيار الأول ل كشف تسربات بدون تكسير في الرحبة؟
2770,post,شركة كشف تسربات بدون تكسير في اليرموك,https://max-art-ae.com/shrkh-kshf-tsrbat-bdwn-tksyr-fy-alyrmwk/,2026-09-11,1392,0,8,14,كشف/إصلاح تسربات,كشف/إصلاح تسربات,13,2585,قالب/نصوص نمطية | لا H1 في جسم المحتوى | صورة بارزة مكررة على نطاق واسع,عبارات نمطية: كتب هذا المقال؛ آخر تحديث؛ مراجعة:؛ فريق ماكس آرت؛ هي خدمة متخصصة تُقدّمها؛ باستخدام أحدث الأجهزة والمعدات؛ لا H1 داخل جسم المقالة (ووردبريس عادةً يعرض العنوان كـ H1 من القالب)؛ نفس الصورة البارزة مستخدمة على 281 عنصراً (ID 2585),,,كل ما تحتاج معرفته عن كشف تسربات بدون تكسير في اليرموك 2026 | علامات تحتاج فيها كشف تسربات بدون تكسير في اليرموك فورا | الأسباب الجذرية لمشكلات كشف تسربات بدون تكسير في اليرموك وكيف يشخصها الخبراء | كيف تتم كشف تسربات بدون تكسير في اليرموك خطوة بخطوة بأيدي متخصصين | أخطاء شائعة يقع فيها أصحاب المنازل عند طلب كشف تسربات بدون تكسير في اليرموك | خدمات ماكس آرت + جدول الأسعار التقريبية ل كشف تسربات بدون تكسير في اليرموك | الأسئلة الشائعة عن كشف تسربات بدون تكسير في اليرموك — إجابات خبراء ماكس آرت | لماذا ماكس آرت هي الخيار الأول ل كشف تسربات بدون تكسير في اليرموك؟
2761,post,شركة كشف تسربات بدون تكسير في المصفح,https://max-art-ae.com/shrkh-kshf-tsrbat-bdwn-tksyr-fy-almsfh/,2026-09-11,1391,0,8,14,كشف/إصلاح تسربات,كشف/إصلاح تسربات,14,2585,قالب/نصوص نمطية | لا H1 في جسم المحتوى | صورة بارزة مكررة على نطاق واسع,عبارات نمطية: كتب هذا المقال؛ آخر تحديث؛ مراجعة:؛ فريق ماكس آرت؛ هي خدمة متخصصة تُقدّمها؛ باستخدام أحدث الأجهزة والمعدات؛ لا H1 داخل جسم المقالة (ووردبريس عادةً يعرض العنوان كـ H1 من القالب)؛ نفس الصورة البارزة مستخدمة على 281 عنصراً (ID 2585),,,كل ما تحتاج معرفته عن كشف تسربات بدون تكسير في المصفح 2026 | علامات تحتاج فيها كشف تسربات بدون تكسير في المصفح فورا | الأسباب الجذرية لمشكلات كشف تسربات بدون تكسير في المصفح وكيف يشخصها الخبراء | كيف تتم كشف تسربات بدون تكسير في المصفح خطوة بخطوة بأيدي متخصصين | أخطاء شائعة يقع فيها أصحاب المنازل عند طلب كشف تسربات بدون تكسير في المصفح | خدمات ماكس آرت + جدول الأسعار التقريبية ل كشف تسربات بدون تكسير في المصفح | الأسئلة الشائعة عن كشف تسربات بدون تكسير في المصفح — إجابات خبراء ماكس آرت | لماذا ماكس آرت هي الخيار الأول ل كشف تسربات بدون تكسير في المصفح؟
2897,post,شركة كشف تسربات التكييف في الخليج التجاري,https://max-art-ae.com/shrkh-kshf-tsrbat-altkyyf-fy-alkhlyj-altjary/,2026-09-11,1390,0,8,14,كشف/إصلاح تسربات,كشف/إصلاح تسربات,14,2585,قالب/نصوص نمطية | لا H1 في جسم المحتوى | صورة بارزة مكررة على نطاق واسع,عبارات نمطية: كتب هذا المقال؛ آخر تحديث؛ مراجعة:؛ فريق ماكس آرت؛ هي خدمة متخصصة تُقدّمها؛ باستخدام أحدث الأجهزة والمعدات؛ لا H1 داخل جسم المقالة (ووردبريس عادةً يعرض العنوان كـ H1 من القالب)؛ نفس الصورة البارزة مستخدمة على 281 عنصراً (ID 2585),,,كل ما تحتاج معرفته عن كشف تسربات التكييف في الخليج التجاري 2026 | علامات تحتاج فيها كشف تسربات التكييف في الخليج التجاري فورا | الأسباب الجذرية لمشكلات كشف تسربات التكييف في الخليج التجاري وكيف يشخصها الخبراء | كيف تتم كشف تسربات التكييف في الخليج التجاري خطوة بخطوة بأيدي متخصصين | أخطاء شائعة يقع فيها أصحاب المنازل عند طلب كشف تسربات التكييف في الخليج التجاري | خدمات ماكس آرت + جدول الأسعار التقريبية ل كشف تسربات التكييف في الخليج التجاري | الأسئلة الشائعة عن كشف تسربات التكييف في الخليج التجاري — إجابات خبراء ماكس آرت | لماذا ماكس آرت هي الخيار الأول ل كشف تسربات التكييف في الخليج التجاري؟
2775,post,شركة كشف تسربات بدون تكسير في المويهات,https://max-art-ae.com/shrkh-kshf-tsrbat-bdwn-tksyr-fy-almwyhat/,2026-09-11,1390,0,8,14,كشف/إصلاح تسربات,كشف/إصلاح تسربات,14,2585,قالب/نصوص نمطية | لا H1 في جسم المحتوى | صورة بارزة مكررة على نطاق واسع | محتوى مكرر/متشابه | تآكل كلمات مفتاحية,عبارات نمطية: كتب هذا المقال؛ آخر تحديث؛ مراجعة:؛ فريق ماكس آرت؛ هي خدمة متخصصة تُقدّمها؛ باستخدام أحدث الأجهزة والمعدات؛ لا H1 داخل جسم المقالة (ووردبريس عادةً يعرض العنوان كـ H1 من القالب)؛ Schema JSON-LD مضمّن داخل المحتوى؛ نفس الصورة البارزة مستخدمة على 281 عنصراً (ID 2585)؛ متشابه جداً مع مقالات أخرى في DUP-004 (23)؛ 23 مقالات تتنافس على نية شبه مطابقة,DUP-004 (23),CAN-004 (23),كل ما تحتاج معرفته عن كشف تسربات بدون تكسير في {LOC} 2026 | علامات تحتاج فيها كشف تسربات بدون تكسير في {LOC} فورا | الأسباب الجذرية لمشكلات كشف تسربات بدون تكسير في {LOC} وكيف يشخصها الخبراء | كيف تتم كشف تسربات بدون تكسير في {LOC} خطوة بخطوة بأيدي متخصصين | أخطاء شائعة يقع فيها أصحاب المنازل عند طلب كشف تسربات بدون تكسير في {LOC} | خدمات ماكس آرت + جدول الأسعار التقريبية ل كشف تسربات بدون تكسير في {LOC} | الأسئلة الشائعة عن كشف تسربات بدون تكسير في {LOC} — إجابات خبراء ماكس آرت | لماذا ماكس آرت هي الخيار الأول ل كشف تسربات بدون تكسير في {LOC}؟
2765,post,شركة كشف تسربات بدون تكسير في المقام,https://max-art-ae.com/shrkh-kshf-tsrbat-bdwn-tksyr-fy-almqam/,2026-09-11,1389,0,8,14,كشف/إصلاح تسربات,كشف/إصلاح تسربات,15,2585,قالب/نصوص نمطية | لا H1 في جسم المحتوى | صورة بارزة مكررة على نطاق واسع,عبارات نمطية: كتب هذا المقال؛ آخر تحديث؛ مراجعة:؛ فريق ماكس آرت؛ هي خدمة متخصصة تُقدّمها؛ باستخدام أحدث الأجهزة والمعدات؛ لا H1 داخل جسم المقالة (ووردبريس عادةً يعرض العنوان كـ H1 من القالب)؛ Schema JSON-LD مضمّن داخل المحتوى؛ نفس الصورة البارزة مستخدمة على 281 عنصراً (ID 2585),,,كل ما تحتاج معرفته عن كشف تسربات بدون تكسير في المقام 2026 | علامات تحتاج فيها كشف تسربات بدون تكسير في المقام فورا | الأسباب الجذرية لمشكلات كشف تسربات بدون تكسير في المقام وكيف يشخصها الخبراء | كيف تتم كشف تسربات بدون تكسير في المقام خطوة بخطوة بأيدي متخصصين | أخطاء شائعة يقع فيها أصحاب المنازل عند طلب كشف تسربات بدون تكسير في المقام | خدمات ماكس آرت + جدول الأسعار التقريبية ل كشف تسربات بدون تكسير في المقام | الأسئلة الشائعة عن كشف تسربات بدون تكسير في المقام — إجابات خبراء ماكس آرت | لماذا ماكس آرت هي الخيار الأول ل كشف تسربات بدون تكسير في المقام؟
2762,post,شركة كشف تسربات بدون تكسير في الشهامة,https://max-art-ae.com/shrkh-kshf-tsrbat-bdwn-tksyr-fy-alshhamh/,2026-09-11,1389,0,8,14,كشف/إصلاح تسربات,كشف/إصلاح تسربات,13,2585,قالب/نصوص نمطية | لا H1 في جسم المحتوى | صورة بارزة مكررة على نطاق واسع,عبارات نمطية: كتب هذا المقال؛ آخر تحديث؛ مراجعة:؛ فريق ماكس آرت؛ هي خدمة متخصصة تُقدّمها؛ باستخدام أحدث الأجهزة والمعدات؛ لا H1 داخل جسم المقالة (ووردبريس عادةً يعرض العنوان كـ H1 من القالب)؛ Schema JSON-LD مضمّن داخل المحتوى؛ نفس الصورة البارزة مستخدمة على 281 عنصراً (ID 2585),,,كل ما تحتاج معرفته عن كشف تسربات بدون تكسير في الشهامة 2026 | علامات تحتاج فيها كشف تسربات بدون تكسير في الشهامة فورا | الأسباب الجذرية لمشكلات كشف تسربات بدون تكسير في الشهامة وكيف يشخصها الخبراء | كيف تتم كشف تسربات بدون تكسير في الشهامة خطوة بخطوة بأيدي متخصصين | أخطاء شائعة يقع فيها أصحاب المنازل عند طلب كشف تسربات بدون تكسير في الشهامة | خدمات ماكس آرت + جدول الأسعار التقريبية ل كشف تسربات بدون تكسير في الشهامة | الأسئلة الشائعة عن كشف تسربات بدون تكسير في الشهامة — إجابات خبراء ماكس آرت | لماذا ماكس آرت هي الخيار الأول ل كشف تسربات بدون تكسير في الشهامة؟
2772,post,شركة كشف تسربات بدون تكسير في السيوح,https://max-art-ae.com/shrkh-kshf-tsrbat-bdwn-tksyr-fy-alsywh/,2026-09-11,1386,0,8,14,كشف/إصلاح تسربات,كشف/إصلاح تسربات,12,2585,قالب/نصوص نمطية | لا H1 في جسم المحتوى | صورة بارزة مكررة على نطاق واسع,عبارات نمطية: كتب هذا المقال؛ آخر تحديث؛ مراجعة:؛ فريق ماكس آرت؛ هي خدمة متخصصة تُقدّمها؛ باستخدام أحدث الأجهزة والمعدات؛ لا H1 داخل جسم المقالة (ووردبريس عادةً يعرض العنوان كـ H1 من القالب)؛ نفس الصورة البارزة مستخدمة على 281 عنصراً (ID 2585),,,كل ما تحتاج معرفته عن كشف تسربات بدون تكسير في السيوح 2026 | علامات تحتاج فيها كشف تسربات بدون تكسير في السيوح فورا | الأسباب الجذرية لمشكلات كشف تسربات بدون تكسير في السيوح وكيف يشخصها الخبراء | كيف تتم كشف تسربات بدون تكسير في السيوح خطوة بخطوة بأيدي متخصصين | أخطاء شائعة يقع فيها أصحاب المنازل عند طلب كشف تسربات بدون تكسير في السيوح | خدمات ماكس آرت + جدول الأسعار التقريبية ل كشف تسربات بدون تكسير في السيوح | الأسئلة الشائعة عن كشف تسربات بدون تكسير في السيوح — إجابات خبراء ماكس آرت | لماذا ماكس آرت هي الخيار الأول ل كشف تسربات بدون تكسير في السيوح؟
2777,post,شركة كشف تسربات بدون تكسير في الجرف,https://max-art-ae.com/shrkh-kshf-tsrbat-bdwn-tksyr-fy-aljrf/,2026-09-11,1385,0,8,14,كشف/إصلاح تسربات,كشف/إصلاح تسربات,13,2585,قالب/نصوص نمطية | لا H1 في جسم المحتوى | صورة بارزة مكررة على نطاق واسع | محتوى مكرر/متشابه | تآكل كلمات مفتاحية,عبارات نمطية: كتب هذا المقال؛ آخر تحديث؛ مراجعة:؛ فريق ماكس آرت؛ هي خدمة متخصصة تُقدّمها؛ باستخدام أحدث الأجهزة والمعدات؛ لا H1 داخل جسم المقالة (ووردبريس عادةً يعرض العنوان كـ H1 من القالب)؛ نفس الصورة البارزة مستخدمة على 281 عنصراً (ID 2585)؛ متشابه جداً مع مقالات أخرى في DUP-004 (23)؛ 23 مقالات تتنافس على نية شبه مطابقة,DUP-004 (23),CAN-004 (23),كل ما تحتاج معرفته عن كشف تسربات بدون تكسير في {LOC} 2026 | علامات تحتاج فيها كشف تسربات بدون تكسير في {LOC} فورا | الأسباب الجذرية لمشكلات كشف تسربات بدون تكسير في {LOC} وكيف يشخصها الخبراء | كيف تتم كشف تسربات بدون تكسير في {LOC} خطوة بخطوة بأيدي متخصصين | أخطاء شائعة يقع فيها أصحاب المنازل عند طلب كشف تسربات بدون تكسير في {LOC} | خدمات ماكس آرت + جدول الأسعار التقريبية ل كشف تسربات بدون تكسير في {LOC} | الأسئلة الشائعة عن كشف تسربات بدون تكسير في {LOC} — إجابات خبراء ماكس آرت | لماذا ماكس آرت هي الخيار الأول ل كشف تسربات بدون تكسير في {LOC}؟
2752,post,شركة كشف تسربات بدون تكسير في مردف,https://max-art-ae.com/shrkh-kshf-tsrbat-bdwn-tksyr-fy-mrdf/,2026-09-11,1384,0,8,14,كشف/إصلاح تسربات,كشف/إصلاح تسربات,14,2585,قالب/نصوص نمطية | لا H1 في جسم المحتوى | صورة بارزة مكررة على نطاق واسع,عبارات نمطية: كتب هذا المقال؛ آخر تحديث؛ مراجعة:؛ فريق ماكس آرت؛ هي خدمة متخصصة تُقدّمها؛ باستخدام أحدث الأجهزة والمعدات؛ لا H1 داخل جسم المقالة (ووردبريس عادةً يعرض العنوان كـ H1 من القالب)؛ نفس الصورة البارزة مستخدمة على 281 عنصراً (ID 2585),,,كل ما تحتاج معرفته عن كشف تسربات بدون تكسير في مردف 2026 | علامات تحتاج فيها كشف تسربات بدون تكسير في مردف فورا | الأسباب الجذرية لمشكلات كشف تسربات بدون تكسير في مردف وكيف يشخصها الخبراء | كيف تتم كشف تسربات بدون تكسير في مردف خطوة بخطوة بأيدي متخصصين | أخطاء شائعة يقع فيها أصحاب المنازل عند طلب كشف تسربات بدون تكسير في مردف | خدمات ماكس آرت + جدول الأسعار التقريبية ل كشف تسربات بدون تكسير في مردف | الأسئلة الشائعة عن كشف تسربات بدون تكسير في مردف — إجابات خبراء ماكس آرت | لماذا ماكس آرت هي الخيار الأول ل كشف تسربات بدون تكسير في مردف؟
2774,post,شركة كشف تسربات بدون تكسير في الروضة,https://max-art-ae.com/shrkh-kshf-tsrbat-bdwn-tksyr-fy-alrwdh/,2026-09-11,1383,0,8,14,كشف/إصلاح تسربات,كشف/إصلاح تسربات,13,2585,قالب/نصوص نمطية | لا H1 في جسم المحتوى | صورة بارزة مكررة على نطاق واسع | محتوى مكرر/متشابه | تآكل كلمات مفتاحية,عبارات نمطية: كتب هذا المقال؛ آخر تحديث؛ مراجعة:؛ فريق ماكس آرت؛ هي خدمة متخصصة تُقدّمها؛ باستخدام أحدث الأجهزة والمعدات؛ لا H1 داخل جسم المقالة (ووردبريس عادةً يعرض العنوان كـ H1 من القالب)؛ نفس الصورة البارزة مستخدمة على 281 عنصراً (ID 2585)؛ متشابه جداً مع مقالات أخرى في DUP-004 (23)؛ 23 مقالات تتنافس على نية شبه مطابقة,DUP-004 (23),CAN-004 (23),كل ما تحتاج معرفته عن كشف تسربات بدون تكسير في {LOC} 2026 | علامات تحتاج فيها كشف تسربات بدون تكسير في {LOC} فورا | الأسباب الجذرية لمشكلات كشف تسربات بدون تكسير في {LOC} وكيف يشخصها الخبراء | كيف تتم كشف تسربات بدون تكسير في {LOC} خطوة بخطوة بأيدي متخصصين | أخطاء شائعة يقع فيها أصحاب المنازل عند طلب كشف تسربات بدون تكسير في {LOC} | خدمات ماكس آرت + جدول الأسعار التقريبية ل كشف تسربات بدون تكسير في {LOC} | الأسئلة الشائعة عن كشف تسربات بدون تكسير في {LOC} — إجابات خبراء ماكس آرت | لماذا ماكس آرت هي الخيار الأول ل كشف تسربات بدون تكسير في {LOC}؟
2781,post,شركة كشف تسربات بدون تكسير في السلمة,https://max-art-ae.com/shrkh-kshf-tsrbat-bdwn-tksyr-fy-alslmh/,2026-09-11,1382,0,8,14,كشف/إصلاح تسربات,كشف/إصلاح تسربات,14,2585,قالب/نصوص نمطية | لا H1 في جسم المحتوى | صورة بارزة مكررة على نطاق واسع,عبارات نمطية: كتب هذا المقال؛ آخر تحديث؛ مراجعة:؛ فريق ماكس آرت؛ هي خدمة متخصصة تُقدّمها؛ باستخدام أحدث الأجهزة والمعدات؛ لا H1 داخل جسم المقالة (ووردبريس عادةً يعرض العنوان كـ H1 من القالب)؛ نفس الصورة البارزة مستخدمة على 281 عنصراً (ID 2585),,,كل ما تحتاج معرفته عن كشف تسربات بدون تكسير في السلمة 2026 | علامات تحتاج فيها كشف تسربات بدون تكسير في السلمة فورا | الأسباب الجذرية لمشكلات كشف تسربات بدون تكسير في السلمة وكيف يشخصها الخبراء | كيف تتم كشف تسربات بدون تكسير في السلمة خطوة بخطوة بأيدي متخصصين | أخطاء شائعة يقع فيها أصحاب المنازل عند طلب كشف تسربات بدون تكسير في السلمة | خدمات ماكس آرت + جدول الأسعار التقريبية ل كشف تسربات بدون تكسير في السلمة | الأسئلة الشائعة عن كشف تسربات بدون تكسير في السلمة — إجابات خبراء ماكس آرت | لماذا ماكس آرت هي الخيار الأول ل كشف تسربات بدون تكسير في السلمة؟
2735,post,شركة كشف تسربات المياه في الخليج التجاري,https://max-art-ae.com/shrkh-kshf-tsrbat-almyah-fy-alkhlyj-altjary/,2026-09-11,1382,0,8,14,كشف/إصلاح تسربات,كشف/إصلاح تسربات,13,2585,قالب/نصوص نمطية | لا H1 في جسم المحتوى | صورة بارزة مكررة على نطاق واسع,عبارات نمطية: كتب هذا المقال؛ آخر تحديث؛ مراجعة:؛ فريق ماكس آرت؛ هي خدمة متخصصة تُقدّمها؛ باستخدام أحدث الأجهزة والمعدات؛ لا H1 داخل جسم المقالة (ووردبريس عادةً يعرض العنوان كـ H1 من القالب)؛ نفس الصورة البارزة مستخدمة على 281 عنصراً (ID 2585),,,كل ما تحتاج معرفته عن كشف تسربات المياه في الخليج التجاري 2026 | علامات تحتاج فيها كشف تسربات المياه في الخليج التجاري فورا | الأسباب الجذرية لمشكلات كشف تسربات المياه في الخليج التجاري وكيف يشخصها الخبراء | كيف تتم كشف تسربات المياه في الخليج التجاري خطوة بخطوة بأيدي متخصصين | أخطاء شائعة يقع فيها أصحاب المنازل عند طلب كشف تسربات المياه في الخليج التجاري | خدمات ماكس آرت + جدول الأسعار التقريبية ل كشف تسربات المياه في الخليج التجاري | الأسئلة الشائعة عن كشف تسربات المياه في الخليج التجاري — إجابات خبراء ماكس آرت | لماذا ماكس آرت هي الخيار الأول ل كشف تسربات المياه في الخليج التجاري؟
2740,post,شركة كشف تسربات بدون تكسير في عجمان,https://max-art-ae.com/shrkh-kshf-tsrbat-bdwn-tksyr-fy-ajman/,2026-09-11,1381,0,8,14,كشف/إصلاح تسربات,كشف/إصلاح تسربات,14,2585,قالب/نصوص نمطية | لا H1 في جسم المحتوى | صورة بارزة مكررة على نطاق واسع | محتوى مكرر/متشابه | تآكل كلمات مفتاحية,عبارات نمطية: كتب هذا المقال؛ آخر تحديث؛ مراجعة:؛ فريق ماكس آرت؛ هي خدمة متخصصة تُقدّمها؛ باستخدام أحدث الأجهزة والمعدات؛ لا H1 داخل جسم المقالة (ووردبريس عادةً يعرض العنوان كـ H1 من القالب)؛ Schema JSON-LD مضمّن داخل المحتوى؛ نفس الصورة البارزة مستخدمة على 281 عنصراً (ID 2585)؛ متشابه جداً مع مقالات أخرى في DUP-004 (23)؛ 23 مقالات تتنافس على نية شبه مطابقة,DUP-004 (23),CAN-004 (23),كل ما تحتاج معرفته عن كشف تسربات بدون تكسير في {LOC} 2026 | علامات تحتاج فيها كشف تسربات بدون تكسير في {LOC} فورا | الأسباب الجذرية لمشكلات كشف تسربات بدون تكسير في {LOC} وكيف يشخصها الخبراء | كيف تتم كشف تسربات بدون تكسير في {LOC} خطوة بخطوة بأيدي متخصصين | أخطاء شائعة يقع فيها أصحاب المنازل عند طلب كشف تسربات بدون تكسير في {LOC} | خدمات ماكس آرت + جدول الأسعار التقريبية ل كشف تسربات بدون تكسير في {LOC} | الأسئلة الشائعة عن كشف تسربات بدون تكسير في {LOC} — إجابات خبراء ماكس آرت | لماذا ماكس آرت هي الخيار الأول ل كشف تسربات بدون تكسير في {LOC}؟
2814,post,شركة كشف تسربات الغاز في بني ياس,https://max-art-ae.com/shrkh-kshf-tsrbat-alghaz-fy-bny-yas/,2026-09-11,1380,0,8,14,كشف/إصلاح تسربات,كشف/إصلاح تسربات,13,2585,قالب/نصوص نمطية | لا H1 في جسم المحتوى | صورة بارزة مكررة على نطاق واسع,عبارات نمطية: كتب هذا المقال؛ آخر تحديث؛ مراجعة:؛ فريق ماكس آرت؛ هي خدمة متخصصة تُقدّمها؛ باستخدام أحدث الأجهزة والمعدات؛ لا H1 داخل جسم المقالة (ووردبريس عادةً يعرض العنوان كـ H1 من القالب)؛ نفس الصورة البارزة مستخدمة على 281 عنصراً (ID 2585),,,كل ما تحتاج معرفته عن كشف تسربات الغاز في بني ياس 2026 | علامات تحتاج فيها كشف تسربات الغاز في بني ياس فورا | الأسباب الجذرية لمشكلات كشف تسربات الغاز في بني ياس وكيف يشخصها الخبراء | كيف تتم كشف تسربات الغاز في بني ياس خطوة بخطوة بأيدي متخصصين | أخطاء شائعة يقع فيها أصحاب المنازل عند طلب كشف تسربات الغاز في بني ياس | خدمات ماكس آرت + جدول الأسعار التقريبية ل كشف تسربات الغاز في بني ياس | الأسئلة الشائعة عن كشف تسربات الغاز في بني ياس — إجابات خبراء ماكس آرت | لماذا ماكس آرت هي الخيار الأول ل كشف تسربات الغاز في بني ياس؟
2754,post,شركة كشف تسربات بدون تكسير في الورقاء,https://max-art-ae.com/shrkh-kshf-tsrbat-bdwn-tksyr-fy-alwrqa/,2026-09-11,1380,0,8,14,كشف/إصلاح تسربات,كشف/إصلاح تسربات,17,2585,قالب/نصوص نمطية | لا H1 في جسم المحتوى | صورة بارزة مكررة على نطاق واسع | محتوى مكرر/متشابه | تآكل كلمات مفتاحية,عبارات نمطية: كتب هذا المقال؛ آخر تحديث؛ مراجعة:؛ فريق ماكس آرت؛ هي خدمة متخصصة تُقدّمها؛ باستخدام أحدث الأجهزة والمعدات؛ لا H1 داخل جسم المقالة (ووردبريس عادةً يعرض العنوان كـ H1 من القالب)؛ Schema JSON-LD مضمّن داخل المحتوى؛ نفس الصورة البارزة مستخدمة على 281 عنصراً (ID 2585)؛ متشابه جداً مع مقالات أخرى في DUP-004 (23)؛ 23 مقالات تتنافس على نية شبه مطابقة,DUP-004 (23),CAN-004 (23),كل ما تحتاج معرفته عن كشف تسربات بدون تكسير في {LOC} 2026 | علامات تحتاج فيها كشف تسربات بدون تكسير في {LOC} فورا | الأسباب الجذرية لمشكلات كشف تسربات بدون تكسير في {LOC} وكيف يشخصها الخبراء | كيف تتم كشف تسربات بدون تكسير في {LOC} خطوة بخطوة بأيدي متخصصين | أخطاء شائعة يقع فيها أصحاب المنازل عند طلب كشف تسربات بدون تكسير في {LOC} | خدمات ماكس آرت + جدول الأسعار التقريبية ل كشف تسربات بدون تكسير في {LOC} | الأسئلة الشائعة عن كشف تسربات بدون تكسير في {LOC} — إجابات خبراء ماكس آرت | لماذا ماكس آرت هي الخيار الأول ل كشف تسربات بدون تكسير في {LOC}؟
2753,post,شركة كشف تسربات بدون تكسير في الخوانيج,https://max-art-ae.com/shrkh-kshf-tsrbat-bdwn-tksyr-fy-alkhwanyj/,2026-09-11,1380,0,8,14,كشف/إصلاح تسربات,كشف/إصلاح تسربات,15,2585,قالب/نصوص نمطية | لا H1 في جسم المحتوى | صورة بارزة مكررة على نطاق واسع,عبارات نمطية: كتب هذا المقال؛ آخر تحديث؛ مراجعة:؛ فريق ماكس آرت؛ هي خدمة متخصصة تُقدّمها؛ باستخدام أحدث الأجهزة والمعدات؛ لا H1 داخل جسم المقالة (ووردبريس عادةً يعرض العنوان كـ H1 من القالب)؛ Schema JSON-LD مضمّن داخل المحتوى؛ نفس الصورة البارزة مستخدمة على 281 عنصراً (ID 2585),,,كل ما تحتاج معرفته عن كشف تسربات بدون تكسير في الخوانيج 2026 | علامات تحتاج فيها كشف تسربات بدون تكسير في الخوانيج فورا | الأسباب الجذرية لمشكلات كشف تسربات بدون تكسير في الخوانيج وكيف يشخصها الخبراء | كيف تتم كشف تسربات بدون تكسير في الخوانيج خطوة بخطوة بأيدي متخصصين | أخطاء شائعة يقع فيها أصحاب المنازل عند طلب كشف تسربات بدون تكسير في الخوانيج | خدمات ماكس آرت + جدول الأسعار التقريبية ل كشف تسربات بدون تكسير في الخوانيج | الأسئلة الشائعة عن كشف تسربات بدون تكسير في الخوانيج — إجابات خبراء ماكس آرت | لماذا ماكس آرت هي الخيار الأول ل كشف تسربات بدون تكسير في الخوانيج؟
2744,post,شركة كشف تسربات بدون تكسير في خورفكان,https://max-art-ae.com/shrkh-kshf-tsrbat-bdwn-tksyr-fy-khwrfkan/,2026-09-11,1380,0,8,14,كشف/إصلاح تسربات,كشف/إصلاح تسربات,13,2585,قالب/نصوص نمطية | لا H1 في جسم المحتوى | صورة بارزة مكررة على نطاق واسع | محتوى مكرر/متشابه | تآكل كلمات مفتاحية,عبارات نمطية: كتب هذا المقال؛ آخر تحديث؛ مراجعة:؛ فريق ماكس آرت؛ هي خدمة متخصصة تُقدّمها؛ باستخدام أحدث الأجهزة والمعدات؛ لا H1 داخل جسم المقالة (ووردبريس عادةً يعرض العنوان كـ H1 من القالب)؛ Schema JSON-LD مضمّن داخل المحتوى؛ نفس الصورة البارزة مستخدمة على 281 عنصراً (ID 2585)؛ متشابه جداً مع مقالات أخرى في DUP-004 (23)؛ 23 مقالات تتنافس على نية شبه مطابقة,DUP-004 (23),CAN-004 (23),كل ما تحتاج معرفته عن كشف تسربات بدون تكسير في {LOC} 2026 | علامات تحتاج فيها كشف تسربات بدون تكسير في {LOC} فورا | الأسباب الجذرية لمشكلات كشف تسربات بدون تكسير في {LOC} وكيف يشخصها الخبراء | كيف تتم كشف تسربات بدون تكسير في {LOC} خطوة بخطوة بأيدي متخصصين | أخطاء شائعة يقع فيها أصحاب المنازل عند طلب كشف تسربات بدون تكسير في {LOC} | خدمات ماكس آرت + جدول الأسعار التقريبية ل كشف تسربات بدون تكسير في {LOC} | الأسئلة الشائعة عن كشف تسربات بدون تكسير في {LOC} — إجابات خبراء ماكس آرت | لماذا ماكس آرت هي الخيار الأول ل كشف تسربات بدون تكسير في {LOC}؟
2779,post,شركة كشف تسربات بدون تكسير في الظيت,https://max-art-ae.com/shrkh-kshf-tsrbat-bdwn-tksyr-fy-alzyt/,2026-09-11,1379,0,8,14,كشف/إصلاح تسربات,كشف/إصلاح تسربات,17,2585,قالب/نصوص نمطية | لا H1 في جسم المحتوى | صورة بارزة مكررة على نطاق واسع,عبارات نمطية: كتب هذا المقال؛ آخر تحديث؛ مراجعة:؛ فريق ماكس آرت؛ هي خدمة متخصصة تُقدّمها؛ باستخدام أحدث الأجهزة والمعدات؛ لا H1 داخل جسم المقالة (ووردبريس عادةً يعرض العنوان كـ H1 من القالب)؛ نفس الصورة البارزة مستخدمة على 281 عنصراً (ID 2585),,,كل ما تحتاج معرفته عن كشف تسربات بدون تكسير في الظيت 2026 | علامات تحتاج فيها كشف تسربات بدون تكسير في الظيت فورا | الأسباب الجذرية لمشكلات كشف تسربات بدون تكسير في الظيت وكيف يشخصها الخبراء | كيف تتم كشف تسربات بدون تكسير في الظيت خطوة بخطوة بأيدي متخصصين | أخطاء شائعة يقع فيها أصحاب المنازل عند طلب كشف تسربات بدون تكسير في الظيت | خدمات ماكس آرت + جدول الأسعار التقريبية ل كشف تسربات بدون تكسير في الظيت | الأسئلة الشائعة عن كشف تسربات بدون تكسير في الظيت — إجابات خبراء ماكس آرت | لماذا ماكس آرت هي الخيار الأول ل كشف تسربات بدون تكسير في الظيت؟
2751,post,شركة كشف تسربات بدون تكسير في البرشاء,https://max-art-ae.com/shrkh-kshf-tsrbat-bdwn-tksyr-fy-albrsha/,2026-09-11,1379,0,8,14,كشف/إصلاح تسربات,كشف/إصلاح تسربات,14,2585,قالب/نصوص نمطية | لا H1 في جسم المحتوى | صورة بارزة مكررة على نطاق واسع | محتوى مكرر/متشابه | تآكل كلمات مفتاحية,عبارات نمطية: كتب هذا المقال؛ آخر تحديث؛ مراجعة:؛ فريق ماكس آرت؛ هي خدمة متخصصة تُقدّمها؛ باستخدام أحدث الأجهزة والمعدات؛ لا H1 داخل جسم المقالة (ووردبريس عادةً يعرض العنوان كـ H1 من القالب)؛ نفس الصورة البارزة مستخدمة على 281 عنصراً (ID 2585)؛ متشابه جداً مع مقالات أخرى في DUP-004 (23)؛ 23 مقالات تتنافس على نية شبه مطابقة,DUP-004 (23),CAN-004 (23),كل ما تحتاج معرفته عن كشف تسربات بدون تكسير في {LOC} 2026 | علامات تحتاج فيها كشف تسربات بدون تكسير في {LOC} فورا | الأسباب الجذرية لمشكلات كشف تسربات بدون تكسير في {LOC} وكيف يشخصها الخبراء | كيف تتم كشف تسربات بدون تكسير في {LOC} خطوة بخطوة بأيدي متخصصين | أخطاء شائعة يقع فيها أصحاب المنازل عند طلب كشف تسربات بدون تكسير في {LOC} | خدمات ماكس آرت + جدول الأسعار التقريبية ل كشف تسربات بدون تكسير في {LOC} | الأسئلة الشائعة عن كشف تسربات بدون تكسير في {LOC} — إجابات خبراء ماكس آرت | لماذا ماكس آرت هي الخيار الأول ل كشف تسربات بدون تكسير في {LOC}؟
2849,post,شركة كشف تسربات التكييف في رأس الخيمة,https://max-art-ae.com/shrkh-kshf-tsrbat-altkyyf-fy-ras-alkhymh/,2026-09-11,1378,0,8,14,كشف/إصلاح تسربات,كشف/إصلاح تسربات,13,2585,قالب/نصوص نمطية | لا H1 في جسم المحتوى | صورة بارزة مكررة على نطاق واسع | محتوى مكرر/متشابه | تآكل كلمات مفتاحية,عبارات نمطية: كتب هذا المقال؛ آخر تحديث؛ مراجعة:؛ فريق ماكس آرت؛ هي خدمة متخصصة تُقدّمها؛ باستخدام أحدث الأجهزة والمعدات؛ لا H1 داخل جسم المقالة (ووردبريس عادةً يعرض العنوان كـ H1 من القالب)؛ نفس الصورة البارزة مستخدمة على 281 عنصراً (ID 2585)؛ متشابه جداً مع مقالات أخرى في DUP-002 (23)؛ 23 مقالات تتنافس على نية شبه مطابقة,DUP-002 (23),CAN-002 (23),كل ما تحتاج معرفته عن كشف تسربات التكييف في {LOC} 2026 | علامات تحتاج فيها كشف تسربات التكييف في {LOC} فورا | الأسباب الجذرية لمشكلات كشف تسربات التكييف في {LOC} وكيف يشخصها الخبراء | كيف تتم كشف تسربات التكييف في {LOC} خطوة بخطوة بأيدي متخصصين | أخطاء شائعة يقع فيها أصحاب المنازل عند طلب كشف تسربات التكييف في {LOC} | خدمات ماكس آرت + جدول الأسعار التقريبية ل كشف تسربات التكييف في {LOC} | الأسئلة الشائعة عن كشف تسربات التكييف في {LOC} — إجابات خبراء ماكس آرت | لماذا ماكس آرت هي الخيار الأول ل كشف تسربات التكييف في {LOC}؟
2742,post,شركة كشف تسربات بدون تكسير في الفجيرة,https://max-art-ae.com/shrkh-kshf-tsrbat-bdwn-tksyr-fy-alfjyrh/,2026-09-11,1378,0,8,14,كشف/إصلاح تسربات,كشف/إصلاح تسربات,13,2585,قالب/نصوص نمطية | لا H1 في جسم المحتوى | صورة بارزة مكررة على نطاق واسع | محتوى مكرر/متشابه | تآكل كلمات مفتاحية,عبارات نمطية: كتب هذا المقال؛ آخر تحديث؛ مراجعة:؛ فريق ماكس آرت؛ هي خدمة متخصصة تُقدّمها؛ باستخدام أحدث الأجهزة والمعدات؛ لا H1 داخل جسم المقالة (ووردبريس عادةً يعرض العنوان كـ H1 من القالب)؛ نفس الصورة البارزة مستخدمة على 281 عنصراً (ID 2585)؛ متشابه جداً مع مقالات أخرى في DUP-004 (23)؛ 23 مقالات تتنافس على نية شبه مطابقة,DUP-004 (23),CAN-004 (23),كل ما تحتاج معرفته عن كشف تسربات بدون تكسير في {LOC} 2026 | علامات تحتاج فيها كشف تسربات بدون تكسير في {LOC} فورا | الأسباب الجذرية لمشكلات كشف تسربات بدون تكسير في {LOC} وكيف يشخصها الخبراء | كيف تتم كشف تسربات بدون تكسير في {LOC} خطوة بخطوة بأيدي متخصصين | أخطاء شائعة يقع فيها أصحاب المنازل عند طلب كشف تسربات بدون تكسير في {LOC} | خدمات ماكس آرت + جدول الأسعار التقريبية ل كشف تسربات بدون تكسير في {LOC} | الأسئلة الشائعة عن كشف تسربات بدون تكسير في {LOC} — إجابات خبراء ماكس آرت | لماذا ماكس آرت هي الخيار الأول ل كشف تسربات بدون تكسير في {LOC}؟
2730,post,شركة كشف تسربات المياه في داماك هيلز,https://max-art-ae.com/shrkh-kshf-tsrbat-almyah-fy-damak-hylz/,2026-09-11,1378,0,8,14,كشف/إصلاح تسربات,كشف/إصلاح تسربات,13,2585,قالب/نصوص نمطية | لا H1 في جسم المحتوى | صورة بارزة مكررة على نطاق واسع,عبارات نمطية: كتب هذا المقال؛ آخر تحديث؛ مراجعة:؛ فريق ماكس آرت؛ هي خدمة متخصصة تُقدّمها؛ باستخدام أحدث الأجهزة والمعدات؛ لا H1 داخل جسم المقالة (ووردبريس عادةً يعرض العنوان كـ H1 من القالب)؛ نفس الصورة البارزة مستخدمة على 281 عنصراً (ID 2585),,,كل ما تحتاج معرفته عن كشف تسربات المياه في داماك هيلز 2026 | علامات تحتاج فيها كشف تسربات المياه في داماك هيلز فورا | الأسباب الجذرية لمشكلات كشف تسربات المياه في داماك هيلز وكيف يشخصها الخبراء | كيف تتم كشف تسربات المياه في داماك هيلز خطوة بخطوة بأيدي متخصصين | أخطاء شائعة يقع فيها أصحاب المنازل عند طلب كشف تسربات المياه في داماك هيلز | خدمات ماكس آرت + جدول الأسعار التقريبية ل كشف تسربات المياه في داماك هيلز | الأسئلة الشائعة عن كشف تسربات المياه في داماك هيلز — إجابات خبراء ماكس آرت | لماذا ماكس آرت هي الخيار الأول ل كشف تسربات المياه في داماك هيلز؟
2851,post,شركة كشف تسربات التكييف في أم القيوين,https://max-art-ae.com/shrkh-kshf-tsrbat-altkyyf-fy-am-alqywyn/,2026-09-11,1377,0,8,14,كشف/إصلاح تسربات,كشف/إصلاح تسربات,13,2585,قالب/نصوص نمطية | لا H1 في جسم المحتوى | صورة بارزة مكررة على نطاق واسع | محتوى مكرر/متشابه | تآكل كلمات مفتاحية,عبارات نمطية: كتب هذا المقال؛ آخر تحديث؛ مراجعة:؛ فريق ماكس آرت؛ هي خدمة متخصصة تُقدّمها؛ باستخدام أحدث الأجهزة والمعدات؛ لا H1 داخل جسم المقالة (ووردبريس عادةً يعرض العنوان كـ H1 من القالب)؛ Schema JSON-LD مضمّن داخل المحتوى؛ نفس الصورة البارزة مستخدمة على 281 عنصراً (ID 2585)؛ متشابه جداً مع مقالات أخرى في DUP-002 (23)؛ 23 مقالات تتنافس على نية شبه مطابقة,DUP-002 (23),CAN-002 (23),كل ما تحتاج معرفته عن كشف تسربات التكييف في {LOC} 2026 | علامات تحتاج فيها كشف تسربات التكييف في {LOC} فورا | الأسباب الجذرية لمشكلات كشف تسربات التكييف في {LOC} وكيف يشخصها الخبراء | كيف تتم كشف تسربات التكييف في {LOC} خطوة بخطوة بأيدي متخصصين | أخطاء شائعة يقع فيها أصحاب المنازل عند طلب كشف تسربات التكييف في {LOC} | خدمات ماكس آرت + جدول الأسعار التقريبية ل كشف تسربات التكييف في {LOC} | الأسئلة الشائعة عن كشف تسربات التكييف في {LOC} — إجابات خبراء ماكس آرت | لماذا ماكس آرت هي الخيار الأول ل كشف تسربات التكييف في {LOC}؟
2810,post,شركة كشف تسربات الغاز في جبل علي,https://max-art-ae.com/shrkh-kshf-tsrbat-alghaz-fy-jbl-aly/,2026-09-11,1377,0,8,14,كشف/إصلاح تسربات,كشف/إصلاح تسربات,15,2585,قالب/نصوص نمطية | لا H1 في جسم المحتوى | صورة بارزة مكررة على نطاق واسع | محتوى مكرر/متشابه | تآكل كلمات مفتاحية,عبارات نمطية: كتب هذا المقال؛ آخر تحديث؛ مراجعة:؛ فريق ماكس آرت؛ هي خدمة متخصصة تُقدّمها؛ باستخدام أحدث الأجهزة والمعدات؛ لا H1 داخل جسم المقالة (ووردبريس عادةً يعرض العنوان كـ H1 من القالب)؛ Schema JSON-LD مضمّن داخل المحتوى؛ نفس الصورة البارزة مستخدمة على 281 عنصراً (ID 2585)؛ متشابه جداً مع مقالات أخرى في DUP-003 (23)؛ 23 مقالات تتنافس على نية شبه مطابقة,DUP-003 (23),CAN-003 (23),كل ما تحتاج معرفته عن كشف تسربات الغاز في {LOC} 2026 | علامات تحتاج فيها كشف تسربات الغاز في {LOC} فورا | الأسباب الجذرية لمشكلات كشف تسربات الغاز في {LOC} وكيف يشخصها الخبراء | كيف تتم كشف تسربات الغاز في {LOC} خطوة بخطوة بأيدي متخصصين | أخطاء شائعة يقع فيها أصحاب المنازل عند طلب كشف تسربات الغاز في {LOC} | خدمات ماكس آرت + جدول الأسعار التقريبية ل كشف تسربات الغاز في {LOC} | الأسئلة الشائعة عن كشف تسربات الغاز في {LOC} — إجابات خبراء ماكس آرت | لماذا ماكس آرت هي الخيار الأول ل كشف تسربات الغاز في {LOC}؟
2771,post,شركة كشف تسربات بدون تكسير في الرحمانية,https://max-art-ae.com/shrkh-kshf-tsrbat-bdwn-tksyr-fy-alrhmanyh/,2026-09-11,1377,0,8,14,كشف/إصلاح تسربات,كشف/إصلاح تسربات,15,2585,قالب/نصوص نمطية | لا H1 في جسم المحتوى | صورة بارزة مكررة على نطاق واسع,عبارات نمطية: كتب هذا المقال؛ آخر تحديث؛ مراجعة:؛ فريق ماكس آرت؛ هي خدمة متخصصة تُقدّمها؛ باستخدام أحدث الأجهزة والمعدات؛ لا H1 داخل جسم المقالة (ووردبريس عادةً يعرض العنوان كـ H1 من القالب)؛ Schema JSON-LD مضمّن داخل المحتوى؛ نفس الصورة البارزة مستخدمة على 281 عنصراً (ID 2585),,,كل ما تحتاج معرفته عن كشف تسربات بدون تكسير في الرحمانية 2026 | علامات تحتاج فيها كشف تسربات بدون تكسير في الرحمانية فورا | الأسباب الجذرية لمشكلات كشف تسربات بدون تكسير في الرحمانية وكيف يشخصها الخبراء | كيف تتم كشف تسربات بدون تكسير في الرحمانية خطوة بخطوة بأيدي متخصصين | أخطاء شائعة يقع فيها أصحاب المنازل عند طلب كشف تسربات بدون تكسير في الرحمانية | خدمات ماكس آرت + جدول الأسعار التقريبية ل كشف تسربات بدون تكسير في الرحمانية | الأسئلة الشائعة عن كشف تسربات بدون تكسير في الرحمانية — إجابات خبراء ماكس آرت | لماذا ماكس آرت هي الخيار الأول ل كشف تسربات بدون تكسير في الرحمانية؟
2738,post,شركة كشف تسربات بدون تكسير في الشارقة,https://max-art-ae.com/shrkh-kshf-tsrbat-bdwn-tksyr-fy-alsharqh/,2026-09-11,1377,0,8,14,كشف/إصلاح تسربات,كشف/إصلاح تسربات,13,2585,قالب/نصوص نمطية | لا H1 في جسم المحتوى | صورة بارزة مكررة على نطاق واسع | محتوى مكرر/متشابه | تآكل كلمات مفتاحية,عبارات نمطية: كتب هذا المقال؛ آخر تحديث؛ مراجعة:؛ فريق ماكس آرت؛ هي خدمة متخصصة تُقدّمها؛ باستخدام أحدث الأجهزة والمعدات؛ لا H1 داخل جسم المقالة (ووردبريس عادةً يعرض العنوان كـ H1 من القالب)؛ نفس الصورة البارزة مستخدمة على 281 عنصراً (ID 2585)؛ متشابه جداً مع مقالات أخرى في DUP-004 (23)؛ 23 مقالات تتنافس على نية شبه مطابقة,DUP-004 (23),CAN-004 (23),كل ما تحتاج معرفته عن كشف تسربات بدون تكسير في {LOC} 2026 | علامات تحتاج فيها كشف تسربات بدون تكسير في {LOC} فورا | الأسباب الجذرية لمشكلات كشف تسربات بدون تكسير في {LOC} وكيف يشخصها الخبراء | كيف تتم كشف تسربات بدون تكسير في {LOC} خطوة بخطوة بأيدي متخصصين | أخطاء شائعة يقع فيها أصحاب المنازل عند طلب كشف تسربات بدون تكسير في {LOC} | خدمات ماكس آرت + جدول الأسعار التقريبية ل كشف تسربات بدون تكسير في {LOC} | الأسئلة الشائعة عن كشف تسربات بدون تكسير في {LOC} — إجابات خبراء ماكس آرت | لماذا ماكس آرت هي الخيار الأول ل كشف تسربات بدون تكسير في {LOC}؟
2891,post,شركة كشف تسربات التكييف في المرابع العربية,https://max-art-ae.com/shrkh-kshf-tsrbat-altkyyf-fy-almraba-alarbyh/,2026-09-11,1376,0,8,14,كشف/إصلاح تسربات,كشف/إصلاح تسربات,15,2585,قالب/نصوص نمطية | لا H1 في جسم المحتوى | صورة بارزة مكررة على نطاق واسع,عبارات نمطية: كتب هذا المقال؛ آخر تحديث؛ مراجعة:؛ فريق ماكس آرت؛ هي خدمة متخصصة تُقدّمها؛ باستخدام أحدث الأجهزة والمعدات؛ لا H1 داخل جسم المقالة (ووردبريس عادةً يعرض العنوان كـ H1 من القالب)؛ نفس الصورة البارزة مستخدمة على 281 عنصراً (ID 2585),,,كل ما تحتاج معرفته عن كشف تسربات التكييف في المرابع العربية 2026 | علامات تحتاج فيها كشف تسربات التكييف في المرابع العربية فورا | الأسباب الجذرية لمشكلات كشف تسربات التكييف في المرابع العربية وكيف يشخصها الخبراء | كيف تتم كشف تسربات التكييف في المرابع العربية خطوة بخطوة بأيدي متخصصين | أخطاء شائعة يقع فيها أصحاب المنازل عند طلب كشف تسربات التكييف في المرابع العربية | خدمات ماكس آرت + جدول الأسعار التقريبية ل كشف تسربات التكييف في المرابع العربية | الأسئلة الشائعة عن كشف تسربات التكييف في المرابع العربية — إجابات خبراء ماكس آرت | لماذا ماكس آرت هي الخيار الأول ل كشف تسربات التكييف في المرابع العربية؟
2733,post,شركة كشف تسربات المياه في نخلة جميرا,https://max-art-ae.com/shrkh-kshf-tsrbat-almyah-fy-nkhlh-jmyra/,2026-09-11,1376,0,8,14,كشف/إصلاح تسربات,كشف/إصلاح تسربات,13,2585,قالب/نصوص نمطية | لا H1 في جسم المحتوى | صورة بارزة مكررة على نطاق واسع,عبارات نمطية: كتب هذا المقال؛ آخر تحديث؛ مراجعة:؛ فريق ماكس آرت؛ هي خدمة متخصصة تُقدّمها؛ باستخدام أحدث الأجهزة والمعدات؛ لا H1 داخل جسم المقالة (ووردبريس عادةً يعرض العنوان كـ H1 من القالب)؛ نفس الصورة البارزة مستخدمة على 281 عنصراً (ID 2585),,,كل ما تحتاج معرفته عن كشف تسربات المياه في نخلة {LOC} 2026 | علامات تحتاج فيها كشف تسربات المياه في نخلة {LOC} فورا | الأسباب الجذرية لمشكلات كشف تسربات المياه في نخلة {LOC} وكيف يشخصها الخبراء | كيف تتم كشف تسربات المياه في نخلة {LOC} خطوة بخطوة بأيدي متخصصين | أخطاء شائعة يقع فيها أصحاب المنازل عند طلب كشف تسربات المياه في نخلة {LOC} | خدمات ماكس آرت + جدول الأسعار التقريبية ل كشف تسربات المياه في نخلة {LOC} | الأسئلة الشائعة عن كشف تسربات المياه في نخلة {LOC} — إجابات خبراء ماكس آرت | لماذا ماكس آرت هي الخيار الأول ل كشف تسربات المياه في نخلة {LOC}؟
2706,post,شركة كشف تسربات المياه في بني ياس,https://max-art-ae.com/shrkh-kshf-tsrbat-almyah-fy-bny-yas/,2026-09-11,1376,0,8,14,كشف/إصلاح تسربات,كشف/إصلاح تسربات,13,2585,قالب/نصوص نمطية | لا H1 في جسم المحتوى | صورة بارزة مكررة على نطاق واسع,عبارات نمطية: كتب هذا المقال؛ آخر تحديث؛ مراجعة:؛ فريق ماكس آرت؛ هي خدمة متخصصة تُقدّمها؛ باستخدام أحدث الأجهزة والمعدات؛ لا H1 داخل جسم المقالة (ووردبريس عادةً يعرض العنوان كـ H1 من القالب)؛ نفس الصورة البارزة مستخدمة على 281 عنصراً (ID 2585),,,كل ما تحتاج معرفته عن كشف تسربات المياه في بني ياس 2026 | علامات تحتاج فيها كشف تسربات المياه في بني ياس فورا | الأسباب الجذرية لمشكلات كشف تسربات المياه في بني ياس وكيف يشخصها الخبراء | كيف تتم كشف تسربات المياه في بني ياس خطوة بخطوة بأيدي متخصصين | أخطاء شائعة يقع فيها أصحاب المنازل عند طلب كشف تسربات المياه في بني ياس | خدمات ماكس آرت + جدول الأسعار التقريبية ل كشف تسربات المياه في بني ياس | الأسئلة الشائعة عن كشف تسربات المياه في بني ياس — إجابات خبراء ماكس آرت | لماذا ماكس آرت هي الخيار الأول ل كشف تسربات المياه في بني ياس؟
2868,post,شركة كشف تسربات التكييف في بني ياس,https://max-art-ae.com/shrkh-kshf-tsrbat-altkyyf-fy-bny-yas/,2026-09-11,1375,0,8,14,كشف/إصلاح تسربات,كشف/إصلاح تسربات,15,2585,قالب/نصوص نمطية | لا H1 في جسم المحتوى | صورة بارزة مكررة على نطاق واسع,عبارات نمطية: كتب هذا المقال؛ آخر تحديث؛ مراجعة:؛ فريق ماكس آرت؛ هي خدمة متخصصة تُقدّمها؛ باستخدام أحدث الأجهزة والمعدات؛ لا H1 داخل جسم المقالة (ووردبريس عادةً يعرض العنوان كـ H1 من القالب)؛ نفس الصورة البارزة مستخدمة على 281 عنصراً (ID 2585),,,كل ما تحتاج معرفته عن كشف تسربات التكييف في بني ياس 2026 | علامات تحتاج فيها كشف تسربات التكييف في بني ياس فورا | الأسباب الجذرية لمشكلات كشف تسربات التكييف في بني ياس وكيف يشخصها الخبراء | كيف تتم كشف تسربات التكييف في بني ياس خطوة بخطوة بأيدي متخصصين | أخطاء شائعة يقع فيها أصحاب المنازل عند طلب كشف تسربات التكييف في بني ياس | خدمات ماكس آرت + جدول الأسعار التقريبية ل كشف تسربات التكييف في بني ياس | الأسئلة الشائعة عن كشف تسربات التكييف في بني ياس — إجابات خبراء ماكس آرت | لماذا ماكس آرت هي الخيار الأول ل كشف تسربات التكييف في بني ياس؟
2867,post,شركة كشف تسربات التكييف في مدينة شخبوط,https://max-art-ae.com/shrkh-kshf-tsrbat-altkyyf-fy-mdynh-shkhbwt/,2026-09-11,1375,0,8,14,كشف/إصلاح تسربات,كشف/إصلاح تسربات,16,2585,قالب/نصوص نمطية | لا H1 في جسم المحتوى | صورة بارزة مكررة على نطاق واسع,عبارات نمطية: كتب هذا المقال؛ آخر تحديث؛ مراجعة:؛ فريق ماكس آرت؛ هي خدمة متخصصة تُقدّمها؛ باستخدام أحدث الأجهزة والمعدات؛ لا H1 داخل جسم المقالة (ووردبريس عادةً يعرض العنوان كـ H1 من القالب)؛ نفس الصورة البارزة مستخدمة على 281 عنصراً (ID 2585),,,كل ما تحتاج معرفته عن كشف تسربات التكييف في مدينة شخبوط 2026 | علامات تحتاج فيها كشف تسربات التكييف في مدينة شخبوط فورا | الأسباب الجذرية لمشكلات كشف تسربات التكييف في مدينة شخبوط وكيف يشخصها الخبراء | كيف تتم كشف تسربات التكييف في مدينة شخبوط خطوة بخطوة بأيدي متخصصين | أخطاء شائعة يقع فيها أصحاب المنازل عند طلب كشف تسربات التكييف في مدينة شخبوط | خدمات ماكس آرت + جدول الأسعار التقريبية ل كشف تسربات التكييف في مدينة شخبوط | الأسئلة الشائعة عن كشف تسربات التكييف في مدينة شخبوط — إجابات خبراء ماكس آرت | لماذا ماكس آرت هي الخيار الأول ل كشف تسربات التكييف في مدينة شخبوط؟
2841,post,شركة كشف تسربات الغاز في نخلة جميرا,https://max-art-ae.com/shrkh-kshf-tsrbat-alghaz-fy-nkhlh-jmyra/,2026-09-11,1375,0,8,14,كشف/إصلاح تسربات,كشف/إصلاح تسربات,13,2585,قالب/نصوص نمطية | لا H1 في جسم المحتوى | صورة بارزة مكررة على نطاق واسع,عبارات نمطية: كتب هذا المقال؛ آخر تحديث؛ مراجعة:؛ فريق ماكس آرت؛ هي خدمة متخصصة تُقدّمها؛ باستخدام أحدث الأجهزة والمعدات؛ لا H1 داخل جسم المقالة (ووردبريس عادةً يعرض العنوان كـ H1 من القالب)؛ نفس الصورة البارزة مستخدمة على 281 عنصراً (ID 2585),,,كل ما تحتاج معرفته عن كشف تسربات الغاز في نخلة {LOC} 2026 | علامات تحتاج فيها كشف تسربات الغاز في نخلة {LOC} فورا | الأسباب الجذرية لمشكلات كشف تسربات الغاز في نخلة {LOC} وكيف يشخصها الخبراء | كيف تتم كشف تسربات الغاز في نخلة {LOC} خطوة بخطوة بأيدي متخصصين | أخطاء شائعة يقع فيها أصحاب المنازل عند طلب كشف تسربات الغاز في نخلة {LOC} | خدمات ماكس آرت + جدول الأسعار التقريبية ل كشف تسربات الغاز في نخلة {LOC} | الأسئلة الشائعة عن كشف تسربات الغاز في نخلة {LOC} — إجابات خبراء ماكس آرت | لماذا ماكس آرت هي الخيار الأول ل كشف تسربات الغاز في نخلة {LOC}؟
2836,post,شركة كشف تسربات الغاز في دبا الفجيرة,https://max-art-ae.com/shrkh-kshf-tsrbat-alghaz-fy-dba-alfjyrh/,2026-09-11,1375,0,8,14,كشف/إصلاح تسربات,كشف/إصلاح تسربات,13,2585,قالب/نصوص نمطية | لا H1 في جسم المحتوى | صورة بارزة مكررة على نطاق واسع,عبارات نمطية: كتب هذا المقال؛ آخر تحديث؛ مراجعة:؛ فريق ماكس آرت؛ هي خدمة متخصصة تُقدّمها؛ باستخدام أحدث الأجهزة والمعدات؛ لا H1 داخل جسم المقالة (ووردبريس عادةً يعرض العنوان كـ H1 من القالب)؛ نفس الصورة البارزة مستخدمة على 281 عنصراً (ID 2585),,,كل ما تحتاج معرفته عن كشف تسربات الغاز في {LOC} {LOC} 2026 | علامات تحتاج فيها كشف تسربات الغاز في {LOC} {LOC} فورا | الأسباب الجذرية لمشكلات كشف تسربات الغاز في {LOC} {LOC} وكيف يشخصها الخبراء | كيف تتم كشف تسربات الغاز في {LOC} {LOC} خطوة بخطوة بأيدي متخصصين | أخطاء شائعة يقع فيها أصحاب المنازل عند طلب كشف تسربات الغاز في {LOC} {LOC} | خدمات ماكس آرت + جدول الأسعار التقريبية ل كشف تسربات الغاز في {LOC} {LOC} | الأسئلة الشائعة عن كشف تسربات الغاز في {LOC} {LOC} — إجابات خبراء ماكس آرت | لماذا ماكس آرت هي الخيار الأول ل كشف تسربات الغاز في {LOC} {LOC}؟
2769,post,شركة كشف تسربات بدون تكسير في النهضة,https://max-art-ae.com/shrkh-kshf-tsrbat-bdwn-tksyr-fy-alnhdh/,2026-09-11,1375,0,8,14,كشف/إصلاح تسربات,كشف/إصلاح تسربات,14,2585,قالب/نصوص نمطية | لا H1 في جسم المحتوى | صورة بارزة مكررة على نطاق واسع,عبارات نمطية: كتب هذا المقال؛ آخر تحديث؛ مراجعة:؛ فريق ماكس آرت؛ هي خدمة متخصصة تُقدّمها؛ باستخدام أحدث الأجهزة والمعدات؛ لا H1 داخل جسم المقالة (ووردبريس عادةً يعرض العنوان كـ H1 من القالب)؛ نفس الصورة البارزة مستخدمة على 281 عنصراً (ID 2585),,,كل ما تحتاج معرفته عن كشف تسربات بدون تكسير في النهضة 2026 | علامات تحتاج فيها كشف تسربات بدون تكسير في النهضة فورا | الأسباب الجذرية لمشكلات كشف تسربات بدون تكسير في النهضة وكيف يشخصها الخبراء | كيف تتم كشف تسربات بدون تكسير في النهضة خطوة بخطوة بأيدي متخصصين | أخطاء شائعة يقع فيها أصحاب المنازل عند طلب كشف تسربات بدون تكسير في النهضة | خدمات ماكس آرت + جدول الأسعار التقريبية ل كشف تسربات بدون تكسير في النهضة | الأسئلة الشائعة عن كشف تسربات بدون تكسير في النهضة — إجابات خبراء ماكس آرت | لماذا ماكس آرت هي الخيار الأول ل كشف تسربات بدون تكسير في النهضة؟
2728,post,شركة كشف تسربات المياه في دبا الفجيرة,https://max-art-ae.com/shrkh-kshf-tsrbat-almyah-fy-dba-alfjyrh/,2026-09-11,1375,0,8,14,كشف/إصلاح تسربات,كشف/إصلاح تسربات,13,2585,قالب/نصوص نمطية | لا H1 في جسم المحتوى | صورة بارزة مكررة على نطاق واسع,عبارات نمطية: كتب هذا المقال؛ آخر تحديث؛ مراجعة:؛ فريق ماكس آرت؛ هي خدمة متخصصة تُقدّمها؛ باستخدام أحدث الأجهزة والمعدات؛ لا H1 داخل جسم المقالة (ووردبريس عادةً يعرض العنوان كـ H1 من القالب)؛ نفس الصورة البارزة مستخدمة على 281 عنصراً (ID 2585),,,كل ما تحتاج معرفته عن كشف تسربات المياه في {LOC} {LOC} 2026 | علامات تحتاج فيها كشف تسربات المياه في {LOC} {LOC} فورا | الأسباب الجذرية لمشكلات كشف تسربات المياه في {LOC} {LOC} وكيف يشخصها الخبراء | كيف تتم كشف تسربات المياه في {LOC} {LOC} خطوة بخطوة بأيدي متخصصين | أخطاء شائعة يقع فيها أصحاب المنازل عند طلب كشف تسربات المياه في {LOC} {LOC} | خدمات ماكس آرت + جدول الأسعار التقريبية ل كشف تسربات المياه في {LOC} {LOC} | الأسئلة الشائعة عن كشف تسربات المياه في {LOC} {LOC} — إجابات خبراء ماكس آرت | لماذا ماكس آرت هي الخيار الأول ل كشف تسربات المياه في {LOC} {LOC}؟
2703,post,شركة كشف تسربات المياه في مدينة خليفة,https://max-art-ae.com/shrkh-kshf-tsrbat-almyah-fy-mdynh-khlyfh/,2026-09-11,1375,0,8,14,كشف/إصلاح تسربات,كشف/إصلاح تسربات,13,2585,قالب/نصوص نمطية | لا H1 في جسم المحتوى | صورة بارزة مكررة على نطاق واسع,عبارات نمطية: كتب هذا المقال؛ آخر تحديث؛ مراجعة:؛ فريق ماكس آرت؛ هي خدمة متخصصة تُقدّمها؛ باستخدام أحدث الأجهزة والمعدات؛ لا H1 داخل جسم المقالة (ووردبريس عادةً يعرض العنوان كـ H1 من القالب)؛ نفس الصورة البارزة مستخدمة على 281 عنصراً (ID 2585),,,كل ما تحتاج معرفته عن كشف تسربات المياه في مدينة خليفة 2026 | علامات تحتاج فيها كشف تسربات المياه في مدينة خليفة فورا | الأسباب الجذرية لمشكلات كشف تسربات المياه في مدينة خليفة وكيف يشخصها الخبراء | كيف تتم كشف تسربات المياه في مدينة خليفة خطوة بخطوة بأيدي متخصصين | أخطاء شائعة يقع فيها أصحاب المنازل عند طلب كشف تسربات المياه في مدينة خليفة | خدمات ماكس آرت + جدول الأسعار التقريبية ل كشف تسربات المياه في مدينة خليفة | الأسئلة الشائعة عن كشف تسربات المياه في مدينة خليفة — إجابات خبراء ماكس آرت | لماذا ماكس آرت هي الخيار الأول ل كشف تسربات المياه في مدينة خليفة؟
2837,post,شركة كشف تسربات الغاز في المرابع العربية,https://max-art-ae.com/shrkh-kshf-tsrbat-alghaz-fy-almraba-alarbyh/,2026-09-11,1374,0,8,14,كشف/إصلاح تسربات,كشف/إصلاح تسربات,13,2585,قالب/نصوص نمطية | لا H1 في جسم المحتوى | صورة بارزة مكررة على نطاق واسع,عبارات نمطية: كتب هذا المقال؛ آخر تحديث؛ مراجعة:؛ فريق ماكس آرت؛ هي خدمة متخصصة تُقدّمها؛ باستخدام أحدث الأجهزة والمعدات؛ لا H1 داخل جسم المقالة (ووردبريس عادةً يعرض العنوان كـ H1 من القالب)؛ نفس الصورة البارزة مستخدمة على 281 عنصراً (ID 2585),,,كل ما تحتاج معرفته عن كشف تسربات الغاز في المرابع العربية 2026 | علامات تحتاج فيها كشف تسربات الغاز في المرابع العربية فورا | الأسباب الجذرية لمشكلات كشف تسربات الغاز في المرابع العربية وكيف يشخصها الخبراء | كيف تتم كشف تسربات الغاز في المرابع العربية خطوة بخطوة بأيدي متخصصين | أخطاء شائعة يقع فيها أصحاب المنازل عند طلب كشف تسربات الغاز في المرابع العربية | خدمات ماكس آرت + جدول الأسعار التقريبية ل كشف تسربات الغاز في المرابع العربية | الأسئلة الشائعة عن كشف تسربات الغاز في المرابع العربية — إجابات خبراء ماكس آرت | لماذا ماكس آرت هي الخيار الأول ل كشف تسربات الغاز في المرابع العربية؟
2834,post,شركة كشف تسربات الغاز في الجزيرة الحمراء,https://max-art-ae.com/shrkh-kshf-tsrbat-alghaz-fy-aljzyrh-alhmra/,2026-09-11,1374,0,8,14,كشف/إصلاح تسربات,كشف/إصلاح تسربات,15,2585,قالب/نصوص نمطية | لا H1 في جسم المحتوى | صورة بارزة مكررة على نطاق واسع,عبارات نمطية: كتب هذا المقال؛ آخر تحديث؛ مراجعة:؛ فريق ماكس آرت؛ هي خدمة متخصصة تُقدّمها؛ باستخدام أحدث الأجهزة والمعدات؛ لا H1 داخل جسم المقالة (ووردبريس عادةً يعرض العنوان كـ H1 من القالب)؛ Schema JSON-LD مضمّن داخل المحتوى؛ نفس الصورة البارزة مستخدمة على 281 عنصراً (ID 2585),,,كل ما تحتاج معرفته عن كشف تسربات الغاز في الجزيرة الحمراء 2026 | علامات تحتاج فيها كشف تسربات الغاز في الجزيرة الحمراء فورا | الأسباب الجذرية لمشكلات كشف تسربات الغاز في الجزيرة الحمراء وكيف يشخصها الخبراء | كيف تتم كشف تسربات الغاز في الجزيرة الحمراء خطوة بخطوة بأيدي متخصصين | أخطاء شائعة يقع فيها أصحاب المنازل عند طلب كشف تسربات الغاز في الجزيرة الحمراء | خدمات ماكس آرت + جدول الأسعار التقريبية ل كشف تسربات الغاز في الجزيرة الحمراء | الأسئلة الشائعة عن كشف تسربات الغاز في الجزيرة الحمراء — إجابات خبراء ماكس آرت | لماذا ماكس آرت هي الخيار الأول ل كشف تسربات الغاز في الجزيرة الحمراء؟
2747,post,شركة كشف تسربات بدون تكسير في حتا,https://max-art-ae.com/shrkh-kshf-tsrbat-bdwn-tksyr-fy-hta/,2026-09-11,1373,0,8,14,كشف/إصلاح تسربات,كشف/إصلاح تسربات,13,2585,قالب/نصوص نمطية | لا H1 في جسم المحتوى | صورة بارزة مكررة على نطاق واسع,عبارات نمطية: كتب هذا المقال؛ آخر تحديث؛ مراجعة:؛ فريق ماكس آرت؛ هي خدمة متخصصة تُقدّمها؛ باستخدام أحدث الأجهزة والمعدات؛ لا H1 داخل جسم المقالة (ووردبريس عادةً يعرض العنوان كـ H1 من القالب)؛ Schema JSON-LD مضمّن داخل المحتوى؛ نفس الصورة البارزة مستخدمة على 281 عنصراً (ID 2585),,,كل ما تحتاج معرفته عن كشف تسربات بدون تكسير في حتا 2026 | علامات تحتاج فيها كشف تسربات بدون تكسير في حتا فورا | الأسباب الجذرية لمشكلات كشف تسربات بدون تكسير في حتا وكيف يشخصها الخبراء | كيف تتم كشف تسربات بدون تكسير في حتا خطوة بخطوة بأيدي متخصصين | أخطاء شائعة يقع فيها أصحاب المنازل عند طلب كشف تسربات بدون تكسير في حتا | خدمات ماكس آرت + جدول الأسعار التقريبية ل كشف تسربات بدون تكسير في حتا | الأسئلة الشائعة عن كشف تسربات بدون تكسير في حتا — إجابات خبراء ماكس آرت | لماذا ماكس آرت هي الخيار الأول ل كشف تسربات بدون تكسير في حتا؟
2746,post,شركة كشف تسربات بدون تكسير في الذيد,https://max-art-ae.com/shrkh-kshf-tsrbat-bdwn-tksyr-fy-aldhyd/,2026-09-11,1373,0,8,14,كشف/إصلاح تسربات,كشف/إصلاح تسربات,14,2585,قالب/نصوص نمطية | لا H1 في جسم المحتوى | صورة بارزة مكررة على نطاق واسع | محتوى مكرر/متشابه | تآكل كلمات مفتاحية,عبارات نمطية: كتب هذا المقال؛ آخر تحديث؛ مراجعة:؛ فريق ماكس آرت؛ هي خدمة متخصصة تُقدّمها؛ باستخدام أحدث الأجهزة والمعدات؛ لا H1 داخل جسم المقالة (ووردبريس عادةً يعرض العنوان كـ H1 من القالب)؛ نفس الصورة البارزة مستخدمة على 281 عنصراً (ID 2585)؛ متشابه جداً مع مقالات أخرى في DUP-004 (23)؛ 23 مقالات تتنافس على نية شبه مطابقة,DUP-004 (23),CAN-004 (23),كل ما تحتاج معرفته عن كشف تسربات بدون تكسير في {LOC} 2026 | علامات تحتاج فيها كشف تسربات بدون تكسير في {LOC} فورا | الأسباب الجذرية لمشكلات كشف تسربات بدون تكسير في {LOC} وكيف يشخصها الخبراء | كيف تتم كشف تسربات بدون تكسير في {LOC} خطوة بخطوة بأيدي متخصصين | أخطاء شائعة يقع فيها أصحاب المنازل عند طلب كشف تسربات بدون تكسير في {LOC} | خدمات ماكس آرت + جدول الأسعار التقريبية ل كشف تسربات بدون تكسير في {LOC} | الأسئلة الشائعة عن كشف تسربات بدون تكسير في {LOC} — إجابات خبراء ماكس آرت | لماذا ماكس آرت هي الخيار الأول ل كشف تسربات بدون تكسير في {LOC}؟
2739,post,شركة كشف تسربات بدون تكسير في العين,https://max-art-ae.com/shrkh-kshf-tsrbat-bdwn-tksyr-fy-alayn/,2026-09-11,1373,0,8,14,كشف/إصلاح تسربات,كشف/إصلاح تسربات,13,2585,قالب/نصوص نمطية | لا H1 في جسم المحتوى | صورة بارزة مكررة على نطاق واسع | محتوى مكرر/متشابه | تآكل كلمات مفتاحية,عبارات نمطية: كتب هذا المقال؛ آخر تحديث؛ مراجعة:؛ فريق ماكس آرت؛ هي خدمة متخصصة تُقدّمها؛ باستخدام أحدث الأجهزة والمعدات؛ لا H1 داخل جسم المقالة (ووردبريس عادةً يعرض العنوان كـ H1 من القالب)؛ نفس الصورة البارزة مستخدمة على 281 عنصراً (ID 2585)؛ متشابه جداً مع مقالات أخرى في DUP-004 (23)؛ 23 مقالات تتنافس على نية شبه مطابقة,DUP-004 (23),CAN-004 (23),كل ما تحتاج معرفته عن كشف تسربات بدون تكسير في {LOC} 2026 | علامات تحتاج فيها كشف تسربات بدون تكسير في {LOC} فورا | الأسباب الجذرية لمشكلات كشف تسربات بدون تكسير في {LOC} وكيف يشخصها الخبراء | كيف تتم كشف تسربات بدون تكسير في {LOC} خطوة بخطوة بأيدي متخصصين | أخطاء شائعة يقع فيها أصحاب المنازل عند طلب كشف تسربات بدون تكسير في {LOC} | خدمات ماكس آرت + جدول الأسعار التقريبية ل كشف تسربات بدون تكسير في {LOC} | الأسئلة الشائعة عن كشف تسربات بدون تكسير في {LOC} — إجابات خبراء ماكس آرت | لماذا ماكس آرت هي الخيار الأول ل كشف تسربات بدون تكسير في {LOC}؟
2921,post,شركة إصلاح تسرب المياه في مدينة شخبوط,https://max-art-ae.com/shrkh-aslah-tsrb-almyah-fy-mdynh-shkhbwt/,2026-09-11,1372,0,8,14,كشف/إصلاح تسربات,كشف/إصلاح تسربات,15,2585,قالب/نصوص نمطية | لا H1 في جسم المحتوى | صورة بارزة مكررة على نطاق واسع,عبارات نمطية: كتب هذا المقال؛ آخر تحديث؛ مراجعة:؛ فريق ماكس آرت؛ هي خدمة متخصصة تُقدّمها؛ باستخدام أحدث الأجهزة والمعدات؛ لا H1 داخل جسم المقالة (ووردبريس عادةً يعرض العنوان كـ H1 من القالب)؛ نفس الصورة البارزة مستخدمة على 281 عنصراً (ID 2585),,,كل ما تحتاج معرفته عن إصلاح تسرب المياه في مدينة شخبوط 2026 | علامات تحتاج فيها إصلاح تسرب المياه في مدينة شخبوط فورا | الأسباب الجذرية لمشكلات إصلاح تسرب المياه في مدينة شخبوط وكيف يشخصها الخبراء | كيف تتم إصلاح تسرب المياه في مدينة شخبوط خطوة بخطوة بأيدي متخصصين | أخطاء شائعة يقع فيها أصحاب المنازل عند طلب إصلاح تسرب المياه في مدينة شخبوط | خدمات ماكس آرت + جدول الأسعار التقريبية ل إصلاح تسرب المياه في مدينة شخبوط | الأسئلة الشائعة عن إصلاح تسرب المياه في مدينة شخبوط — إجابات خبراء ماكس آرت | لماذا ماكس آرت هي الخيار الأول ل إصلاح تسرب المياه في مدينة شخبوط؟
2895,post,شركة كشف تسربات التكييف في نخلة جميرا,https://max-art-ae.com/shrkh-kshf-tsrbat-altkyyf-fy-nkhlh-jmyra/,2026-09-11,1372,0,8,14,كشف/إصلاح تسربات,كشف/إصلاح تسربات,15,2585,قالب/نصوص نمطية | لا H1 في جسم المحتوى | صورة بارزة مكررة على نطاق واسع,عبارات نمطية: كتب هذا المقال؛ آخر تحديث؛ مراجعة:؛ فريق ماكس آرت؛ هي خدمة متخصصة تُقدّمها؛ باستخدام أحدث الأجهزة والمعدات؛ لا H1 داخل جسم المقالة (ووردبريس عادةً يعرض العنوان كـ H1 من القالب)؛ Schema JSON-LD مضمّن داخل المحتوى؛ نفس الصورة البارزة مستخدمة على 281 عنصراً (ID 2585),,,كل ما تحتاج معرفته عن كشف تسربات التكييف في نخلة {LOC} 2026 | علامات تحتاج فيها كشف تسربات التكييف في نخلة {LOC} فورا | الأسباب الجذرية لمشكلات كشف تسربات التكييف في نخلة {LOC} وكيف يشخصها الخبراء | كيف تتم كشف تسربات التكييف في نخلة {LOC} خطوة بخطوة بأيدي متخصصين | أخطاء شائعة يقع فيها أصحاب المنازل عند طلب كشف تسربات التكييف في نخلة {LOC} | خدمات ماكس آرت + جدول الأسعار التقريبية ل كشف تسربات التكييف في نخلة {LOC} | الأسئلة الشائعة عن كشف تسربات التكييف في نخلة {LOC} — إجابات خبراء ماكس آرت | لماذا ماكس آرت هي الخيار الأول ل كشف تسربات التكييف في نخلة {LOC}؟
2892,post,شركة كشف تسربات التكييف في داماك هيلز,https://max-art-ae.com/shrkh-kshf-tsrbat-altkyyf-fy-damak-hylz/,2026-09-11,1372,0,8,14,كشف/إصلاح تسربات,كشف/إصلاح تسربات,15,2585,قالب/نصوص نمطية | لا H1 في جسم المحتوى | صورة بارزة مكررة على نطاق واسع,عبارات نمطية: كتب هذا المقال؛ آخر تحديث؛ مراجعة:؛ فريق ماكس آرت؛ هي خدمة متخصصة تُقدّمها؛ باستخدام أحدث الأجهزة والمعدات؛ لا H1 داخل جسم المقالة (ووردبريس عادةً يعرض العنوان كـ H1 من القالب)؛ Schema JSON-LD مضمّن داخل المحتوى؛ نفس الصورة البارزة مستخدمة على 281 عنصراً (ID 2585),,,كل ما تحتاج معرفته عن كشف تسربات التكييف في داماك هيلز 2026 | علامات تحتاج فيها كشف تسربات التكييف في داماك هيلز فورا | الأسباب الجذرية لمشكلات كشف تسربات التكييف في داماك هيلز وكيف يشخصها الخبراء | كيف تتم كشف تسربات التكييف في داماك هيلز خطوة بخطوة بأيدي متخصصين | أخطاء شائعة يقع فيها أصحاب المنازل عند طلب كشف تسربات التكييف في داماك هيلز | خدمات ماكس آرت + جدول الأسعار التقريبية ل كشف تسربات التكييف في داماك هيلز | الأسئلة الشائعة عن كشف تسربات التكييف في داماك هيلز — إجابات خبراء ماكس آرت | لماذا ماكس آرت هي الخيار الأول ل كشف تسربات التكييف في داماك هيلز؟
2813,post,شركة كشف تسربات الغاز في مدينة شخبوط,https://max-art-ae.com/shrkh-kshf-tsrbat-alghaz-fy-mdynh-shkhbwt/,2026-09-11,1372,0,8,14,كشف/إصلاح تسربات,كشف/إصلاح تسربات,17,2585,قالب/نصوص نمطية | لا H1 في جسم المحتوى | صورة بارزة مكررة على نطاق واسع,عبارات نمطية: كتب هذا المقال؛ آخر تحديث؛ مراجعة:؛ فريق ماكس آرت؛ هي خدمة متخصصة تُقدّمها؛ باستخدام أحدث الأجهزة والمعدات؛ لا H1 داخل جسم المقالة (ووردبريس عادةً يعرض العنوان كـ H1 من القالب)؛ نفس الصورة البارزة مستخدمة على 281 عنصراً (ID 2585),,,كل ما تحتاج معرفته عن كشف تسربات الغاز في مدينة شخبوط 2026 | علامات تحتاج فيها كشف تسربات الغاز في مدينة شخبوط فورا | الأسباب الجذرية لمشكلات كشف تسربات الغاز في مدينة شخبوط وكيف يشخصها الخبراء | كيف تتم كشف تسربات الغاز في مدينة شخبوط خطوة بخطوة بأيدي متخصصين | أخطاء شائعة يقع فيها أصحاب المنازل عند طلب كشف تسربات الغاز في مدينة شخبوط | خدمات ماكس آرت + جدول الأسعار التقريبية ل كشف تسربات الغاز في مدينة شخبوط | الأسئلة الشائعة عن كشف تسربات الغاز في مدينة شخبوط — إجابات خبراء ماكس آرت | لماذا ماكس آرت هي الخيار الأول ل كشف تسربات الغاز في مدينة شخبوط؟
2797,post,شركة كشف تسربات الغاز في أم القيوين,https://max-art-ae.com/shrkh-kshf-tsrbat-alghaz-fy-am-alqywyn/,2026-09-11,1372,0,8,14,كشف/إصلاح تسربات,كشف/إصلاح تسربات,15,2585,قالب/نصوص نمطية | لا H1 في جسم المحتوى | صورة بارزة مكررة على نطاق واسع | محتوى مكرر/متشابه | تآكل كلمات مفتاحية,عبارات نمطية: كتب هذا المقال؛ آخر تحديث؛ مراجعة:؛ فريق ماكس آرت؛ هي خدمة متخصصة تُقدّمها؛ باستخدام أحدث الأجهزة والمعدات؛ لا H1 داخل جسم المقالة (ووردبريس عادةً يعرض العنوان كـ H1 من القالب)؛ Schema JSON-LD مضمّن داخل المحتوى؛ نفس الصورة البارزة مستخدمة على 281 عنصراً (ID 2585)؛ متشابه جداً مع مقالات أخرى في DUP-003 (23)؛ 23 مقالات تتنافس على نية شبه مطابقة,DUP-003 (23),CAN-003 (23),كل ما تحتاج معرفته عن كشف تسربات الغاز في {LOC} 2026 | علامات تحتاج فيها كشف تسربات الغاز في {LOC} فورا | الأسباب الجذرية لمشكلات كشف تسربات الغاز في {LOC} وكيف يشخصها الخبراء | كيف تتم كشف تسربات الغاز في {LOC} خطوة بخطوة بأيدي متخصصين | أخطاء شائعة يقع فيها أصحاب المنازل عند طلب كشف تسربات الغاز في {LOC} | خدمات ماكس آرت + جدول الأسعار التقريبية ل كشف تسربات الغاز في {LOC} | الأسئلة الشائعة عن كشف تسربات الغاز في {LOC} — إجابات خبراء ماكس آرت | لماذا ماكس آرت هي الخيار الأول ل كشف تسربات الغاز في {LOC}؟
2778,post,شركة كشف تسربات بدون تكسير في النعيمية,https://max-art-ae.com/shrkh-kshf-tsrbat-bdwn-tksyr-fy-alnaymyh/,2026-09-11,1372,0,8,14,كشف/إصلاح تسربات,كشف/إصلاح تسربات,12,2585,قالب/نصوص نمطية | لا H1 في جسم المحتوى | صورة بارزة مكررة على نطاق واسع | محتوى مكرر/متشابه | تآكل كلمات مفتاحية,عبارات نمطية: كتب هذا المقال؛ آخر تحديث؛ مراجعة:؛ فريق ماكس آرت؛ هي خدمة متخصصة تُقدّمها؛ باستخدام أحدث الأجهزة والمعدات؛ لا H1 داخل جسم المقالة (ووردبريس عادةً يعرض العنوان كـ H1 من القالب)؛ نفس الصورة البارزة مستخدمة على 281 عنصراً (ID 2585)؛ متشابه جداً مع مقالات أخرى في DUP-004 (23)؛ 23 مقالات تتنافس على نية شبه مطابقة,DUP-004 (23),CAN-004 (23),كل ما تحتاج معرفته عن كشف تسربات بدون تكسير في {LOC} 2026 | علامات تحتاج فيها كشف تسربات بدون تكسير في {LOC} فورا | الأسباب الجذرية لمشكلات كشف تسربات بدون تكسير في {LOC} وكيف يشخصها الخبراء | كيف تتم كشف تسربات بدون تكسير في {LOC} خطوة بخطوة بأيدي متخصصين | أخطاء شائعة يقع فيها أصحاب المنازل عند طلب كشف تسربات بدون تكسير في {LOC} | خدمات ماكس آرت + جدول الأسعار التقريبية ل كشف تسربات بدون تكسير في {LOC} | الأسئلة الشائعة عن كشف تسربات بدون تكسير في {LOC} — إجابات خبراء ماكس آرت | لماذا ماكس آرت هي الخيار الأول ل كشف تسربات بدون تكسير في {LOC}؟
2768,post,شركة كشف تسربات بدون تكسير في التعاون,https://max-art-ae.com/shrkh-kshf-tsrbat-bdwn-tksyr-fy-altaawn/,2026-09-11,1372,0,8,14,كشف/إصلاح تسربات,كشف/إصلاح تسربات,15,2585,قالب/نصوص نمطية | لا H1 في جسم المحتوى | صورة بارزة مكررة على نطاق واسع,عبارات نمطية: كتب هذا المقال؛ آخر تحديث؛ مراجعة:؛ فريق ماكس آرت؛ هي خدمة متخصصة تُقدّمها؛ باستخدام أحدث الأجهزة والمعدات؛ لا H1 داخل جسم المقالة (ووردبريس عادةً يعرض العنوان كـ H1 من القالب)؛ Schema JSON-LD مضمّن داخل المحتوى؛ نفس الصورة البارزة مستخدمة على 281 عنصراً (ID 2585),,,كل ما تحتاج معرفته عن كشف تسربات بدون تكسير في التعاون 2026 | علامات تحتاج فيها كشف تسربات بدون تكسير في التعاون فورا | الأسباب الجذرية لمشكلات كشف تسربات بدون تكسير في التعاون وكيف يشخصها الخبراء | كيف تتم كشف تسربات بدون تكسير في التعاون خطوة بخطوة بأيدي متخصصين | أخطاء شائعة يقع فيها أصحاب المنازل عند طلب كشف تسربات بدون تكسير في التعاون | خدمات ماكس آرت + جدول الأسعار التقريبية ل كشف تسربات بدون تكسير في التعاون | الأسئلة الشائعة عن كشف تسربات بدون تكسير في التعاون — إجابات خبراء ماكس آرت | لماذا ماكس آرت هي الخيار الأول ل كشف تسربات بدون تكسير في التعاون؟
2755,post,شركة كشف تسربات بدون تكسير في القوز,https://max-art-ae.com/shrkh-kshf-tsrbat-bdwn-tksyr-fy-alqwz/,2026-09-11,1372,0,8,14,كشف/إصلاح تسربات,كشف/إصلاح تسربات,14,2585,قالب/نصوص نمطية | لا H1 في جسم المحتوى | صورة بارزة مكررة على نطاق واسع | محتوى مكرر/متشابه | تآكل كلمات مفتاحية,عبارات نمطية: كتب هذا المقال؛ آخر تحديث؛ مراجعة:؛ فريق ماكس آرت؛ هي خدمة متخصصة تُقدّمها؛ باستخدام أحدث الأجهزة والمعدات؛ لا H1 داخل جسم المقالة (ووردبريس عادةً يعرض العنوان كـ H1 من القالب)؛ Schema JSON-LD مضمّن داخل المحتوى؛ نفس الصورة البارزة مستخدمة على 281 عنصراً (ID 2585)؛ متشابه جداً مع مقالات أخرى في DUP-004 (23)؛ 23 مقالات تتنافس على نية شبه مطابقة,DUP-004 (23),CAN-004 (23),كل ما تحتاج معرفته عن كشف تسربات بدون تكسير في {LOC} 2026 | علامات تحتاج فيها كشف تسربات بدون تكسير في {LOC} فورا | الأسباب الجذرية لمشكلات كشف تسربات بدون تكسير في {LOC} وكيف يشخصها الخبراء | كيف تتم كشف تسربات بدون تكسير في {LOC} خطوة بخطوة بأيدي متخصصين | أخطاء شائعة يقع فيها أصحاب المنازل عند طلب كشف تسربات بدون تكسير في {LOC} | خدمات ماكس آرت + جدول الأسعار التقريبية ل كشف تسربات بدون تكسير في {LOC} | الأسئلة الشائعة عن كشف تسربات بدون تكسير في {LOC} — إجابات خبراء ماكس آرت | لماذا ماكس آرت هي الخيار الأول ل كشف تسربات بدون تكسير في {LOC}؟
2918,post,شركة إصلاح تسرب المياه في جبل علي,https://max-art-ae.com/shrkh-aslah-tsrb-almyah-fy-jbl-aly/,2026-09-11,1371,0,8,14,كشف/إصلاح تسربات,كشف/إصلاح تسربات,13,2585,قالب/نصوص نمطية | لا H1 في جسم المحتوى | صورة بارزة مكررة على نطاق واسع | محتوى مكرر/متشابه | تآكل كلمات مفتاحية,عبارات نمطية: كتب هذا المقال؛ آخر تحديث؛ مراجعة:؛ فريق ماكس آرت؛ هي خدمة متخصصة تُقدّمها؛ باستخدام أحدث الأجهزة والمعدات؛ لا H1 داخل جسم المقالة (ووردبريس عادةً يعرض العنوان كـ H1 من القالب)؛ نفس الصورة البارزة مستخدمة على 281 عنصراً (ID 2585)؛ متشابه جداً مع مقالات أخرى في DUP-001 (23)؛ 23 مقالات تتنافس على نية شبه مطابقة,DUP-001 (23),CAN-001 (23),كل ما تحتاج معرفته عن إصلاح تسرب المياه في {LOC} 2026 | علامات تحتاج فيها إصلاح تسرب المياه في {LOC} فورا | الأسباب الجذرية لمشكلات إصلاح تسرب المياه في {LOC} وكيف يشخصها الخبراء | كيف تتم إصلاح تسرب المياه في {LOC} خطوة بخطوة بأيدي متخصصين | أخطاء شائعة يقع فيها أصحاب المنازل عند طلب إصلاح تسرب المياه في {LOC} | خدمات ماكس آرت + جدول الأسعار التقريبية ل إصلاح تسرب المياه في {LOC} | الأسئلة الشائعة عن إصلاح تسرب المياه في {LOC} — إجابات خبراء ماكس آرت | لماذا ماكس آرت هي الخيار الأول ل إصلاح تسرب المياه في {LOC}؟
2890,post,شركة كشف تسربات التكييف في دبا الفجيرة,https://max-art-ae.com/shrkh-kshf-tsrbat-altkyyf-fy-dba-alfjyrh/,2026-09-11,1371,0,8,14,كشف/إصلاح تسربات,كشف/إصلاح تسربات,14,2585,قالب/نصوص نمطية | لا H1 في جسم المحتوى | صورة بارزة مكررة على نطاق واسع,عبارات نمطية: كتب هذا المقال؛ آخر تحديث؛ مراجعة:؛ فريق ماكس آرت؛ هي خدمة متخصصة تُقدّمها؛ باستخدام أحدث الأجهزة والمعدات؛ لا H1 داخل جسم المقالة (ووردبريس عادةً يعرض العنوان كـ H1 من القالب)؛ Schema JSON-LD مضمّن داخل المحتوى؛ نفس الصورة البارزة مستخدمة على 281 عنصراً (ID 2585),,,كل ما تحتاج معرفته عن كشف تسربات التكييف في {LOC} {LOC} 2026 | علامات تحتاج فيها كشف تسربات التكييف في {LOC} {LOC} فورا | الأسباب الجذرية لمشكلات كشف تسربات التكييف في {LOC} {LOC} وكيف يشخصها الخبراء | كيف تتم كشف تسربات التكييف في {LOC} {LOC} خطوة بخطوة بأيدي متخصصين | أخطاء شائعة يقع فيها أصحاب المنازل عند طلب كشف تسربات التكييف في {LOC} {LOC} | خدمات ماكس آرت + جدول الأسعار التقريبية ل كشف تسربات التكييف في {LOC} {LOC} | الأسئلة الشائعة عن كشف تسربات التكييف في {LOC} {LOC} — إجابات خبراء ماكس آرت | لماذا ماكس آرت هي الخيار الأول ل كشف تسربات التكييف في {LOC} {LOC}؟
2864,post,شركة كشف تسربات التكييف في جبل علي,https://max-art-ae.com/shrkh-kshf-tsrbat-altkyyf-fy-jbl-aly/,2026-09-11,1371,0,8,14,كشف/إصلاح تسربات,كشف/إصلاح تسربات,13,2585,قالب/نصوص نمطية | لا H1 في جسم المحتوى | صورة بارزة مكررة على نطاق واسع | محتوى مكرر/متشابه | تآكل كلمات مفتاحية,عبارات نمطية: كتب هذا المقال؛ آخر تحديث؛ مراجعة:؛ فريق ماكس آرت؛ هي خدمة متخصصة تُقدّمها؛ باستخدام أحدث الأجهزة والمعدات؛ لا H1 داخل جسم المقالة (ووردبريس عادةً يعرض العنوان كـ H1 من القالب)؛ نفس الصورة البارزة مستخدمة على 281 عنصراً (ID 2585)؛ متشابه جداً مع مقالات أخرى في DUP-002 (23)؛ 23 مقالات تتنافس على نية شبه مطابقة,DUP-002 (23),CAN-002 (23),كل ما تحتاج معرفته عن كشف تسربات التكييف في {LOC} 2026 | علامات تحتاج فيها كشف تسربات التكييف في {LOC} فورا | الأسباب الجذرية لمشكلات كشف تسربات التكييف في {LOC} وكيف يشخصها الخبراء | كيف تتم كشف تسربات التكييف في {LOC} خطوة بخطوة بأيدي متخصصين | أخطاء شائعة يقع فيها أصحاب المنازل عند طلب كشف تسربات التكييف في {LOC} | خدمات ماكس آرت + جدول الأسعار التقريبية ل كشف تسربات التكييف في {LOC} | الأسئلة الشائعة عن كشف تسربات التكييف في {LOC} — إجابات خبراء ماكس آرت | لماذا ماكس آرت هي الخيار الأول ل كشف تسربات التكييف في {LOC}؟
2838,post,شركة كشف تسربات الغاز في داماك هيلز,https://max-art-ae.com/shrkh-kshf-tsrbat-alghaz-fy-damak-hylz/,2026-09-11,1371,0,8,14,كشف/إصلاح تسربات,كشف/إصلاح تسربات,14,2585,قالب/نصوص نمطية | لا H1 في جسم المحتوى | صورة بارزة مكررة على نطاق واسع,عبارات نمطية: كتب هذا المقال؛ آخر تحديث؛ مراجعة:؛ فريق ماكس آرت؛ هي خدمة متخصصة تُقدّمها؛ باستخدام أحدث الأجهزة والمعدات؛ لا H1 داخل جسم المقالة (ووردبريس عادةً يعرض العنوان كـ H1 من القالب)؛ Schema JSON-LD مضمّن داخل المحتوى؛ نفس الصورة البارزة مستخدمة على 281 عنصراً (ID 2585),,,كل ما تحتاج معرفته عن كشف تسربات الغاز في داماك هيلز 2026 | علامات تحتاج فيها كشف تسربات الغاز في داماك هيلز فورا | الأسباب الجذرية لمشكلات كشف تسربات الغاز في داماك هيلز وكيف يشخصها الخبراء | كيف تتم كشف تسربات الغاز في داماك هيلز خطوة بخطوة بأيدي متخصصين | أخطاء شائعة يقع فيها أصحاب المنازل عند طلب كشف تسربات الغاز في داماك هيلز | خدمات ماكس آرت + جدول الأسعار التقريبية ل كشف تسربات الغاز في داماك هيلز | الأسئلة الشائعة عن كشف تسربات الغاز في داماك هيلز — إجابات خبراء ماكس آرت | لماذا ماكس آرت هي الخيار الأول ل كشف تسربات الغاز في داماك هيلز؟
2811,post,شركة كشف تسربات الغاز في مدينة خليفة,https://max-art-ae.com/shrkh-kshf-tsrbat-alghaz-fy-mdynh-khlyfh/,2026-09-11,1371,0,8,14,كشف/إصلاح تسربات,كشف/إصلاح تسربات,13,2585,قالب/نصوص نمطية | لا H1 في جسم المحتوى | صورة بارزة مكررة على نطاق واسع,عبارات نمطية: كتب هذا المقال؛ آخر تحديث؛ مراجعة:؛ فريق ماكس آرت؛ هي خدمة متخصصة تُقدّمها؛ باستخدام أحدث الأجهزة والمعدات؛ لا H1 داخل جسم المقالة (ووردبريس عادةً يعرض العنوان كـ H1 من القالب)؛ نفس الصورة البارزة مستخدمة على 281 عنصراً (ID 2585),,,كل ما تحتاج معرفته عن كشف تسربات الغاز في مدينة خليفة 2026 | علامات تحتاج فيها كشف تسربات الغاز في مدينة خليفة فورا | الأسباب الجذرية لمشكلات كشف تسربات الغاز في مدينة خليفة وكيف يشخصها الخبراء | كيف تتم كشف تسربات الغاز في مدينة خليفة خطوة بخطوة بأيدي متخصصين | أخطاء شائعة يقع فيها أصحاب المنازل عند طلب كشف تسربات الغاز في مدينة خليفة | خدمات ماكس آرت + جدول الأسعار التقريبية ل كشف تسربات الغاز في مدينة خليفة | الأسئلة الشائعة عن كشف تسربات الغاز في مدينة خليفة — إجابات خبراء ماكس آرت | لماذا ماكس آرت هي الخيار الأول ل كشف تسربات الغاز في مدينة خليفة؟
2922,post,شركة إصلاح تسرب المياه في بني ياس,https://max-art-ae.com/shrkh-aslah-tsrb-almyah-fy-bny-yas/,2026-09-11,1370,0,8,14,كشف/إصلاح تسربات,كشف/إصلاح تسربات,14,2585,قالب/نصوص نمطية | لا H1 في جسم المحتوى | صورة بارزة مكررة على نطاق واسع,عبارات نمطية: كتب هذا المقال؛ آخر تحديث؛ مراجعة:؛ فريق ماكس آرت؛ هي خدمة متخصصة تُقدّمها؛ باستخدام أحدث الأجهزة والمعدات؛ لا H1 داخل جسم المقالة (ووردبريس عادةً يعرض العنوان كـ H1 من القالب)؛ نفس الصورة البارزة مستخدمة على 281 عنصراً (ID 2585),,,كل ما تحتاج معرفته عن إصلاح تسرب المياه في بني ياس 2026 | علامات تحتاج فيها إصلاح تسرب المياه في بني ياس فورا | الأسباب الجذرية لمشكلات إصلاح تسرب المياه في بني ياس وكيف يشخصها الخبراء | كيف تتم إصلاح تسرب المياه في بني ياس خطوة بخطوة بأيدي متخصصين | أخطاء شائعة يقع فيها أصحاب المنازل عند طلب إصلاح تسرب المياه في بني ياس | خدمات ماكس آرت + جدول الأسعار التقريبية ل إصلاح تسرب المياه في بني ياس | الأسئلة الشائعة عن إصلاح تسرب المياه في بني ياس — إجابات خبراء ماكس آرت | لماذا ماكس آرت هي الخيار الأول ل إصلاح تسرب المياه في بني ياس؟
2865,post,شركة كشف تسربات التكييف في مدينة خليفة,https://max-art-ae.com/shrkh-kshf-tsrbat-altkyyf-fy-mdynh-khlyfh/,2026-09-11,1370,0,8,14,كشف/إصلاح تسربات,كشف/إصلاح تسربات,15,2585,قالب/نصوص نمطية | لا H1 في جسم المحتوى | صورة بارزة مكررة على نطاق واسع,عبارات نمطية: كتب هذا المقال؛ آخر تحديث؛ مراجعة:؛ فريق ماكس آرت؛ هي خدمة متخصصة تُقدّمها؛ باستخدام أحدث الأجهزة والمعدات؛ لا H1 داخل جسم المقالة (ووردبريس عادةً يعرض العنوان كـ H1 من القالب)؛ نفس الصورة البارزة مستخدمة على 281 عنصراً (ID 2585),,,كل ما تحتاج معرفته عن كشف تسربات التكييف في مدينة خليفة 2026 | علامات تحتاج فيها كشف تسربات التكييف في مدينة خليفة فورا | الأسباب الجذرية لمشكلات كشف تسربات التكييف في مدينة خليفة وكيف يشخصها الخبراء | كيف تتم كشف تسربات التكييف في مدينة خليفة خطوة بخطوة بأيدي متخصصين | أخطاء شائعة يقع فيها أصحاب المنازل عند طلب كشف تسربات التكييف في مدينة خليفة | خدمات ماكس آرت + جدول الأسعار التقريبية ل كشف تسربات التكييف في مدينة خليفة | الأسئلة الشائعة عن كشف تسربات التكييف في مدينة خليفة — إجابات خبراء ماكس آرت | لماذا ماكس آرت هي الخيار الأول ل كشف تسربات التكييف في مدينة خليفة؟
2767,post,شركة كشف تسربات بدون تكسير في المجاز,https://max-art-ae.com/shrkh-kshf-tsrbat-bdwn-tksyr-fy-almjaz/,2026-09-11,1370,0,8,14,كشف/إصلاح تسربات,كشف/إصلاح تسربات,14,2585,قالب/نصوص نمطية | لا H1 في جسم المحتوى | صورة بارزة مكررة على نطاق واسع | محتوى مكرر/متشابه | تآكل كلمات مفتاحية,عبارات نمطية: كتب هذا المقال؛ آخر تحديث؛ مراجعة:؛ فريق ماكس آرت؛ هي خدمة متخصصة تُقدّمها؛ باستخدام أحدث الأجهزة والمعدات؛ لا H1 داخل جسم المقالة (ووردبريس عادةً يعرض العنوان كـ H1 من القالب)؛ نفس الصورة البارزة مستخدمة على 281 عنصراً (ID 2585)؛ متشابه جداً مع مقالات أخرى في DUP-004 (23)؛ 23 مقالات تتنافس على نية شبه مطابقة,DUP-004 (23),CAN-004 (23),كل ما تحتاج معرفته عن كشف تسربات بدون تكسير في {LOC} 2026 | علامات تحتاج فيها كشف تسربات بدون تكسير في {LOC} فورا | الأسباب الجذرية لمشكلات كشف تسربات بدون تكسير في {LOC} وكيف يشخصها الخبراء | كيف تتم كشف تسربات بدون تكسير في {LOC} خطوة بخطوة بأيدي متخصصين | أخطاء شائعة يقع فيها أصحاب المنازل عند طلب كشف تسربات بدون تكسير في {LOC} | خدمات ماكس آرت + جدول الأسعار التقريبية ل كشف تسربات بدون تكسير في {LOC} | الأسئلة الشائعة عن كشف تسربات بدون تكسير في {LOC} — إجابات خبراء ماكس آرت | لماذا ماكس آرت هي الخيار الأول ل كشف تسربات بدون تكسير في {LOC}؟
2737,post,شركة كشف تسربات بدون تكسير في أبوظبي,https://max-art-ae.com/shrkh-kshf-tsrbat-bdwn-tksyr-fy-abwzby/,2026-09-11,1370,0,8,14,كشف/إصلاح تسربات,كشف/إصلاح تسربات,13,2585,قالب/نصوص نمطية | لا H1 في جسم المحتوى | صورة بارزة مكررة على نطاق واسع | محتوى مكرر/متشابه | تآكل كلمات مفتاحية,عبارات نمطية: كتب هذا المقال؛ آخر تحديث؛ مراجعة:؛ فريق ماكس آرت؛ هي خدمة متخصصة تُقدّمها؛ باستخدام أحدث الأجهزة والمعدات؛ لا H1 داخل جسم المقالة (ووردبريس عادةً يعرض العنوان كـ H1 من القالب)؛ نفس الصورة البارزة مستخدمة على 281 عنصراً (ID 2585)؛ متشابه جداً مع مقالات أخرى في DUP-004 (23)؛ 23 مقالات تتنافس على نية شبه مطابقة,DUP-004 (23),CAN-004 (23),كل ما تحتاج معرفته عن كشف تسربات بدون تكسير في {LOC} 2026 | علامات تحتاج فيها كشف تسربات بدون تكسير في {LOC} فورا | الأسباب الجذرية لمشكلات كشف تسربات بدون تكسير في {LOC} وكيف يشخصها الخبراء | كيف تتم كشف تسربات بدون تكسير في {LOC} خطوة بخطوة بأيدي متخصصين | أخطاء شائعة يقع فيها أصحاب المنازل عند طلب كشف تسربات بدون تكسير في {LOC} | خدمات ماكس آرت + جدول الأسعار التقريبية ل كشف تسربات بدون تكسير في {LOC} | الأسئلة الشائعة عن كشف تسربات بدون تكسير في {LOC} — إجابات خبراء ماكس آرت | لماذا ماكس آرت هي الخيار الأول ل كشف تسربات بدون تكسير في {LOC}؟
2843,post,شركة كشف تسربات الغاز في الخليج التجاري,https://max-art-ae.com/shrkh-kshf-tsrbat-alghaz-fy-alkhlyj-altjary/,2026-09-11,1369,0,8,14,كشف/إصلاح تسربات,كشف/إصلاح تسربات,16,2585,قالب/نصوص نمطية | لا H1 في جسم المحتوى | صورة بارزة مكررة على نطاق واسع,عبارات نمطية: كتب هذا المقال؛ آخر تحديث؛ مراجعة:؛ فريق ماكس آرت؛ هي خدمة متخصصة تُقدّمها؛ باستخدام أحدث الأجهزة والمعدات؛ لا H1 داخل جسم المقالة (ووردبريس عادةً يعرض العنوان كـ H1 من القالب)؛ نفس الصورة البارزة مستخدمة على 281 عنصراً (ID 2585),,,كل ما تحتاج معرفته عن كشف تسربات الغاز في الخليج التجاري 2026 | علامات تحتاج فيها كشف تسربات الغاز في الخليج التجاري فورا | الأسباب الجذرية لمشكلات كشف تسربات الغاز في الخليج التجاري وكيف يشخصها الخبراء | كيف تتم كشف تسربات الغاز في الخليج التجاري خطوة بخطوة بأيدي متخصصين | أخطاء شائعة يقع فيها أصحاب المنازل عند طلب كشف تسربات الغاز في الخليج التجاري | خدمات ماكس آرت + جدول الأسعار التقريبية ل كشف تسربات الغاز في الخليج التجاري | الأسئلة الشائعة عن كشف تسربات الغاز في الخليج التجاري — إجابات خبراء ماكس آرت | لماذا ماكس آرت هي الخيار الأول ل كشف تسربات الغاز في الخليج التجاري؟
2689,post,شركة كشف تسربات المياه في أم القيوين,https://max-art-ae.com/shrkh-kshf-tsrbat-almyah-fy-am-alqywyn/,2026-09-11,1369,0,8,14,كشف/إصلاح تسربات,كشف/إصلاح تسربات,13,2585,قالب/نصوص نمطية | لا H1 في جسم المحتوى | صورة بارزة مكررة على نطاق واسع | محتوى مكرر/متشابه | تآكل كلمات مفتاحية,عبارات نمطية: كتب هذا المقال؛ آخر تحديث؛ مراجعة:؛ فريق ماكس آرت؛ هي خدمة متخصصة تُقدّمها؛ باستخدام أحدث الأجهزة والمعدات؛ لا H1 داخل جسم المقالة (ووردبريس عادةً يعرض العنوان كـ H1 من القالب)؛ نفس الصورة البارزة مستخدمة على 281 عنصراً (ID 2585)؛ متشابه جداً مع مقالات أخرى في DUP-005 (23)؛ 23 مقالات تتنافس على نية شبه مطابقة,DUP-005 (23),CAN-005 (23),كل ما تحتاج معرفته عن كشف تسربات المياه في {LOC} 2026 | علامات تحتاج فيها كشف تسربات المياه في {LOC} فورا | الأسباب الجذرية لمشكلات كشف تسربات المياه في {LOC} وكيف يشخصها الخبراء | كيف تتم كشف تسربات المياه في {LOC} خطوة بخطوة بأيدي متخصصين | أخطاء شائعة يقع فيها أصحاب المنازل عند طلب كشف تسربات المياه في {LOC} | خدمات ماكس آرت + جدول الأسعار التقريبية ل كشف تسربات المياه في {LOC} | الأسئلة الشائعة عن كشف تسربات المياه في {LOC} — إجابات خبراء ماكس آرت | لماذا ماكس آرت هي الخيار الأول ل كشف تسربات المياه في {LOC}؟
2888,post,شركة كشف تسربات التكييف في الجزيرة الحمراء,https://max-art-ae.com/shrkh-kshf-tsrbat-altkyyf-fy-aljzyrh-alhmra/,2026-09-11,1368,0,8,14,كشف/إصلاح تسربات,كشف/إصلاح تسربات,16,2585,قالب/نصوص نمطية | لا H1 في جسم المحتوى | صورة بارزة مكررة على نطاق واسع,عبارات نمطية: كتب هذا المقال؛ آخر تحديث؛ مراجعة:؛ فريق ماكس آرت؛ هي خدمة متخصصة تُقدّمها؛ باستخدام أحدث الأجهزة والمعدات؛ لا H1 داخل جسم المقالة (ووردبريس عادةً يعرض العنوان كـ H1 من القالب)؛ Schema JSON-LD مضمّن داخل المحتوى؛ نفس الصورة البارزة مستخدمة على 281 عنصراً (ID 2585),,,كل ما تحتاج معرفته عن كشف تسربات التكييف في الجزيرة الحمراء 2026 | علامات تحتاج فيها كشف تسربات التكييف في الجزيرة الحمراء فورا | الأسباب الجذرية لمشكلات كشف تسربات التكييف في الجزيرة الحمراء وكيف يشخصها الخبراء | كيف تتم كشف تسربات التكييف في الجزيرة الحمراء خطوة بخطوة بأيدي متخصصين | أخطاء شائعة يقع فيها أصحاب المنازل عند طلب كشف تسربات التكييف في الجزيرة الحمراء | خدمات ماكس آرت + جدول الأسعار التقريبية ل كشف تسربات التكييف في الجزيرة الحمراء | الأسئلة الشائعة عن كشف تسربات التكييف في الجزيرة الحمراء — إجابات خبراء ماكس آرت | لماذا ماكس آرت هي الخيار الأول ل كشف تسربات التكييف في الجزيرة الحمراء؟
2857,post,شركة كشف تسربات التكييف في بر دبي,https://max-art-ae.com/shrkh-kshf-tsrbat-altkyyf-fy-br-dby/,2026-09-11,1368,0,8,14,كشف/إصلاح تسربات,كشف/إصلاح تسربات,15,2585,قالب/نصوص نمطية | لا H1 في جسم المحتوى | صورة بارزة مكررة على نطاق واسع | محتوى مكرر/متشابه | تآكل كلمات مفتاحية,عبارات نمطية: كتب هذا المقال؛ آخر تحديث؛ مراجعة:؛ فريق ماكس آرت؛ هي خدمة متخصصة تُقدّمها؛ باستخدام أحدث الأجهزة والمعدات؛ لا H1 داخل جسم المقالة (ووردبريس عادةً يعرض العنوان كـ H1 من القالب)؛ Schema JSON-LD مضمّن داخل المحتوى؛ نفس الصورة البارزة مستخدمة على 281 عنصراً (ID 2585)؛ متشابه جداً مع مقالات أخرى في DUP-002 (23)؛ 23 مقالات تتنافس على نية شبه مطابقة,DUP-002 (23),CAN-002 (23),كل ما تحتاج معرفته عن كشف تسربات التكييف في {LOC} 2026 | علامات تحتاج فيها كشف تسربات التكييف في {LOC} فورا | الأسباب الجذرية لمشكلات كشف تسربات التكييف في {LOC} وكيف يشخصها الخبراء | كيف تتم كشف تسربات التكييف في {LOC} خطوة بخطوة بأيدي متخصصين | أخطاء شائعة يقع فيها أصحاب المنازل عند طلب كشف تسربات التكييف في {LOC} | خدمات ماكس آرت + جدول الأسعار التقريبية ل كشف تسربات التكييف في {LOC} | الأسئلة الشائعة عن كشف تسربات التكييف في {LOC} — إجابات خبراء ماكس آرت | لماذا ماكس آرت هي الخيار الأول ل كشف تسربات التكييف في {LOC}؟
2766,post,شركة كشف تسربات بدون تكسير في الصاروج,https://max-art-ae.com/shrkh-kshf-tsrbat-bdwn-tksyr-fy-alsarwj/,2026-09-11,1368,0,8,14,كشف/إصلاح تسربات,كشف/إصلاح تسربات,15,2585,قالب/نصوص نمطية | لا H1 في جسم المحتوى | صورة بارزة مكررة على نطاق واسع,عبارات نمطية: كتب هذا المقال؛ آخر تحديث؛ مراجعة:؛ فريق ماكس آرت؛ هي خدمة متخصصة تُقدّمها؛ باستخدام أحدث الأجهزة والمعدات؛ لا H1 داخل جسم المقالة (ووردبريس عادةً يعرض العنوان كـ H1 من القالب)؛ نفس الصورة البارزة مستخدمة على 281 عنصراً (ID 2585),,,كل ما تحتاج معرفته عن كشف تسربات بدون تكسير في الصاروج 2026 | علامات تحتاج فيها كشف تسربات بدون تكسير في الصاروج فورا | الأسباب الجذرية لمشكلات كشف تسربات بدون تكسير في الصاروج وكيف يشخصها الخبراء | كيف تتم كشف تسربات بدون تكسير في الصاروج خطوة بخطوة بأيدي متخصصين | أخطاء شائعة يقع فيها أصحاب المنازل عند طلب كشف تسربات بدون تكسير في الصاروج | خدمات ماكس آرت + جدول الأسعار التقريبية ل كشف تسربات بدون تكسير في الصاروج | الأسئلة الشائعة عن كشف تسربات بدون تكسير في الصاروج — إجابات خبراء ماكس آرت | لماذا ماكس آرت هي الخيار الأول ل كشف تسربات بدون تكسير في الصاروج؟
2745,post,شركة كشف تسربات بدون تكسير في كلباء,https://max-art-ae.com/shrkh-kshf-tsrbat-bdwn-tksyr-fy-klba/,2026-09-11,1367,0,8,14,كشف/إصلاح تسربات,كشف/إصلاح تسربات,15,2585,قالب/نصوص نمطية | لا H1 في جسم المحتوى | صورة بارزة مكررة على نطاق واسع | محتوى مكرر/متشابه | تآكل كلمات مفتاحية,عبارات نمطية: كتب هذا المقال؛ آخر تحديث؛ مراجعة:؛ فريق ماكس آرت؛ هي خدمة متخصصة تُقدّمها؛ باستخدام أحدث الأجهزة والمعدات؛ لا H1 داخل جسم المقالة (ووردبريس عادةً يعرض العنوان كـ H1 من القالب)؛ نفس الصورة البارزة مستخدمة على 281 عنصراً (ID 2585)؛ متشابه جداً مع مقالات أخرى في DUP-004 (23)؛ 23 مقالات تتنافس على نية شبه مطابقة,DUP-004 (23),CAN-004 (23),كل ما تحتاج معرفته عن كشف تسربات بدون تكسير في {LOC} 2026 | علامات تحتاج فيها كشف تسربات بدون تكسير في {LOC} فورا | الأسباب الجذرية لمشكلات كشف تسربات بدون تكسير في {LOC} وكيف يشخصها الخبراء | كيف تتم كشف تسربات بدون تكسير في {LOC} خطوة بخطوة بأيدي متخصصين | أخطاء شائعة يقع فيها أصحاب المنازل عند طلب كشف تسربات بدون تكسير في {LOC} | خدمات ماكس آرت + جدول الأسعار التقريبية ل كشف تسربات بدون تكسير في {LOC} | الأسئلة الشائعة عن كشف تسربات بدون تكسير في {LOC} — إجابات خبراء ماكس آرت | لماذا ماكس آرت هي الخيار الأول ل كشف تسربات بدون تكسير في {LOC}؟
2776,post,شركة كشف تسربات بدون تكسير في الحميدية,https://max-art-ae.com/shrkh-kshf-tsrbat-bdwn-tksyr-fy-alhmydyh/,2026-09-11,1366,0,8,14,كشف/إصلاح تسربات,كشف/إصلاح تسربات,15,2585,قالب/نصوص نمطية | لا H1 في جسم المحتوى | صورة بارزة مكررة على نطاق واسع | محتوى مكرر/متشابه | تآكل كلمات مفتاحية,عبارات نمطية: كتب هذا المقال؛ آخر تحديث؛ مراجعة:؛ فريق ماكس آرت؛ هي خدمة متخصصة تُقدّمها؛ باستخدام أحدث الأجهزة والمعدات؛ لا H1 داخل جسم المقالة (ووردبريس عادةً يعرض العنوان كـ H1 من القالب)؛ Schema JSON-LD مضمّن داخل المحتوى؛ نفس الصورة البارزة مستخدمة على 281 عنصراً (ID 2585)؛ متشابه جداً مع مقالات أخرى في DUP-004 (23)؛ 23 مقالات تتنافس على نية شبه مطابقة,DUP-004 (23),CAN-004 (23),كل ما تحتاج معرفته عن كشف تسربات بدون تكسير في {LOC} 2026 | علامات تحتاج فيها كشف تسربات بدون تكسير في {LOC} فورا | الأسباب الجذرية لمشكلات كشف تسربات بدون تكسير في {LOC} وكيف يشخصها الخبراء | كيف تتم كشف تسربات بدون تكسير في {LOC} خطوة بخطوة بأيدي متخصصين | أخطاء شائعة يقع فيها أصحاب المنازل عند طلب كشف تسربات بدون تكسير في {LOC} | خدمات ماكس آرت + جدول الأسعار التقريبية ل كشف تسربات بدون تكسير في {LOC} | الأسئلة الشائعة عن كشف تسربات بدون تكسير في {LOC} — إجابات خبراء ماكس آرت | لماذا ماكس آرت هي الخيار الأول ل كشف تسربات بدون تكسير في {LOC}؟
2764,post,شركة كشف تسربات بدون تكسير في اليحر,https://max-art-ae.com/shrkh-kshf-tsrbat-bdwn-tksyr-fy-alyhr/,2026-09-11,1366,0,8,14,كشف/إصلاح تسربات,كشف/إصلاح تسربات,16,2585,قالب/نصوص نمطية | لا H1 في جسم المحتوى | صورة بارزة مكررة على نطاق واسع,عبارات نمطية: كتب هذا المقال؛ آخر تحديث؛ مراجعة:؛ فريق ماكس آرت؛ هي خدمة متخصصة تُقدّمها؛ باستخدام أحدث الأجهزة والمعدات؛ لا H1 داخل جسم المقالة (ووردبريس عادةً يعرض العنوان كـ H1 من القالب)؛ نفس الصورة البارزة مستخدمة على 281 عنصراً (ID 2585),,,كل ما تحتاج معرفته عن كشف تسربات بدون تكسير في اليحر 2026 | علامات تحتاج فيها كشف تسربات بدون تكسير في اليحر فورا | الأسباب الجذرية لمشكلات كشف تسربات بدون تكسير في اليحر وكيف يشخصها الخبراء | كيف تتم كشف تسربات بدون تكسير في اليحر خطوة بخطوة بأيدي متخصصين | أخطاء شائعة يقع فيها أصحاب المنازل عند طلب كشف تسربات بدون تكسير في اليحر | خدمات ماكس آرت + جدول الأسعار التقريبية ل كشف تسربات بدون تكسير في اليحر | الأسئلة الشائعة عن كشف تسربات بدون تكسير في اليحر — إجابات خبراء ماكس آرت | لماذا ماكس آرت هي الخيار الأول ل كشف تسربات بدون تكسير في اليحر؟
2736,post,شركة كشف تسربات بدون تكسير في دبي,https://max-art-ae.com/shrkh-kshf-tsrbat-bdwn-tksyr-fy-dby/,2026-09-11,1366,0,8,14,كشف/إصلاح تسربات,كشف/إصلاح تسربات,13,2585,قالب/نصوص نمطية | لا H1 في جسم المحتوى | صورة بارزة مكررة على نطاق واسع | محتوى مكرر/متشابه | تآكل كلمات مفتاحية,عبارات نمطية: كتب هذا المقال؛ آخر تحديث؛ مراجعة:؛ فريق ماكس آرت؛ هي خدمة متخصصة تُقدّمها؛ باستخدام أحدث الأجهزة والمعدات؛ لا H1 داخل جسم المقالة (ووردبريس عادةً يعرض العنوان كـ H1 من القالب)؛ نفس الصورة البارزة مستخدمة على 281 عنصراً (ID 2585)؛ متشابه جداً مع مقالات أخرى في DUP-004 (23)؛ 23 مقالات تتنافس على نية شبه مطابقة,DUP-004 (23),CAN-004 (23),كل ما تحتاج معرفته عن كشف تسربات بدون تكسير في {LOC} 2026 | علامات تحتاج فيها كشف تسربات بدون تكسير في {LOC} فورا | الأسباب الجذرية لمشكلات كشف تسربات بدون تكسير في {LOC} وكيف يشخصها الخبراء | كيف تتم كشف تسربات بدون تكسير في {LOC} خطوة بخطوة بأيدي متخصصين | أخطاء شائعة يقع فيها أصحاب المنازل عند طلب كشف تسربات بدون تكسير في {LOC} | خدمات ماكس آرت + جدول الأسعار التقريبية ل كشف تسربات بدون تكسير في {LOC} | الأسئلة الشائعة عن كشف تسربات بدون تكسير في {LOC} — إجابات خبراء ماكس آرت | لماذا ماكس آرت هي الخيار الأول ل كشف تسربات بدون تكسير في {LOC}؟
2705,post,شركة كشف تسربات المياه في مدينة شخبوط,https://max-art-ae.com/shrkh-kshf-tsrbat-almyah-fy-mdynh-shkhbwt/,2026-09-11,1366,0,8,14,كشف/إصلاح تسربات,كشف/إصلاح تسربات,14,2585,قالب/نصوص نمطية | لا H1 في جسم المحتوى | صورة بارزة مكررة على نطاق واسع,عبارات نمطية: كتب هذا المقال؛ آخر تحديث؛ مراجعة:؛ فريق ماكس آرت؛ هي خدمة متخصصة تُقدّمها؛ باستخدام أحدث الأجهزة والمعدات؛ لا H1 داخل جسم المقالة (ووردبريس عادةً يعرض العنوان كـ H1 من القالب)؛ Schema JSON-LD مضمّن داخل المحتوى؛ نفس الصورة البارزة مستخدمة على 281 عنصراً (ID 2585),,,كل ما تحتاج معرفته عن كشف تسربات المياه في مدينة شخبوط 2026 | علامات تحتاج فيها كشف تسربات المياه في مدينة شخبوط فورا | الأسباب الجذرية لمشكلات كشف تسربات المياه في مدينة شخبوط وكيف يشخصها الخبراء | كيف تتم كشف تسربات المياه في مدينة شخبوط خطوة بخطوة بأيدي متخصصين | أخطاء شائعة يقع فيها أصحاب المنازل عند طلب كشف تسربات المياه في مدينة شخبوط | خدمات ماكس آرت + جدول الأسعار التقريبية ل كشف تسربات المياه في مدينة شخبوط | الأسئلة الشائعة عن كشف تسربات المياه في مدينة شخبوط — إجابات خبراء ماكس آرت | لماذا ماكس آرت هي الخيار الأول ل كشف تسربات المياه في مدينة شخبوط؟
2695,post,شركة كشف تسربات المياه في بر دبي,https://max-art-ae.com/shrkh-kshf-tsrbat-almyah-fy-br-dby/,2026-09-11,1366,0,8,14,كشف/إصلاح تسربات,كشف/إصلاح تسربات,14,2585,قالب/نصوص نمطية | لا H1 في جسم المحتوى | صورة بارزة مكررة على نطاق واسع | محتوى مكرر/متشابه | تآكل كلمات مفتاحية,عبارات نمطية: كتب هذا المقال؛ آخر تحديث؛ مراجعة:؛ فريق ماكس آرت؛ هي خدمة متخصصة تُقدّمها؛ باستخدام أحدث الأجهزة والمعدات؛ لا H1 داخل جسم المقالة (ووردبريس عادةً يعرض العنوان كـ H1 من القالب)؛ نفس الصورة البارزة مستخدمة على 281 عنصراً (ID 2585)؛ متشابه جداً مع مقالات أخرى في DUP-005 (23)؛ 23 مقالات تتنافس على نية شبه مطابقة,DUP-005 (23),CAN-005 (23),كل ما تحتاج معرفته عن كشف تسربات المياه في {LOC} 2026 | علامات تحتاج فيها كشف تسربات المياه في {LOC} فورا | الأسباب الجذرية لمشكلات كشف تسربات المياه في {LOC} وكيف يشخصها الخبراء | كيف تتم كشف تسربات المياه في {LOC} خطوة بخطوة بأيدي متخصصين | أخطاء شائعة يقع فيها أصحاب المنازل عند طلب كشف تسربات المياه في {LOC} | خدمات ماكس آرت + جدول الأسعار التقريبية ل كشف تسربات المياه في {LOC} | الأسئلة الشائعة عن كشف تسربات المياه في {LOC} — إجابات خبراء ماكس آرت | لماذا ماكس آرت هي الخيار الأول ل كشف تسربات المياه في {LOC}؟
2687,post,شركة كشف تسربات المياه في رأس الخيمة,https://max-art-ae.com/shrkh-kshf-tsrbat-almyah-fy-ras-alkhymh/,2026-09-11,1366,0,8,14,كشف/إصلاح تسربات,كشف/إصلاح تسربات,13,2585,قالب/نصوص نمطية | لا H1 في جسم المحتوى | صورة بارزة مكررة على نطاق واسع | محتوى مكرر/متشابه | تآكل كلمات مفتاحية,عبارات نمطية: كتب هذا المقال؛ آخر تحديث؛ مراجعة:؛ فريق ماكس آرت؛ هي خدمة متخصصة تُقدّمها؛ باستخدام أحدث الأجهزة والمعدات؛ لا H1 داخل جسم المقالة (ووردبريس عادةً يعرض العنوان كـ H1 من القالب)؛ نفس الصورة البارزة مستخدمة على 281 عنصراً (ID 2585)؛ متشابه جداً مع مقالات أخرى في DUP-005 (23)؛ 23 مقالات تتنافس على نية شبه مطابقة,DUP-005 (23),CAN-005 (23),كل ما تحتاج معرفته عن كشف تسربات المياه في {LOC} 2026 | علامات تحتاج فيها كشف تسربات المياه في {LOC} فورا | الأسباب الجذرية لمشكلات كشف تسربات المياه في {LOC} وكيف يشخصها الخبراء | كيف تتم كشف تسربات المياه في {LOC} خطوة بخطوة بأيدي متخصصين | أخطاء شائعة يقع فيها أصحاب المنازل عند طلب كشف تسربات المياه في {LOC} | خدمات ماكس آرت + جدول الأسعار التقريبية ل كشف تسربات المياه في {LOC} | الأسئلة الشائعة عن كشف تسربات المياه في {LOC} — إجابات خبراء ماكس آرت | لماذا ماكس آرت هي الخيار الأول ل كشف تسربات المياه في {LOC}؟
2919,post,شركة إصلاح تسرب المياه في مدينة خليفة,https://max-art-ae.com/shrkh-aslah-tsrb-almyah-fy-mdynh-khlyfh/,2026-09-11,1365,0,8,14,كشف/إصلاح تسربات,كشف/إصلاح تسربات,14,2585,قالب/نصوص نمطية | لا H1 في جسم المحتوى | صورة بارزة مكررة على نطاق واسع,عبارات نمطية: كتب هذا المقال؛ آخر تحديث؛ مراجعة:؛ فريق ماكس آرت؛ هي خدمة متخصصة تُقدّمها؛ باستخدام أحدث الأجهزة والمعدات؛ لا H1 داخل جسم المقالة (ووردبريس عادةً يعرض العنوان كـ H1 من القالب)؛ نفس الصورة البارزة مستخدمة على 281 عنصراً (ID 2585),,,كل ما تحتاج معرفته عن إصلاح تسرب المياه في مدينة خليفة 2026 | علامات تحتاج فيها إصلاح تسرب المياه في مدينة خليفة فورا | الأسباب الجذرية لمشكلات إصلاح تسرب المياه في مدينة خليفة وكيف يشخصها الخبراء | كيف تتم إصلاح تسرب المياه في مدينة خليفة خطوة بخطوة بأيدي متخصصين | أخطاء شائعة يقع فيها أصحاب المنازل عند طلب إصلاح تسرب المياه في مدينة خليفة | خدمات ماكس آرت + جدول الأسعار التقريبية ل إصلاح تسرب المياه في مدينة خليفة | الأسئلة الشائعة عن إصلاح تسرب المياه في مدينة خليفة — إجابات خبراء ماكس آرت | لماذا ماكس آرت هي الخيار الأول ل إصلاح تسرب المياه في مدينة خليفة؟
2803,post,شركة كشف تسربات الغاز في بر دبي,https://max-art-ae.com/shrkh-kshf-tsrbat-alghaz-fy-br-dby/,2026-09-11,1365,0,8,14,كشف/إصلاح تسربات,كشف/إصلاح تسربات,13,2585,قالب/نصوص نمطية | لا H1 في جسم المحتوى | صورة بارزة مكررة على نطاق واسع | محتوى مكرر/متشابه | تآكل كلمات مفتاحية,عبارات نمطية: كتب هذا المقال؛ آخر تحديث؛ مراجعة:؛ فريق ماكس آرت؛ هي خدمة متخصصة تُقدّمها؛ باستخدام أحدث الأجهزة والمعدات؛ لا H1 داخل جسم المقالة (ووردبريس عادةً يعرض العنوان كـ H1 من القالب)؛ نفس الصورة البارزة مستخدمة على 281 عنصراً (ID 2585)؛ متشابه جداً مع مقالات أخرى في DUP-003 (23)؛ 23 مقالات تتنافس على نية شبه مطابقة,DUP-003 (23),CAN-003 (23),كل ما تحتاج معرفته عن كشف تسربات الغاز في {LOC} 2026 | علامات تحتاج فيها كشف تسربات الغاز في {LOC} فورا | الأسباب الجذرية لمشكلات كشف تسربات الغاز في {LOC} وكيف يشخصها الخبراء | كيف تتم كشف تسربات الغاز في {LOC} خطوة بخطوة بأيدي متخصصين | أخطاء شائعة يقع فيها أصحاب المنازل عند طلب كشف تسربات الغاز في {LOC} | خدمات ماكس آرت + جدول الأسعار التقريبية ل كشف تسربات الغاز في {LOC} | الأسئلة الشائعة عن كشف تسربات الغاز في {LOC} — إجابات خبراء ماكس آرت | لماذا ماكس آرت هي الخيار الأول ل كشف تسربات الغاز في {LOC}؟
2773,post,شركة كشف تسربات بدون تكسير في مويلح,https://max-art-ae.com/shrkh-kshf-tsrbat-bdwn-tksyr-fy-mwylh/,2026-09-11,1365,0,8,14,كشف/إصلاح تسربات,كشف/إصلاح تسربات,14,2585,قالب/نصوص نمطية | لا H1 في جسم المحتوى | صورة بارزة مكررة على نطاق واسع,عبارات نمطية: كتب هذا المقال؛ آخر تحديث؛ مراجعة:؛ فريق ماكس آرت؛ هي خدمة متخصصة تُقدّمها؛ باستخدام أحدث الأجهزة والمعدات؛ لا H1 داخل جسم المقالة (ووردبريس عادةً يعرض العنوان كـ H1 من القالب)؛ نفس الصورة البارزة مستخدمة على 281 عنصراً (ID 2585),,,كل ما تحتاج معرفته عن كشف تسربات بدون تكسير في مويلح 2026 | علامات تحتاج فيها كشف تسربات بدون تكسير في مويلح فورا | الأسباب الجذرية لمشكلات كشف تسربات بدون تكسير في مويلح وكيف يشخصها الخبراء | كيف تتم كشف تسربات بدون تكسير في مويلح خطوة بخطوة بأيدي متخصصين | أخطاء شائعة يقع فيها أصحاب المنازل عند طلب كشف تسربات بدون تكسير في مويلح | خدمات ماكس آرت + جدول الأسعار التقريبية ل كشف تسربات بدون تكسير في مويلح | الأسئلة الشائعة عن كشف تسربات بدون تكسير في مويلح — إجابات خبراء ماكس آرت | لماذا ماكس آرت هي الخيار الأول ل كشف تسربات بدون تكسير في مويلح؟
2702,post,شركة كشف تسربات المياه في جبل علي,https://max-art-ae.com/shrkh-kshf-tsrbat-almyah-fy-jbl-aly/,2026-09-11,1365,0,8,14,كشف/إصلاح تسربات,كشف/إصلاح تسربات,12,2585,قالب/نصوص نمطية | لا H1 في جسم المحتوى | صورة بارزة مكررة على نطاق واسع | محتوى مكرر/متشابه | تآكل كلمات مفتاحية,عبارات نمطية: كتب هذا المقال؛ آخر تحديث؛ مراجعة:؛ فريق ماكس آرت؛ هي خدمة متخصصة تُقدّمها؛ باستخدام أحدث الأجهزة والمعدات؛ لا H1 داخل جسم المقالة (ووردبريس عادةً يعرض العنوان كـ H1 من القالب)؛ نفس الصورة البارزة مستخدمة على 281 عنصراً (ID 2585)؛ متشابه جداً مع مقالات أخرى في DUP-005 (23)؛ 23 مقالات تتنافس على نية شبه مطابقة,DUP-005 (23),CAN-005 (23),كل ما تحتاج معرفته عن كشف تسربات المياه في {LOC} 2026 | علامات تحتاج فيها كشف تسربات المياه في {LOC} فورا | الأسباب الجذرية لمشكلات كشف تسربات المياه في {LOC} وكيف يشخصها الخبراء | كيف تتم كشف تسربات المياه في {LOC} خطوة بخطوة بأيدي متخصصين | أخطاء شائعة يقع فيها أصحاب المنازل عند طلب كشف تسربات المياه في {LOC} | خدمات ماكس آرت + جدول الأسعار التقريبية ل كشف تسربات المياه في {LOC} | الأسئلة الشائعة عن كشف تسربات المياه في {LOC} — إجابات خبراء ماكس آرت | لماذا ماكس آرت هي الخيار الأول ل كشف تسربات المياه في {LOC}؟
2748,post,شركة كشف تسربات بدون تكسير في ديرة,https://max-art-ae.com/shrkh-kshf-tsrbat-bdwn-tksyr-fy-dyrh/,2026-09-11,1364,0,8,14,كشف/إصلاح تسربات,كشف/إصلاح تسربات,14,2585,قالب/نصوص نمطية | لا H1 في جسم المحتوى | صورة بارزة مكررة على نطاق واسع | محتوى مكرر/متشابه | تآكل كلمات مفتاحية,عبارات نمطية: كتب هذا المقال؛ آخر تحديث؛ مراجعة:؛ فريق ماكس آرت؛ هي خدمة متخصصة تُقدّمها؛ باستخدام أحدث الأجهزة والمعدات؛ لا H1 داخل جسم المقالة (ووردبريس عادةً يعرض العنوان كـ H1 من القالب)؛ نفس الصورة البارزة مستخدمة على 281 عنصراً (ID 2585)؛ متشابه جداً مع مقالات أخرى في DUP-004 (23)؛ 23 مقالات تتنافس على نية شبه مطابقة,DUP-004 (23),CAN-004 (23),كل ما تحتاج معرفته عن كشف تسربات بدون تكسير في {LOC} 2026 | علامات تحتاج فيها كشف تسربات بدون تكسير في {LOC} فورا | الأسباب الجذرية لمشكلات كشف تسربات بدون تكسير في {LOC} وكيف يشخصها الخبراء | كيف تتم كشف تسربات بدون تكسير في {LOC} خطوة بخطوة بأيدي متخصصين | أخطاء شائعة يقع فيها أصحاب المنازل عند طلب كشف تسربات بدون تكسير في {LOC} | خدمات ماكس آرت + جدول الأسعار التقريبية ل كشف تسربات بدون تكسير في {LOC} | الأسئلة الشائعة عن كشف تسربات بدون تكسير في {LOC} — إجابات خبراء ماكس آرت | لماذا ماكس آرت هي الخيار الأول ل كشف تسربات بدون تكسير في {LOC}؟
2726,post,شركة كشف تسربات المياه في الجزيرة الحمراء,https://max-art-ae.com/shrkh-kshf-tsrbat-almyah-fy-aljzyrh-alhmra/,2026-09-11,1364,0,8,14,كشف/إصلاح تسربات,كشف/إصلاح تسربات,13,2585,قالب/نصوص نمطية | لا H1 في جسم المحتوى | صورة بارزة مكررة على نطاق واسع,عبارات نمطية: كتب هذا المقال؛ آخر تحديث؛ مراجعة:؛ فريق ماكس آرت؛ هي خدمة متخصصة تُقدّمها؛ باستخدام أحدث الأجهزة والمعدات؛ لا H1 داخل جسم المقالة (ووردبريس عادةً يعرض العنوان كـ H1 من القالب)؛ Schema JSON-LD مضمّن داخل المحتوى؛ نفس الصورة البارزة مستخدمة على 281 عنصراً (ID 2585),,,كل ما تحتاج معرفته عن كشف تسربات المياه في الجزيرة الحمراء 2026 | علامات تحتاج فيها كشف تسربات المياه في الجزيرة الحمراء فورا | الأسباب الجذرية لمشكلات كشف تسربات المياه في الجزيرة الحمراء وكيف يشخصها الخبراء | كيف تتم كشف تسربات المياه في الجزيرة الحمراء خطوة بخطوة بأيدي متخصصين | أخطاء شائعة يقع فيها أصحاب المنازل عند طلب كشف تسربات المياه في الجزيرة الحمراء | خدمات ماكس آرت + جدول الأسعار التقريبية ل كشف تسربات المياه في الجزيرة الحمراء | الأسئلة الشائعة عن كشف تسربات المياه في الجزيرة الحمراء — إجابات خبراء ماكس آرت | لماذا ماكس آرت هي الخيار الأول ل كشف تسربات المياه في الجزيرة الحمراء؟
2795,post,شركة كشف تسربات الغاز في رأس الخيمة,https://max-art-ae.com/shrkh-kshf-tsrbat-alghaz-fy-ras-alkhymh/,2026-09-11,1363,0,8,14,كشف/إصلاح تسربات,كشف/إصلاح تسربات,15,2585,قالب/نصوص نمطية | لا H1 في جسم المحتوى | صورة بارزة مكررة على نطاق واسع | محتوى مكرر/متشابه | تآكل كلمات مفتاحية,عبارات نمطية: كتب هذا المقال؛ آخر تحديث؛ مراجعة:؛ فريق ماكس آرت؛ هي خدمة متخصصة تُقدّمها؛ باستخدام أحدث الأجهزة والمعدات؛ لا H1 داخل جسم المقالة (ووردبريس عادةً يعرض العنوان كـ H1 من القالب)؛ Schema JSON-LD مضمّن داخل المحتوى؛ نفس الصورة البارزة مستخدمة على 281 عنصراً (ID 2585)؛ متشابه جداً مع مقالات أخرى في DUP-003 (23)؛ 23 مقالات تتنافس على نية شبه مطابقة,DUP-003 (23),CAN-003 (23),كل ما تحتاج معرفته عن كشف تسربات الغاز في {LOC} 2026 | علامات تحتاج فيها كشف تسربات الغاز في {LOC} فورا | الأسباب الجذرية لمشكلات كشف تسربات الغاز في {LOC} وكيف يشخصها الخبراء | كيف تتم كشف تسربات الغاز في {LOC} خطوة بخطوة بأيدي متخصصين | أخطاء شائعة يقع فيها أصحاب المنازل عند طلب كشف تسربات الغاز في {LOC} | خدمات ماكس آرت + جدول الأسعار التقريبية ل كشف تسربات الغاز في {LOC} | الأسئلة الشائعة عن كشف تسربات الغاز في {LOC} — إجابات خبراء ماكس آرت | لماذا ماكس آرت هي الخيار الأول ل كشف تسربات الغاز في {LOC}؟
2790,post,شركة كشف تسربات الغاز في دبي,https://max-art-ae.com/shrkh-kshf-tsrbat-alghaz-fy-dby/,2026-09-11,1363,0,8,14,كشف/إصلاح تسربات,كشف/إصلاح تسربات,16,2585,قالب/نصوص نمطية | لا H1 في جسم المحتوى | صورة بارزة مكررة على نطاق واسع | محتوى مكرر/متشابه | تآكل كلمات مفتاحية,عبارات نمطية: كتب هذا المقال؛ آخر تحديث؛ مراجعة:؛ فريق ماكس آرت؛ هي خدمة متخصصة تُقدّمها؛ باستخدام أحدث الأجهزة والمعدات؛ لا H1 داخل جسم المقالة (ووردبريس عادةً يعرض العنوان كـ H1 من القالب)؛ Schema JSON-LD مضمّن داخل المحتوى؛ نفس الصورة البارزة مستخدمة على 281 عنصراً (ID 2585)؛ متشابه جداً مع مقالات أخرى في DUP-003 (23)؛ 23 مقالات تتنافس على نية شبه مطابقة,DUP-003 (23),CAN-003 (23),كل ما تحتاج معرفته عن كشف تسربات الغاز في {LOC} 2026 | علامات تحتاج فيها كشف تسربات الغاز في {LOC} فورا | الأسباب الجذرية لمشكلات كشف تسربات الغاز في {LOC} وكيف يشخصها الخبراء | كيف تتم كشف تسربات الغاز في {LOC} خطوة بخطوة بأيدي متخصصين | أخطاء شائعة يقع فيها أصحاب المنازل عند طلب كشف تسربات الغاز في {LOC} | خدمات ماكس آرت + جدول الأسعار التقريبية ل كشف تسربات الغاز في {LOC} | الأسئلة الشائعة عن كشف تسربات الغاز في {LOC} — إجابات خبراء ماكس آرت | لماذا ماكس آرت هي الخيار الأول ل كشف تسربات الغاز في {LOC}؟
2750,post,شركة كشف تسربات بدون تكسير في الجميرا,https://max-art-ae.com/shrkh-kshf-tsrbat-bdwn-tksyr-fy-aljmyra/,2026-09-11,1363,0,8,14,كشف/إصلاح تسربات,كشف/إصلاح تسربات,14,2585,قالب/نصوص نمطية | لا H1 في جسم المحتوى | صورة بارزة مكررة على نطاق واسع,عبارات نمطية: كتب هذا المقال؛ آخر تحديث؛ مراجعة:؛ فريق ماكس آرت؛ هي خدمة متخصصة تُقدّمها؛ باستخدام أحدث الأجهزة والمعدات؛ لا H1 داخل جسم المقالة (ووردبريس عادةً يعرض العنوان كـ H1 من القالب)؛ نفس الصورة البارزة مستخدمة على 281 عنصراً (ID 2585),,,كل ما تحتاج معرفته عن كشف تسربات بدون تكسير في ال{LOC} 2026 | علامات تحتاج فيها كشف تسربات بدون تكسير في ال{LOC} فورا | الأسباب الجذرية لمشكلات كشف تسربات بدون تكسير في ال{LOC} وكيف يشخصها الخبراء | كيف تتم كشف تسربات بدون تكسير في ال{LOC} خطوة بخطوة بأيدي متخصصين | أخطاء شائعة يقع فيها أصحاب المنازل عند طلب كشف تسربات بدون تكسير في ال{LOC} | خدمات ماكس آرت + جدول الأسعار التقريبية ل كشف تسربات بدون تكسير في ال{LOC} | الأسئلة الشائعة عن كشف تسربات بدون تكسير في ال{LOC} — إجابات خبراء ماكس آرت | لماذا ماكس آرت هي الخيار الأول ل كشف تسربات بدون تكسير في ال{LOC}؟
2729,post,شركة كشف تسربات المياه في المرابع العربية,https://max-art-ae.com/shrkh-kshf-tsrbat-almyah-fy-almraba-alarbyh/,2026-09-11,1361,0,8,14,كشف/إصلاح تسربات,كشف/إصلاح تسربات,14,2585,قالب/نصوص نمطية | لا H1 في جسم المحتوى | صورة بارزة مكررة على نطاق واسع,عبارات نمطية: كتب هذا المقال؛ آخر تحديث؛ مراجعة:؛ فريق ماكس آرت؛ هي خدمة متخصصة تُقدّمها؛ باستخدام أحدث الأجهزة والمعدات؛ لا H1 داخل جسم المقالة (ووردبريس عادةً يعرض العنوان كـ H1 من القالب)؛ نفس الصورة البارزة مستخدمة على 281 عنصراً (ID 2585),,,كل ما تحتاج معرفته عن كشف تسربات المياه في المرابع العربية 2026 | علامات تحتاج فيها كشف تسربات المياه في المرابع العربية فورا | الأسباب الجذرية لمشكلات كشف تسربات المياه في المرابع العربية وكيف يشخصها الخبراء | كيف تتم كشف تسربات المياه في المرابع العربية خطوة بخطوة بأيدي متخصصين | أخطاء شائعة يقع فيها أصحاب المنازل عند طلب كشف تسربات المياه في المرابع العربية | خدمات ماكس آرت + جدول الأسعار التقريبية ل كشف تسربات المياه في المرابع العربية | الأسئلة الشائعة عن كشف تسربات المياه في المرابع العربية — إجابات خبراء ماكس آرت | لماذا ماكس آرت هي الخيار الأول ل كشف تسربات المياه في المرابع العربية؟
2911,post,شركة إصلاح تسرب المياه في بر دبي,https://max-art-ae.com/shrkh-aslah-tsrb-almyah-fy-br-dby/,2026-09-11,1360,0,8,14,كشف/إصلاح تسربات,كشف/إصلاح تسربات,14,2585,قالب/نصوص نمطية | لا H1 في جسم المحتوى | صورة بارزة مكررة على نطاق واسع | محتوى مكرر/متشابه | تآكل كلمات مفتاحية,عبارات نمطية: كتب هذا المقال؛ آخر تحديث؛ مراجعة:؛ فريق ماكس آرت؛ هي خدمة متخصصة تُقدّمها؛ باستخدام أحدث الأجهزة والمعدات؛ لا H1 داخل جسم المقالة (ووردبريس عادةً يعرض العنوان كـ H1 من القالب)؛ نفس الصورة البارزة مستخدمة على 281 عنصراً (ID 2585)؛ متشابه جداً مع مقالات أخرى في DUP-001 (23)؛ 23 مقالات تتنافس على نية شبه مطابقة,DUP-001 (23),CAN-001 (23),كل ما تحتاج معرفته عن إصلاح تسرب المياه في {LOC} 2026 | علامات تحتاج فيها إصلاح تسرب المياه في {LOC} فورا | الأسباب الجذرية لمشكلات إصلاح تسرب المياه في {LOC} وكيف يشخصها الخبراء | كيف تتم إصلاح تسرب المياه في {LOC} خطوة بخطوة بأيدي متخصصين | أخطاء شائعة يقع فيها أصحاب المنازل عند طلب إصلاح تسرب المياه في {LOC} | خدمات ماكس آرت + جدول الأسعار التقريبية ل إصلاح تسرب المياه في {LOC} | الأسئلة الشائعة عن إصلاح تسرب المياه في {LOC} — إجابات خبراء ماكس آرت | لماذا ماكس آرت هي الخيار الأول ل إصلاح تسرب المياه في {LOC}؟
2903,post,شركة إصلاح تسرب المياه في رأس الخيمة,https://max-art-ae.com/shrkh-aslah-tsrb-almyah-fy-ras-alkhymh/,2026-09-11,1360,0,8,14,كشف/إصلاح تسربات,كشف/إصلاح تسربات,13,2585,قالب/نصوص نمطية | لا H1 في جسم المحتوى | صورة بارزة مكررة على نطاق واسع | محتوى مكرر/متشابه | تآكل كلمات مفتاحية,عبارات نمطية: كتب هذا المقال؛ آخر تحديث؛ مراجعة:؛ فريق ماكس آرت؛ هي خدمة متخصصة تُقدّمها؛ باستخدام أحدث الأجهزة والمعدات؛ لا H1 داخل جسم المقالة (ووردبريس عادةً يعرض العنوان كـ H1 من القالب)؛ نفس الصورة البارزة مستخدمة على 281 عنصراً (ID 2585)؛ متشابه جداً مع مقالات أخرى في DUP-001 (23)؛ 23 مقالات تتنافس على نية شبه مطابقة,DUP-001 (23),CAN-001 (23),كل ما تحتاج معرفته عن إصلاح تسرب المياه في {LOC} 2026 | علامات تحتاج فيها إصلاح تسرب المياه في {LOC} فورا | الأسباب الجذرية لمشكلات إصلاح تسرب المياه في {LOC} وكيف يشخصها الخبراء | كيف تتم إصلاح تسرب المياه في {LOC} خطوة بخطوة بأيدي متخصصين | أخطاء شائعة يقع فيها أصحاب المنازل عند طلب إصلاح تسرب المياه في {LOC} | خدمات ماكس آرت + جدول الأسعار التقريبية ل إصلاح تسرب المياه في {LOC} | الأسئلة الشائعة عن إصلاح تسرب المياه في {LOC} — إجابات خبراء ماكس آرت | لماذا ماكس آرت هي الخيار الأول ل إصلاح تسرب المياه في {LOC}؟
2905,post,شركة إصلاح تسرب المياه في أم القيوين,https://max-art-ae.com/shrkh-aslah-tsrb-almyah-fy-am-alqywyn/,2026-09-11,1358,0,8,14,كشف/إصلاح تسربات,كشف/إصلاح تسربات,16,2585,قالب/نصوص نمطية | لا H1 في جسم المحتوى | صورة بارزة مكررة على نطاق واسع | محتوى مكرر/متشابه | تآكل كلمات مفتاحية,عبارات نمطية: كتب هذا المقال؛ آخر تحديث؛ مراجعة:؛ فريق ماكس آرت؛ هي خدمة متخصصة تُقدّمها؛ باستخدام أحدث الأجهزة والمعدات؛ لا H1 داخل جسم المقالة (ووردبريس عادةً يعرض العنوان كـ H1 من القالب)؛ Schema JSON-LD مضمّن داخل المحتوى؛ نفس الصورة البارزة مستخدمة على 281 عنصراً (ID 2585)؛ متشابه جداً مع مقالات أخرى في DUP-001 (23)؛ 23 مقالات تتنافس على نية شبه مطابقة,DUP-001 (23),CAN-001 (23),كل ما تحتاج معرفته عن إصلاح تسرب المياه في {LOC} 2026 | علامات تحتاج فيها إصلاح تسرب المياه في {LOC} فورا | الأسباب الجذرية لمشكلات إصلاح تسرب المياه في {LOC} وكيف يشخصها الخبراء | كيف تتم إصلاح تسرب المياه في {LOC} خطوة بخطوة بأيدي متخصصين | أخطاء شائعة يقع فيها أصحاب المنازل عند طلب إصلاح تسرب المياه في {LOC} | خدمات ماكس آرت + جدول الأسعار التقريبية ل إصلاح تسرب المياه في {LOC} | الأسئلة الشائعة عن إصلاح تسرب المياه في {LOC} — إجابات خبراء ماكس آرت | لماذا ماكس آرت هي الخيار الأول ل إصلاح تسرب المياه في {LOC}؟
2817,post,شركة كشف تسربات الغاز في الرحبة,https://max-art-ae.com/shrkh-kshf-tsrbat-alghaz-fy-alrhbh/,2026-09-11,1350,0,8,14,كشف/إصلاح تسربات,كشف/إصلاح تسربات,14,2585,قالب/نصوص نمطية | لا H1 في جسم المحتوى | صورة بارزة مكررة على نطاق واسع,عبارات نمطية: كتب هذا المقال؛ آخر تحديث؛ مراجعة:؛ فريق ماكس آرت؛ هي خدمة متخصصة تُقدّمها؛ باستخدام أحدث الأجهزة والمعدات؛ لا H1 داخل جسم المقالة (ووردبريس عادةً يعرض العنوان كـ H1 من القالب)؛ Schema JSON-LD مضمّن داخل المحتوى؛ نفس الصورة البارزة مستخدمة على 281 عنصراً (ID 2585),,,كل ما تحتاج معرفته عن كشف تسربات الغاز في الرحبة 2026 | علامات تحتاج فيها كشف تسربات الغاز في الرحبة فورا | الأسباب الجذرية لمشكلات كشف تسربات الغاز في الرحبة وكيف يشخصها الخبراء | كيف تتم كشف تسربات الغاز في الرحبة خطوة بخطوة بأيدي متخصصين | أخطاء شائعة يقع فيها أصحاب المنازل عند طلب كشف تسربات الغاز في الرحبة | خدمات ماكس آرت + جدول الأسعار التقريبية ل كشف تسربات الغاز في الرحبة | الأسئلة الشائعة عن كشف تسربات الغاز في الرحبة — إجابات خبراء ماكس آرت | لماذا ماكس آرت هي الخيار الأول ل كشف تسربات الغاز في الرحبة؟
2815,post,شركة كشف تسربات الغاز في المصفح,https://max-art-ae.com/shrkh-kshf-tsrbat-alghaz-fy-almsfh/,2026-09-11,1350,0,8,14,كشف/إصلاح تسربات,كشف/إصلاح تسربات,13,2585,قالب/نصوص نمطية | لا H1 في جسم المحتوى | صورة بارزة مكررة على نطاق واسع,عبارات نمطية: كتب هذا المقال؛ آخر تحديث؛ مراجعة:؛ فريق ماكس آرت؛ هي خدمة متخصصة تُقدّمها؛ باستخدام أحدث الأجهزة والمعدات؛ لا H1 داخل جسم المقالة (ووردبريس عادةً يعرض العنوان كـ H1 من القالب)؛ نفس الصورة البارزة مستخدمة على 281 عنصراً (ID 2585),,,كل ما تحتاج معرفته عن كشف تسربات الغاز في المصفح 2026 | علامات تحتاج فيها كشف تسربات الغاز في المصفح فورا | الأسباب الجذرية لمشكلات كشف تسربات الغاز في المصفح وكيف يشخصها الخبراء | كيف تتم كشف تسربات الغاز في المصفح خطوة بخطوة بأيدي متخصصين | أخطاء شائعة يقع فيها أصحاب المنازل عند طلب كشف تسربات الغاز في المصفح | خدمات ماكس آرت + جدول الأسعار التقريبية ل كشف تسربات الغاز في المصفح | الأسئلة الشائعة عن كشف تسربات الغاز في المصفح — إجابات خبراء ماكس آرت | لماذا ماكس آرت هي الخيار الأول ل كشف تسربات الغاز في المصفح؟
2698,post,شركة كشف تسربات المياه في مردف,https://max-art-ae.com/shrkh-kshf-tsrbat-almyah-fy-mrdf/,2026-09-11,1350,0,8,14,كشف/إصلاح تسربات,كشف/إصلاح تسربات,15,2585,قالب/نصوص نمطية | لا H1 في جسم المحتوى | صورة بارزة مكررة على نطاق واسع,عبارات نمطية: كتب هذا المقال؛ آخر تحديث؛ مراجعة:؛ فريق ماكس آرت؛ هي خدمة متخصصة تُقدّمها؛ باستخدام أحدث الأجهزة والمعدات؛ لا H1 داخل جسم المقالة (ووردبريس عادةً يعرض العنوان كـ H1 من القالب)؛ Schema JSON-LD مضمّن داخل المحتوى؛ نفس الصورة البارزة مستخدمة على 281 عنصراً (ID 2585),,,كل ما تحتاج معرفته عن كشف تسربات المياه في مردف 2026 | علامات تحتاج فيها كشف تسربات المياه في مردف فورا | الأسباب الجذرية لمشكلات كشف تسربات المياه في مردف وكيف يشخصها الخبراء | كيف تتم كشف تسربات المياه في مردف خطوة بخطوة بأيدي متخصصين | أخطاء شائعة يقع فيها أصحاب المنازل عند طلب كشف تسربات المياه في مردف | خدمات ماكس آرت + جدول الأسعار التقريبية ل كشف تسربات المياه في مردف | الأسئلة الشائعة عن كشف تسربات المياه في مردف — إجابات خبراء ماكس آرت | لماذا ماكس آرت هي الخيار الأول ل كشف تسربات المياه في مردف؟
2913,post,شركة إصلاح تسرب المياه في البرشاء,https://max-art-ae.com/shrkh-aslah-tsrb-almyah-fy-albrsha/,2026-09-11,1349,0,8,14,كشف/إصلاح تسربات,كشف/إصلاح تسربات,14,2585,قالب/نصوص نمطية | لا H1 في جسم المحتوى | صورة بارزة مكررة على نطاق واسع | محتوى مكرر/متشابه | تآكل كلمات مفتاحية,عبارات نمطية: كتب هذا المقال؛ آخر تحديث؛ مراجعة:؛ فريق ماكس آرت؛ هي خدمة متخصصة تُقدّمها؛ باستخدام أحدث الأجهزة والمعدات؛ لا H1 داخل جسم المقالة (ووردبريس عادةً يعرض العنوان كـ H1 من القالب)؛ نفس الصورة البارزة مستخدمة على 281 عنصراً (ID 2585)؛ متشابه جداً مع مقالات أخرى في DUP-001 (23)؛ 23 مقالات تتنافس على نية شبه مطابقة,DUP-001 (23),CAN-001 (23),كل ما تحتاج معرفته عن إصلاح تسرب المياه في {LOC} 2026 | علامات تحتاج فيها إصلاح تسرب المياه في {LOC} فورا | الأسباب الجذرية لمشكلات إصلاح تسرب المياه في {LOC} وكيف يشخصها الخبراء | كيف تتم إصلاح تسرب المياه في {LOC} خطوة بخطوة بأيدي متخصصين | أخطاء شائعة يقع فيها أصحاب المنازل عند طلب إصلاح تسرب المياه في {LOC} | خدمات ماكس آرت + جدول الأسعار التقريبية ل إصلاح تسرب المياه في {LOC} | الأسئلة الشائعة عن إصلاح تسرب المياه في {LOC} — إجابات خبراء ماكس آرت | لماذا ماكس آرت هي الخيار الأول ل إصلاح تسرب المياه في {LOC}؟
2871,post,شركة كشف تسربات التكييف في الرحبة,https://max-art-ae.com/shrkh-kshf-tsrbat-altkyyf-fy-alrhbh/,2026-09-11,1349,0,8,14,كشف/إصلاح تسربات,كشف/إصلاح تسربات,14,2585,قالب/نصوص نمطية | لا H1 في جسم المحتوى | صورة بارزة مكررة على نطاق واسع,عبارات نمطية: كتب هذا المقال؛ آخر تحديث؛ مراجعة:؛ فريق ماكس آرت؛ هي خدمة متخصصة تُقدّمها؛ باستخدام أحدث الأجهزة والمعدات؛ لا H1 داخل جسم المقالة (ووردبريس عادةً يعرض العنوان كـ H1 من القالب)؛ Schema JSON-LD مضمّن داخل المحتوى؛ نفس الصورة البارزة مستخدمة على 281 عنصراً (ID 2585),,,كل ما تحتاج معرفته عن كشف تسربات التكييف في الرحبة 2026 | علامات تحتاج فيها كشف تسربات التكييف في الرحبة فورا | الأسباب الجذرية لمشكلات كشف تسربات التكييف في الرحبة وكيف يشخصها الخبراء | كيف تتم كشف تسربات التكييف في الرحبة خطوة بخطوة بأيدي متخصصين | أخطاء شائعة يقع فيها أصحاب المنازل عند طلب كشف تسربات التكييف في الرحبة | خدمات ماكس آرت + جدول الأسعار التقريبية ل كشف تسربات التكييف في الرحبة | الأسئلة الشائعة عن كشف تسربات التكييف في الرحبة — إجابات خبراء ماكس آرت | لماذا ماكس آرت هي الخيار الأول ل كشف تسربات التكييف في الرحبة؟
2847,post,شركة كشف تسربات التكييف في العين,https://max-art-ae.com/shrkh-kshf-tsrbat-altkyyf-fy-alayn/,2026-09-11,1349,0,8,14,كشف/إصلاح تسربات,كشف/إصلاح تسربات,14,2585,قالب/نصوص نمطية | لا H1 في جسم المحتوى | صورة بارزة مكررة على نطاق واسع | محتوى مكرر/متشابه | تآكل كلمات مفتاحية,عبارات نمطية: كتب هذا المقال؛ آخر تحديث؛ مراجعة:؛ فريق ماكس آرت؛ هي خدمة متخصصة تُقدّمها؛ باستخدام أحدث الأجهزة والمعدات؛ لا H1 داخل جسم المقالة (ووردبريس عادةً يعرض العنوان كـ H1 من القالب)؛ نفس الصورة البارزة مستخدمة على 281 عنصراً (ID 2585)؛ متشابه جداً مع مقالات أخرى في DUP-002 (23)؛ 23 مقالات تتنافس على نية شبه مطابقة,DUP-002 (23),CAN-002 (23),كل ما تحتاج معرفته عن كشف تسربات التكييف في {LOC} 2026 | علامات تحتاج فيها كشف تسربات التكييف في {LOC} فورا | الأسباب الجذرية لمشكلات كشف تسربات التكييف في {LOC} وكيف يشخصها الخبراء | كيف تتم كشف تسربات التكييف في {LOC} خطوة بخطوة بأيدي متخصصين | أخطاء شائعة يقع فيها أصحاب المنازل عند طلب كشف تسربات التكييف في {LOC} | خدمات ماكس آرت + جدول الأسعار التقريبية ل كشف تسربات التكييف في {LOC} | الأسئلة الشائعة عن كشف تسربات التكييف في {LOC} — إجابات خبراء ماكس آرت | لماذا ماكس آرت هي الخيار الأول ل كشف تسربات التكييف في {LOC}؟
2820,post,شركة كشف تسربات الغاز في الصاروج,https://max-art-ae.com/shrkh-kshf-tsrbat-alghaz-fy-alsarwj/,2026-09-11,1349,0,8,14,كشف/إصلاح تسربات,كشف/إصلاح تسربات,15,2585,قالب/نصوص نمطية | لا H1 في جسم المحتوى | صورة بارزة مكررة على نطاق واسع,عبارات نمطية: كتب هذا المقال؛ آخر تحديث؛ مراجعة:؛ فريق ماكس آرت؛ هي خدمة متخصصة تُقدّمها؛ باستخدام أحدث الأجهزة والمعدات؛ لا H1 داخل جسم المقالة (ووردبريس عادةً يعرض العنوان كـ H1 من القالب)؛ Schema JSON-LD مضمّن داخل المحتوى؛ نفس الصورة البارزة مستخدمة على 281 عنصراً (ID 2585),,,كل ما تحتاج معرفته عن كشف تسربات الغاز في الصاروج 2026 | علامات تحتاج فيها كشف تسربات الغاز في الصاروج فورا | الأسباب الجذرية لمشكلات كشف تسربات الغاز في الصاروج وكيف يشخصها الخبراء | كيف تتم كشف تسربات الغاز في الصاروج خطوة بخطوة بأيدي متخصصين | أخطاء شائعة يقع فيها أصحاب المنازل عند طلب كشف تسربات الغاز في الصاروج | خدمات ماكس آرت + جدول الأسعار التقريبية ل كشف تسربات الغاز في الصاروج | الأسئلة الشائعة عن كشف تسربات الغاز في الصاروج — إجابات خبراء ماكس آرت | لماذا ماكس آرت هي الخيار الأول ل كشف تسربات الغاز في الصاروج؟
2929,post,شركة إصلاح تسرب المياه في المجاز,https://max-art-ae.com/shrkh-aslah-tsrb-almyah-fy-almjaz/,2026-09-11,1348,0,8,14,كشف/إصلاح تسربات,كشف/إصلاح تسربات,14,2585,قالب/نصوص نمطية | لا H1 في جسم المحتوى | صورة بارزة مكررة على نطاق واسع | محتوى مكرر/متشابه | تآكل كلمات مفتاحية,عبارات نمطية: كتب هذا المقال؛ آخر تحديث؛ مراجعة:؛ فريق ماكس آرت؛ هي خدمة متخصصة تُقدّمها؛ باستخدام أحدث الأجهزة والمعدات؛ لا H1 داخل جسم المقالة (ووردبريس عادةً يعرض العنوان كـ H1 من القالب)؛ Schema JSON-LD مضمّن داخل المحتوى؛ نفس الصورة البارزة مستخدمة على 281 عنصراً (ID 2585)؛ متشابه جداً مع مقالات أخرى في DUP-001 (23)؛ 23 مقالات تتنافس على نية شبه مطابقة,DUP-001 (23),CAN-001 (23),كل ما تحتاج معرفته عن إصلاح تسرب المياه في {LOC} 2026 | علامات تحتاج فيها إصلاح تسرب المياه في {LOC} فورا | الأسباب الجذرية لمشكلات إصلاح تسرب المياه في {LOC} وكيف يشخصها الخبراء | كيف تتم إصلاح تسرب المياه في {LOC} خطوة بخطوة بأيدي متخصصين | أخطاء شائعة يقع فيها أصحاب المنازل عند طلب إصلاح تسرب المياه في {LOC} | خدمات ماكس آرت + جدول الأسعار التقريبية ل إصلاح تسرب المياه في {LOC} | الأسئلة الشائعة عن إصلاح تسرب المياه في {LOC} — إجابات خبراء ماكس آرت | لماذا ماكس آرت هي الخيار الأول ل إصلاح تسرب المياه في {LOC}؟
2899,post,شركة إصلاح تسرب المياه في أبوظبي,https://max-art-ae.com/shrkh-aslah-tsrb-almyah-fy-abwzby/,2026-09-11,1348,0,8,14,كشف/إصلاح تسربات,كشف/إصلاح تسربات,15,2585,قالب/نصوص نمطية | لا H1 في جسم المحتوى | صورة بارزة مكررة على نطاق واسع | محتوى مكرر/متشابه | تآكل كلمات مفتاحية,عبارات نمطية: كتب هذا المقال؛ آخر تحديث؛ مراجعة:؛ فريق ماكس آرت؛ هي خدمة متخصصة تُقدّمها؛ باستخدام أحدث الأجهزة والمعدات؛ لا H1 داخل جسم المقالة (ووردبريس عادةً يعرض العنوان كـ H1 من القالب)؛ نفس الصورة البارزة مستخدمة على 281 عنصراً (ID 2585)؛ متشابه جداً مع مقالات أخرى في DUP-001 (23)؛ 23 مقالات تتنافس على نية شبه مطابقة,DUP-001 (23),CAN-001 (23),كل ما تحتاج معرفته عن إصلاح تسرب المياه في {LOC} 2026 | علامات تحتاج فيها إصلاح تسرب المياه في {LOC} فورا | الأسباب الجذرية لمشكلات إصلاح تسرب المياه في {LOC} وكيف يشخصها الخبراء | كيف تتم إصلاح تسرب المياه في {LOC} خطوة بخطوة بأيدي متخصصين | أخطاء شائعة يقع فيها أصحاب المنازل عند طلب إصلاح تسرب المياه في {LOC} | خدمات ماكس آرت + جدول الأسعار التقريبية ل إصلاح تسرب المياه في {LOC} | الأسئلة الشائعة عن إصلاح تسرب المياه في {LOC} — إجابات خبراء ماكس آرت | لماذا ماكس آرت هي الخيار الأول ل إصلاح تسرب المياه في {LOC}؟
2898,post,شركة إصلاح تسرب المياه في دبي,https://max-art-ae.com/shrkh-aslah-tsrb-almyah-fy-dby/,2026-09-11,1348,0,8,14,كشف/إصلاح تسربات,كشف/إصلاح تسربات,13,2585,قالب/نصوص نمطية | لا H1 في جسم المحتوى | صورة بارزة مكررة على نطاق واسع | محتوى مكرر/متشابه | تآكل كلمات مفتاحية,عبارات نمطية: كتب هذا المقال؛ آخر تحديث؛ مراجعة:؛ فريق ماكس آرت؛ هي خدمة متخصصة تُقدّمها؛ باستخدام أحدث الأجهزة والمعدات؛ لا H1 داخل جسم المقالة (ووردبريس عادةً يعرض العنوان كـ H1 من القالب)؛ نفس الصورة البارزة مستخدمة على 281 عنصراً (ID 2585)؛ متشابه جداً مع مقالات أخرى في DUP-001 (23)؛ 23 مقالات تتنافس على نية شبه مطابقة,DUP-001 (23),CAN-001 (23),كل ما تحتاج معرفته عن إصلاح تسرب المياه في {LOC} 2026 | علامات تحتاج فيها إصلاح تسرب المياه في {LOC} فورا | الأسباب الجذرية لمشكلات إصلاح تسرب المياه في {LOC} وكيف يشخصها الخبراء | كيف تتم إصلاح تسرب المياه في {LOC} خطوة بخطوة بأيدي متخصصين | أخطاء شائعة يقع فيها أصحاب المنازل عند طلب إصلاح تسرب المياه في {LOC} | خدمات ماكس آرت + جدول الأسعار التقريبية ل إصلاح تسرب المياه في {LOC} | الأسئلة الشائعة عن إصلاح تسرب المياه في {LOC} — إجابات خبراء ماكس آرت | لماذا ماكس آرت هي الخيار الأول ل إصلاح تسرب المياه في {LOC}؟
2796,post,شركة كشف تسربات الغاز في الفجيرة,https://max-art-ae.com/shrkh-kshf-tsrbat-alghaz-fy-alfjyrh/,2026-09-11,1348,0,8,14,كشف/إصلاح تسربات,كشف/إصلاح تسربات,14,2585,قالب/نصوص نمطية | لا H1 في جسم المحتوى | صورة بارزة مكررة على نطاق واسع | محتوى مكرر/متشابه | تآكل كلمات مفتاحية,عبارات نمطية: كتب هذا المقال؛ آخر تحديث؛ مراجعة:؛ فريق ماكس آرت؛ هي خدمة متخصصة تُقدّمها؛ باستخدام أحدث الأجهزة والمعدات؛ لا H1 داخل جسم المقالة (ووردبريس عادةً يعرض العنوان كـ H1 من القالب)؛ نفس الصورة البارزة مستخدمة على 281 عنصراً (ID 2585)؛ متشابه جداً مع مقالات أخرى في DUP-003 (23)؛ 23 مقالات تتنافس على نية شبه مطابقة,DUP-003 (23),CAN-003 (23),كل ما تحتاج معرفته عن كشف تسربات الغاز في {LOC} 2026 | علامات تحتاج فيها كشف تسربات الغاز في {LOC} فورا | الأسباب الجذرية لمشكلات كشف تسربات الغاز في {LOC} وكيف يشخصها الخبراء | كيف تتم كشف تسربات الغاز في {LOC} خطوة بخطوة بأيدي متخصصين | أخطاء شائعة يقع فيها أصحاب المنازل عند طلب كشف تسربات الغاز في {LOC} | خدمات ماكس آرت + جدول الأسعار التقريبية ل كشف تسربات الغاز في {LOC} | الأسئلة الشائعة عن كشف تسربات الغاز في {LOC} — إجابات خبراء ماكس آرت | لماذا ماكس آرت هي الخيار الأول ل كشف تسربات الغاز في {LOC}؟
2872,post,شركة كشف تسربات التكييف في اليحر,https://max-art-ae.com/shrkh-kshf-tsrbat-altkyyf-fy-alyhr/,2026-09-11,1347,0,8,14,كشف/إصلاح تسربات,كشف/إصلاح تسربات,13,2585,قالب/نصوص نمطية | لا H1 في جسم المحتوى | صورة بارزة مكررة على نطاق واسع,عبارات نمطية: كتب هذا المقال؛ آخر تحديث؛ مراجعة:؛ فريق ماكس آرت؛ هي خدمة متخصصة تُقدّمها؛ باستخدام أحدث الأجهزة والمعدات؛ لا H1 داخل جسم المقالة (ووردبريس عادةً يعرض العنوان كـ H1 من القالب)؛ نفس الصورة البارزة مستخدمة على 281 عنصراً (ID 2585),,,كل ما تحتاج معرفته عن كشف تسربات التكييف في اليحر 2026 | علامات تحتاج فيها كشف تسربات التكييف في اليحر فورا | الأسباب الجذرية لمشكلات كشف تسربات التكييف في اليحر وكيف يشخصها الخبراء | كيف تتم كشف تسربات التكييف في اليحر خطوة بخطوة بأيدي متخصصين | أخطاء شائعة يقع فيها أصحاب المنازل عند طلب كشف تسربات التكييف في اليحر | خدمات ماكس آرت + جدول الأسعار التقريبية ل كشف تسربات التكييف في اليحر | الأسئلة الشائعة عن كشف تسربات التكييف في اليحر — إجابات خبراء ماكس آرت | لماذا ماكس آرت هي الخيار الأول ل كشف تسربات التكييف في اليحر؟
2800,post,شركة كشف تسربات الغاز في الذيد,https://max-art-ae.com/shrkh-kshf-tsrbat-alghaz-fy-aldhyd/,2026-09-11,1347,0,8,14,كشف/إصلاح تسربات,كشف/إصلاح تسربات,15,2585,قالب/نصوص نمطية | لا H1 في جسم المحتوى | صورة بارزة مكررة على نطاق واسع | محتوى مكرر/متشابه | تآكل كلمات مفتاحية,عبارات نمطية: كتب هذا المقال؛ آخر تحديث؛ مراجعة:؛ فريق ماكس آرت؛ هي خدمة متخصصة تُقدّمها؛ باستخدام أحدث الأجهزة والمعدات؛ لا H1 داخل جسم المقالة (ووردبريس عادةً يعرض العنوان كـ H1 من القالب)؛ Schema JSON-LD مضمّن داخل المحتوى؛ نفس الصورة البارزة مستخدمة على 281 عنصراً (ID 2585)؛ متشابه جداً مع مقالات أخرى في DUP-003 (23)؛ 23 مقالات تتنافس على نية شبه مطابقة,DUP-003 (23),CAN-003 (23),كل ما تحتاج معرفته عن كشف تسربات الغاز في {LOC} 2026 | علامات تحتاج فيها كشف تسربات الغاز في {LOC} فورا | الأسباب الجذرية لمشكلات كشف تسربات الغاز في {LOC} وكيف يشخصها الخبراء | كيف تتم كشف تسربات الغاز في {LOC} خطوة بخطوة بأيدي متخصصين | أخطاء شائعة يقع فيها أصحاب المنازل عند طلب كشف تسربات الغاز في {LOC} | خدمات ماكس آرت + جدول الأسعار التقريبية ل كشف تسربات الغاز في {LOC} | الأسئلة الشائعة عن كشف تسربات الغاز في {LOC} — إجابات خبراء ماكس آرت | لماذا ماكس آرت هي الخيار الأول ل كشف تسربات الغاز في {LOC}؟
2793,post,شركة كشف تسربات الغاز في العين,https://max-art-ae.com/shrkh-kshf-tsrbat-alghaz-fy-alayn/,2026-09-11,1347,0,8,14,كشف/إصلاح تسربات,كشف/إصلاح تسربات,14,2585,قالب/نصوص نمطية | لا H1 في جسم المحتوى | صورة بارزة مكررة على نطاق واسع | محتوى مكرر/متشابه | تآكل كلمات مفتاحية,عبارات نمطية: كتب هذا المقال؛ آخر تحديث؛ مراجعة:؛ فريق ماكس آرت؛ هي خدمة متخصصة تُقدّمها؛ باستخدام أحدث الأجهزة والمعدات؛ لا H1 داخل جسم المقالة (ووردبريس عادةً يعرض العنوان كـ H1 من القالب)؛ نفس الصورة البارزة مستخدمة على 281 عنصراً (ID 2585)؛ متشابه جداً مع مقالات أخرى في DUP-003 (23)؛ 23 مقالات تتنافس على نية شبه مطابقة,DUP-003 (23),CAN-003 (23),كل ما تحتاج معرفته عن كشف تسربات الغاز في {LOC} 2026 | علامات تحتاج فيها كشف تسربات الغاز في {LOC} فورا | الأسباب الجذرية لمشكلات كشف تسربات الغاز في {LOC} وكيف يشخصها الخبراء | كيف تتم كشف تسربات الغاز في {LOC} خطوة بخطوة بأيدي متخصصين | أخطاء شائعة يقع فيها أصحاب المنازل عند طلب كشف تسربات الغاز في {LOC} | خدمات ماكس آرت + جدول الأسعار التقريبية ل كشف تسربات الغاز في {LOC} | الأسئلة الشائعة عن كشف تسربات الغاز في {LOC} — إجابات خبراء ماكس آرت | لماذا ماكس آرت هي الخيار الأول ل كشف تسربات الغاز في {LOC}؟
2720,post,شركة كشف تسربات المياه في الروضة,https://max-art-ae.com/shrkh-kshf-tsrbat-almyah-fy-alrwdh/,2026-09-11,1347,0,8,14,كشف/إصلاح تسربات,كشف/إصلاح تسربات,15,2585,قالب/نصوص نمطية | لا H1 في جسم المحتوى | صورة بارزة مكررة على نطاق واسع | محتوى مكرر/متشابه | تآكل كلمات مفتاحية,عبارات نمطية: كتب هذا المقال؛ آخر تحديث؛ مراجعة:؛ فريق ماكس آرت؛ هي خدمة متخصصة تُقدّمها؛ باستخدام أحدث الأجهزة والمعدات؛ لا H1 داخل جسم المقالة (ووردبريس عادةً يعرض العنوان كـ H1 من القالب)؛ Schema JSON-LD مضمّن داخل المحتوى؛ نفس الصورة البارزة مستخدمة على 281 عنصراً (ID 2585)؛ متشابه جداً مع مقالات أخرى في DUP-005 (23)؛ 23 مقالات تتنافس على نية شبه مطابقة,DUP-005 (23),CAN-005 (23),كل ما تحتاج معرفته عن كشف تسربات المياه في {LOC} 2026 | علامات تحتاج فيها كشف تسربات المياه في {LOC} فورا | الأسباب الجذرية لمشكلات كشف تسربات المياه في {LOC} وكيف يشخصها الخبراء | كيف تتم كشف تسربات المياه في {LOC} خطوة بخطوة بأيدي متخصصين | أخطاء شائعة يقع فيها أصحاب المنازل عند طلب كشف تسربات المياه في {LOC} | خدمات ماكس آرت + جدول الأسعار التقريبية ل كشف تسربات المياه في {LOC} | الأسئلة الشائعة عن كشف تسربات المياه في {LOC} — إجابات خبراء ماكس آرت | لماذا ماكس آرت هي الخيار الأول ل كشف تسربات المياه في {LOC}؟
2923,post,شركة إصلاح تسرب المياه في المصفح,https://max-art-ae.com/shrkh-aslah-tsrb-almyah-fy-almsfh/,2026-09-11,1346,0,8,14,كشف/إصلاح تسربات,كشف/إصلاح تسربات,12,2585,قالب/نصوص نمطية | لا H1 في جسم المحتوى | صورة بارزة مكررة على نطاق واسع,عبارات نمطية: كتب هذا المقال؛ آخر تحديث؛ مراجعة:؛ فريق ماكس آرت؛ هي خدمة متخصصة تُقدّمها؛ باستخدام أحدث الأجهزة والمعدات؛ لا H1 داخل جسم المقالة (ووردبريس عادةً يعرض العنوان كـ H1 من القالب)؛ نفس الصورة البارزة مستخدمة على 281 عنصراً (ID 2585),,,كل ما تحتاج معرفته عن إصلاح تسرب المياه في المصفح 2026 | علامات تحتاج فيها إصلاح تسرب المياه في المصفح فورا | الأسباب الجذرية لمشكلات إصلاح تسرب المياه في المصفح وكيف يشخصها الخبراء | كيف تتم إصلاح تسرب المياه في المصفح خطوة بخطوة بأيدي متخصصين | أخطاء شائعة يقع فيها أصحاب المنازل عند طلب إصلاح تسرب المياه في المصفح | خدمات ماكس آرت + جدول الأسعار التقريبية ل إصلاح تسرب المياه في المصفح | الأسئلة الشائعة عن إصلاح تسرب المياه في المصفح — إجابات خبراء ماكس آرت | لماذا ماكس آرت هي الخيار الأول ل إصلاح تسرب المياه في المصفح؟
2900,post,شركة إصلاح تسرب المياه في الشارقة,https://max-art-ae.com/shrkh-aslah-tsrb-almyah-fy-alsharqh/,2026-09-11,1346,0,8,14,كشف/إصلاح تسربات,كشف/إصلاح تسربات,13,2585,قالب/نصوص نمطية | لا H1 في جسم المحتوى | صورة بارزة مكررة على نطاق واسع | محتوى مكرر/متشابه | تآكل كلمات مفتاحية,عبارات نمطية: كتب هذا المقال؛ آخر تحديث؛ مراجعة:؛ فريق ماكس آرت؛ هي خدمة متخصصة تُقدّمها؛ باستخدام أحدث الأجهزة والمعدات؛ لا H1 داخل جسم المقالة (ووردبريس عادةً يعرض العنوان كـ H1 من القالب)؛ نفس الصورة البارزة مستخدمة على 281 عنصراً (ID 2585)؛ متشابه جداً مع مقالات أخرى في DUP-001 (23)؛ 23 مقالات تتنافس على نية شبه مطابقة,DUP-001 (23),CAN-001 (23),كل ما تحتاج معرفته عن إصلاح تسرب المياه في {LOC} 2026 | علامات تحتاج فيها إصلاح تسرب المياه في {LOC} فورا | الأسباب الجذرية لمشكلات إصلاح تسرب المياه في {LOC} وكيف يشخصها الخبراء | كيف تتم إصلاح تسرب المياه في {LOC} خطوة بخطوة بأيدي متخصصين | أخطاء شائعة يقع فيها أصحاب المنازل عند طلب إصلاح تسرب المياه في {LOC} | خدمات ماكس آرت + جدول الأسعار التقريبية ل إصلاح تسرب المياه في {LOC} | الأسئلة الشائعة عن إصلاح تسرب المياه في {LOC} — إجابات خبراء ماكس آرت | لماذا ماكس آرت هي الخيار الأول ل إصلاح تسرب المياه في {LOC}؟
2880,post,شركة كشف تسربات التكييف في السيوح,https://max-art-ae.com/shrkh-kshf-tsrbat-altkyyf-fy-alsywh/,2026-09-11,1346,0,8,14,كشف/إصلاح تسربات,كشف/إصلاح تسربات,15,2585,قالب/نصوص نمطية | لا H1 في جسم المحتوى | صورة بارزة مكررة على نطاق واسع,عبارات نمطية: كتب هذا المقال؛ آخر تحديث؛ مراجعة:؛ فريق ماكس آرت؛ هي خدمة متخصصة تُقدّمها؛ باستخدام أحدث الأجهزة والمعدات؛ لا H1 داخل جسم المقالة (ووردبريس عادةً يعرض العنوان كـ H1 من القالب)؛ Schema JSON-LD مضمّن داخل المحتوى؛ نفس الصورة البارزة مستخدمة على 281 عنصراً (ID 2585),,,كل ما تحتاج معرفته عن كشف تسربات التكييف في السيوح 2026 | علامات تحتاج فيها كشف تسربات التكييف في السيوح فورا | الأسباب الجذرية لمشكلات كشف تسربات التكييف في السيوح وكيف يشخصها الخبراء | كيف تتم كشف تسربات التكييف في السيوح خطوة بخطوة بأيدي متخصصين | أخطاء شائعة يقع فيها أصحاب المنازل عند طلب كشف تسربات التكييف في السيوح | خدمات ماكس آرت + جدول الأسعار التقريبية ل كشف تسربات التكييف في السيوح | الأسئلة الشائعة عن كشف تسربات التكييف في السيوح — إجابات خبراء ماكس آرت | لماذا ماكس آرت هي الخيار الأول ل كشف تسربات التكييف في السيوح؟
2858,post,شركة كشف تسربات التكييف في الجميرا,https://max-art-ae.com/shrkh-kshf-tsrbat-altkyyf-fy-aljmyra/,2026-09-11,1346,0,8,14,كشف/إصلاح تسربات,كشف/إصلاح تسربات,13,2585,قالب/نصوص نمطية | لا H1 في جسم المحتوى | صورة بارزة مكررة على نطاق واسع,عبارات نمطية: كتب هذا المقال؛ آخر تحديث؛ مراجعة:؛ فريق ماكس آرت؛ هي خدمة متخصصة تُقدّمها؛ باستخدام أحدث الأجهزة والمعدات؛ لا H1 داخل جسم المقالة (ووردبريس عادةً يعرض العنوان كـ H1 من القالب)؛ نفس الصورة البارزة مستخدمة على 281 عنصراً (ID 2585),,,كل ما تحتاج معرفته عن كشف تسربات التكييف في ال{LOC} 2026 | علامات تحتاج فيها كشف تسربات التكييف في ال{LOC} فورا | الأسباب الجذرية لمشكلات كشف تسربات التكييف في ال{LOC} وكيف يشخصها الخبراء | كيف تتم كشف تسربات التكييف في ال{LOC} خطوة بخطوة بأيدي متخصصين | أخطاء شائعة يقع فيها أصحاب المنازل عند طلب كشف تسربات التكييف في ال{LOC} | خدمات ماكس آرت + جدول الأسعار التقريبية ل كشف تسربات التكييف في ال{LOC} | الأسئلة الشائعة عن كشف تسربات التكييف في ال{LOC} — إجابات خبراء ماكس آرت | لماذا ماكس آرت هي الخيار الأول ل كشف تسربات التكييف في ال{LOC}؟
2831,post,شركة كشف تسربات الغاز في الجرف,https://max-art-ae.com/shrkh-kshf-tsrbat-alghaz-fy-aljrf/,2026-09-11,1346,0,8,14,كشف/إصلاح تسربات,كشف/إصلاح تسربات,13,2585,قالب/نصوص نمطية | لا H1 في جسم المحتوى | صورة بارزة مكررة على نطاق واسع | محتوى مكرر/متشابه | تآكل كلمات مفتاحية,عبارات نمطية: كتب هذا المقال؛ آخر تحديث؛ مراجعة:؛ فريق ماكس آرت؛ هي خدمة متخصصة تُقدّمها؛ باستخدام أحدث الأجهزة والمعدات؛ لا H1 داخل جسم المقالة (ووردبريس عادةً يعرض العنوان كـ H1 من القالب)؛ Schema JSON-LD مضمّن داخل المحتوى؛ نفس الصورة البارزة مستخدمة على 281 عنصراً (ID 2585)؛ متشابه جداً مع مقالات أخرى في DUP-003 (23)؛ 23 مقالات تتنافس على نية شبه مطابقة,DUP-003 (23),CAN-003 (23),كل ما تحتاج معرفته عن كشف تسربات الغاز في {LOC} 2026 | علامات تحتاج فيها كشف تسربات الغاز في {LOC} فورا | الأسباب الجذرية لمشكلات كشف تسربات الغاز في {LOC} وكيف يشخصها الخبراء | كيف تتم كشف تسربات الغاز في {LOC} خطوة بخطوة بأيدي متخصصين | أخطاء شائعة يقع فيها أصحاب المنازل عند طلب كشف تسربات الغاز في {LOC} | خدمات ماكس آرت + جدول الأسعار التقريبية ل كشف تسربات الغاز في {LOC} | الأسئلة الشائعة عن كشف تسربات الغاز في {LOC} — إجابات خبراء ماكس آرت | لماذا ماكس آرت هي الخيار الأول ل كشف تسربات الغاز في {LOC}؟
2816,post,شركة كشف تسربات الغاز في الشهامة,https://max-art-ae.com/shrkh-kshf-tsrbat-alghaz-fy-alshhamh/,2026-09-11,1346,0,8,14,كشف/إصلاح تسربات,كشف/إصلاح تسربات,14,2585,قالب/نصوص نمطية | لا H1 في جسم المحتوى | صورة بارزة مكررة على نطاق واسع,عبارات نمطية: كتب هذا المقال؛ آخر تحديث؛ مراجعة:؛ فريق ماكس آرت؛ هي خدمة متخصصة تُقدّمها؛ باستخدام أحدث الأجهزة والمعدات؛ لا H1 داخل جسم المقالة (ووردبريس عادةً يعرض العنوان كـ H1 من القالب)؛ نفس الصورة البارزة مستخدمة على 281 عنصراً (ID 2585),,,كل ما تحتاج معرفته عن كشف تسربات الغاز في الشهامة 2026 | علامات تحتاج فيها كشف تسربات الغاز في الشهامة فورا | الأسباب الجذرية لمشكلات كشف تسربات الغاز في الشهامة وكيف يشخصها الخبراء | كيف تتم كشف تسربات الغاز في الشهامة خطوة بخطوة بأيدي متخصصين | أخطاء شائعة يقع فيها أصحاب المنازل عند طلب كشف تسربات الغاز في الشهامة | خدمات ماكس آرت + جدول الأسعار التقريبية ل كشف تسربات الغاز في الشهامة | الأسئلة الشائعة عن كشف تسربات الغاز في الشهامة — إجابات خبراء ماكس آرت | لماذا ماكس آرت هي الخيار الأول ل كشف تسربات الغاز في الشهامة؟
2804,post,شركة كشف تسربات الغاز في الجميرا,https://max-art-ae.com/shrkh-kshf-tsrbat-alghaz-fy-aljmyra/,2026-09-11,1346,0,8,14,كشف/إصلاح تسربات,كشف/إصلاح تسربات,13,2585,قالب/نصوص نمطية | لا H1 في جسم المحتوى | صورة بارزة مكررة على نطاق واسع,عبارات نمطية: كتب هذا المقال؛ آخر تحديث؛ مراجعة:؛ فريق ماكس آرت؛ هي خدمة متخصصة تُقدّمها؛ باستخدام أحدث الأجهزة والمعدات؛ لا H1 داخل جسم المقالة (ووردبريس عادةً يعرض العنوان كـ H1 من القالب)؛ نفس الصورة البارزة مستخدمة على 281 عنصراً (ID 2585),,,كل ما تحتاج معرفته عن كشف تسربات الغاز في ال{LOC} 2026 | علامات تحتاج فيها كشف تسربات الغاز في ال{LOC} فورا | الأسباب الجذرية لمشكلات كشف تسربات الغاز في ال{LOC} وكيف يشخصها الخبراء | كيف تتم كشف تسربات الغاز في ال{LOC} خطوة بخطوة بأيدي متخصصين | أخطاء شائعة يقع فيها أصحاب المنازل عند طلب كشف تسربات الغاز في ال{LOC} | خدمات ماكس آرت + جدول الأسعار التقريبية ل كشف تسربات الغاز في ال{LOC} | الأسئلة الشائعة عن كشف تسربات الغاز في ال{LOC} — إجابات خبراء ماكس آرت | لماذا ماكس آرت هي الخيار الأول ل كشف تسربات الغاز في ال{LOC}؟
2692,post,شركة كشف تسربات المياه في الذيد,https://max-art-ae.com/shrkh-kshf-tsrbat-almyah-fy-aldhyd/,2026-09-11,1346,0,8,14,كشف/إصلاح تسربات,كشف/إصلاح تسربات,14,2585,قالب/نصوص نمطية | لا H1 في جسم المحتوى | صورة بارزة مكررة على نطاق واسع | محتوى مكرر/متشابه | تآكل كلمات مفتاحية,عبارات نمطية: كتب هذا المقال؛ آخر تحديث؛ مراجعة:؛ فريق ماكس آرت؛ هي خدمة متخصصة تُقدّمها؛ باستخدام أحدث الأجهزة والمعدات؛ لا H1 داخل جسم المقالة (ووردبريس عادةً يعرض العنوان كـ H1 من القالب)؛ نفس الصورة البارزة مستخدمة على 281 عنصراً (ID 2585)؛ متشابه جداً مع مقالات أخرى في DUP-005 (23)؛ 23 مقالات تتنافس على نية شبه مطابقة,DUP-005 (23),CAN-005 (23),كل ما تحتاج معرفته عن كشف تسربات المياه في {LOC} 2026 | علامات تحتاج فيها كشف تسربات المياه في {LOC} فورا | الأسباب الجذرية لمشكلات كشف تسربات المياه في {LOC} وكيف يشخصها الخبراء | كيف تتم كشف تسربات المياه في {LOC} خطوة بخطوة بأيدي متخصصين | أخطاء شائعة يقع فيها أصحاب المنازل عند طلب كشف تسربات المياه في {LOC} | خدمات ماكس آرت + جدول الأسعار التقريبية ل كشف تسربات المياه في {LOC} | الأسئلة الشائعة عن كشف تسربات المياه في {LOC} — إجابات خبراء ماكس آرت | لماذا ماكس آرت هي الخيار الأول ل كشف تسربات المياه في {LOC}؟
2869,post,شركة كشف تسربات التكييف في المصفح,https://max-art-ae.com/shrkh-kshf-tsrbat-altkyyf-fy-almsfh/,2026-09-11,1345,0,8,14,كشف/إصلاح تسربات,كشف/إصلاح تسربات,13,2585,قالب/نصوص نمطية | لا H1 في جسم المحتوى | صورة بارزة مكررة على نطاق واسع,عبارات نمطية: كتب هذا المقال؛ آخر تحديث؛ مراجعة:؛ فريق ماكس آرت؛ هي خدمة متخصصة تُقدّمها؛ باستخدام أحدث الأجهزة والمعدات؛ لا H1 داخل جسم المقالة (ووردبريس عادةً يعرض العنوان كـ H1 من القالب)؛ نفس الصورة البارزة مستخدمة على 281 عنصراً (ID 2585),,,كل ما تحتاج معرفته عن كشف تسربات التكييف في المصفح 2026 | علامات تحتاج فيها كشف تسربات التكييف في المصفح فورا | الأسباب الجذرية لمشكلات كشف تسربات التكييف في المصفح وكيف يشخصها الخبراء | كيف تتم كشف تسربات التكييف في المصفح خطوة بخطوة بأيدي متخصصين | أخطاء شائعة يقع فيها أصحاب المنازل عند طلب كشف تسربات التكييف في المصفح | خدمات ماكس آرت + جدول الأسعار التقريبية ل كشف تسربات التكييف في المصفح | الأسئلة الشائعة عن كشف تسربات التكييف في المصفح — إجابات خبراء ماكس آرت | لماذا ماكس آرت هي الخيار الأول ل كشف تسربات التكييف في المصفح؟
2859,post,شركة كشف تسربات التكييف في البرشاء,https://max-art-ae.com/shrkh-kshf-tsrbat-altkyyf-fy-albrsha/,2026-09-11,1345,0,8,14,كشف/إصلاح تسربات,كشف/إصلاح تسربات,14,2585,قالب/نصوص نمطية | لا H1 في جسم المحتوى | صورة بارزة مكررة على نطاق واسع | محتوى مكرر/متشابه | تآكل كلمات مفتاحية,عبارات نمطية: كتب هذا المقال؛ آخر تحديث؛ مراجعة:؛ فريق ماكس آرت؛ هي خدمة متخصصة تُقدّمها؛ باستخدام أحدث الأجهزة والمعدات؛ لا H1 داخل جسم المقالة (ووردبريس عادةً يعرض العنوان كـ H1 من القالب)؛ Schema JSON-LD مضمّن داخل المحتوى؛ نفس الصورة البارزة مستخدمة على 281 عنصراً (ID 2585)؛ متشابه جداً مع مقالات أخرى في DUP-002 (23)؛ 23 مقالات تتنافس على نية شبه مطابقة,DUP-002 (23),CAN-002 (23),كل ما تحتاج معرفته عن كشف تسربات التكييف في {LOC} 2026 | علامات تحتاج فيها كشف تسربات التكييف في {LOC} فورا | الأسباب الجذرية لمشكلات كشف تسربات التكييف في {LOC} وكيف يشخصها الخبراء | كيف تتم كشف تسربات التكييف في {LOC} خطوة بخطوة بأيدي متخصصين | أخطاء شائعة يقع فيها أصحاب المنازل عند طلب كشف تسربات التكييف في {LOC} | خدمات ماكس آرت + جدول الأسعار التقريبية ل كشف تسربات التكييف في {LOC} | الأسئلة الشائعة عن كشف تسربات التكييف في {LOC} — إجابات خبراء ماكس آرت | لماذا ماكس آرت هي الخيار الأول ل كشف تسربات التكييف في {LOC}؟
2799,post,شركة كشف تسربات الغاز في كلباء,https://max-art-ae.com/shrkh-kshf-tsrbat-alghaz-fy-klba/,2026-09-11,1345,0,8,14,كشف/إصلاح تسربات,كشف/إصلاح تسربات,13,2585,قالب/نصوص نمطية | لا H1 في جسم المحتوى | صورة بارزة مكررة على نطاق واسع | محتوى مكرر/متشابه | تآكل كلمات مفتاحية,عبارات نمطية: كتب هذا المقال؛ آخر تحديث؛ مراجعة:؛ فريق ماكس آرت؛ هي خدمة متخصصة تُقدّمها؛ باستخدام أحدث الأجهزة والمعدات؛ لا H1 داخل جسم المقالة (ووردبريس عادةً يعرض العنوان كـ H1 من القالب)؛ نفس الصورة البارزة مستخدمة على 281 عنصراً (ID 2585)؛ متشابه جداً مع مقالات أخرى في DUP-003 (23)؛ 23 مقالات تتنافس على نية شبه مطابقة,DUP-003 (23),CAN-003 (23),كل ما تحتاج معرفته عن كشف تسربات الغاز في {LOC} 2026 | علامات تحتاج فيها كشف تسربات الغاز في {LOC} فورا | الأسباب الجذرية لمشكلات كشف تسربات الغاز في {LOC} وكيف يشخصها الخبراء | كيف تتم كشف تسربات الغاز في {LOC} خطوة بخطوة بأيدي متخصصين | أخطاء شائعة يقع فيها أصحاب المنازل عند طلب كشف تسربات الغاز في {LOC} | خدمات ماكس آرت + جدول الأسعار التقريبية ل كشف تسربات الغاز في {LOC} | الأسئلة الشائعة عن كشف تسربات الغاز في {LOC} — إجابات خبراء ماكس آرت | لماذا ماكس آرت هي الخيار الأول ل كشف تسربات الغاز في {LOC}؟
2700,post,شركة كشف تسربات المياه في الورقاء,https://max-art-ae.com/shrkh-kshf-tsrbat-almyah-fy-alwrqa/,2026-09-11,1345,0,8,14,كشف/إصلاح تسربات,كشف/إصلاح تسربات,16,2585,قالب/نصوص نمطية | لا H1 في جسم المحتوى | صورة بارزة مكررة على نطاق واسع | محتوى مكرر/متشابه | تآكل كلمات مفتاحية,عبارات نمطية: كتب هذا المقال؛ آخر تحديث؛ مراجعة:؛ فريق ماكس آرت؛ هي خدمة متخصصة تُقدّمها؛ باستخدام أحدث الأجهزة والمعدات؛ لا H1 داخل جسم المقالة (ووردبريس عادةً يعرض العنوان كـ H1 من القالب)؛ Schema JSON-LD مضمّن داخل المحتوى؛ نفس الصورة البارزة مستخدمة على 281 عنصراً (ID 2585)؛ متشابه جداً مع مقالات أخرى في DUP-005 (23)؛ 23 مقالات تتنافس على نية شبه مطابقة,DUP-005 (23),CAN-005 (23),كل ما تحتاج معرفته عن كشف تسربات المياه في {LOC} 2026 | علامات تحتاج فيها كشف تسربات المياه في {LOC} فورا | الأسباب الجذرية لمشكلات كشف تسربات المياه في {LOC} وكيف يشخصها الخبراء | كيف تتم كشف تسربات المياه في {LOC} خطوة بخطوة بأيدي متخصصين | أخطاء شائعة يقع فيها أصحاب المنازل عند طلب كشف تسربات المياه في {LOC} | خدمات ماكس آرت + جدول الأسعار التقريبية ل كشف تسربات المياه في {LOC} | الأسئلة الشائعة عن كشف تسربات المياه في {LOC} — إجابات خبراء ماكس آرت | لماذا ماكس آرت هي الخيار الأول ل كشف تسربات المياه في {LOC}؟
2697,post,شركة كشف تسربات المياه في البرشاء,https://max-art-ae.com/shrkh-kshf-tsrbat-almyah-fy-albrsha/,2026-09-11,1345,0,8,14,كشف/إصلاح تسربات,كشف/إصلاح تسربات,13,2585,قالب/نصوص نمطية | لا H1 في جسم المحتوى | صورة بارزة مكررة على نطاق واسع | محتوى مكرر/متشابه | تآكل كلمات مفتاحية,عبارات نمطية: كتب هذا المقال؛ آخر تحديث؛ مراجعة:؛ فريق ماكس آرت؛ هي خدمة متخصصة تُقدّمها؛ باستخدام أحدث الأجهزة والمعدات؛ لا H1 داخل جسم المقالة (ووردبريس عادةً يعرض العنوان كـ H1 من القالب)؛ نفس الصورة البارزة مستخدمة على 281 عنصراً (ID 2585)؛ متشابه جداً مع مقالات أخرى في DUP-005 (23)؛ 23 مقالات تتنافس على نية شبه مطابقة,DUP-005 (23),CAN-005 (23),كل ما تحتاج معرفته عن كشف تسربات المياه في {LOC} 2026 | علامات تحتاج فيها كشف تسربات المياه في {LOC} فورا | الأسباب الجذرية لمشكلات كشف تسربات المياه في {LOC} وكيف يشخصها الخبراء | كيف تتم كشف تسربات المياه في {LOC} خطوة بخطوة بأيدي متخصصين | أخطاء شائعة يقع فيها أصحاب المنازل عند طلب كشف تسربات المياه في {LOC} | خدمات ماكس آرت + جدول الأسعار التقريبية ل كشف تسربات المياه في {LOC} | الأسئلة الشائعة عن كشف تسربات المياه في {LOC} — إجابات خبراء ماكس آرت | لماذا ماكس آرت هي الخيار الأول ل كشف تسربات المياه في {LOC}؟
2690,post,شركة كشف تسربات المياه في خورفكان,https://max-art-ae.com/shrkh-kshf-tsrbat-almyah-fy-khwrfkan/,2026-09-11,1345,0,8,14,كشف/إصلاح تسربات,كشف/إصلاح تسربات,14,2585,قالب/نصوص نمطية | لا H1 في جسم المحتوى | صورة بارزة مكررة على نطاق واسع | محتوى مكرر/متشابه | تآكل كلمات مفتاحية,عبارات نمطية: كتب هذا المقال؛ آخر تحديث؛ مراجعة:؛ فريق ماكس آرت؛ هي خدمة متخصصة تُقدّمها؛ باستخدام أحدث الأجهزة والمعدات؛ لا H1 داخل جسم المقالة (ووردبريس عادةً يعرض العنوان كـ H1 من القالب)؛ نفس الصورة البارزة مستخدمة على 281 عنصراً (ID 2585)؛ متشابه جداً مع مقالات أخرى في DUP-005 (23)؛ 23 مقالات تتنافس على نية شبه مطابقة,DUP-005 (23),CAN-005 (23),كل ما تحتاج معرفته عن كشف تسربات المياه في {LOC} 2026 | علامات تحتاج فيها كشف تسربات المياه في {LOC} فورا | الأسباب الجذرية لمشكلات كشف تسربات المياه في {LOC} وكيف يشخصها الخبراء | كيف تتم كشف تسربات المياه في {LOC} خطوة بخطوة بأيدي متخصصين | أخطاء شائعة يقع فيها أصحاب المنازل عند طلب كشف تسربات المياه في {LOC} | خدمات ماكس آرت + جدول الأسعار التقريبية ل كشف تسربات المياه في {LOC} | الأسئلة الشائعة عن كشف تسربات المياه في {LOC} — إجابات خبراء ماكس آرت | لماذا ماكس آرت هي الخيار الأول ل كشف تسربات المياه في {LOC}؟
2937,post,شركة إصلاح تسرب المياه في المويهات,https://max-art-ae.com/shrkh-aslah-tsrb-almyah-fy-almwyhat/,2026-09-11,1344,0,8,14,كشف/إصلاح تسربات,كشف/إصلاح تسربات,14,2585,قالب/نصوص نمطية | لا H1 في جسم المحتوى | صورة بارزة مكررة على نطاق واسع | محتوى مكرر/متشابه | تآكل كلمات مفتاحية,عبارات نمطية: كتب هذا المقال؛ آخر تحديث؛ مراجعة:؛ فريق ماكس آرت؛ هي خدمة متخصصة تُقدّمها؛ باستخدام أحدث الأجهزة والمعدات؛ لا H1 داخل جسم المقالة (ووردبريس عادةً يعرض العنوان كـ H1 من القالب)؛ نفس الصورة البارزة مستخدمة على 281 عنصراً (ID 2585)؛ متشابه جداً مع مقالات أخرى في DUP-001 (23)؛ 23 مقالات تتنافس على نية شبه مطابقة,DUP-001 (23),CAN-001 (23),كل ما تحتاج معرفته عن إصلاح تسرب المياه في {LOC} 2026 | علامات تحتاج فيها إصلاح تسرب المياه في {LOC} فورا | الأسباب الجذرية لمشكلات إصلاح تسرب المياه في {LOC} وكيف يشخصها الخبراء | كيف تتم إصلاح تسرب المياه في {LOC} خطوة بخطوة بأيدي متخصصين | أخطاء شائعة يقع فيها أصحاب المنازل عند طلب إصلاح تسرب المياه في {LOC} | خدمات ماكس آرت + جدول الأسعار التقريبية ل إصلاح تسرب المياه في {LOC} | الأسئلة الشائعة عن إصلاح تسرب المياه في {LOC} — إجابات خبراء ماكس آرت | لماذا ماكس آرت هي الخيار الأول ل إصلاح تسرب المياه في {LOC}؟
2934,post,شركة إصلاح تسرب المياه في السيوح,https://max-art-ae.com/shrkh-aslah-tsrb-almyah-fy-alsywh/,2026-09-11,1344,0,8,14,كشف/إصلاح تسربات,كشف/إصلاح تسربات,14,2585,قالب/نصوص نمطية | لا H1 في جسم المحتوى | صورة بارزة مكررة على نطاق واسع,عبارات نمطية: كتب هذا المقال؛ آخر تحديث؛ مراجعة:؛ فريق ماكس آرت؛ هي خدمة متخصصة تُقدّمها؛ باستخدام أحدث الأجهزة والمعدات؛ لا H1 داخل جسم المقالة (ووردبريس عادةً يعرض العنوان كـ H1 من القالب)؛ Schema JSON-LD مضمّن داخل المحتوى؛ نفس الصورة البارزة مستخدمة على 281 عنصراً (ID 2585),,,كل ما تحتاج معرفته عن إصلاح تسرب المياه في السيوح 2026 | علامات تحتاج فيها إصلاح تسرب المياه في السيوح فورا | الأسباب الجذرية لمشكلات إصلاح تسرب المياه في السيوح وكيف يشخصها الخبراء | كيف تتم إصلاح تسرب المياه في السيوح خطوة بخطوة بأيدي متخصصين | أخطاء شائعة يقع فيها أصحاب المنازل عند طلب إصلاح تسرب المياه في السيوح | خدمات ماكس آرت + جدول الأسعار التقريبية ل إصلاح تسرب المياه في السيوح | الأسئلة الشائعة عن إصلاح تسرب المياه في السيوح — إجابات خبراء ماكس آرت | لماذا ماكس آرت هي الخيار الأول ل إصلاح تسرب المياه في السيوح؟
2932,post,شركة إصلاح تسرب المياه في اليرموك,https://max-art-ae.com/shrkh-aslah-tsrb-almyah-fy-alyrmwk/,2026-09-11,1344,0,8,14,كشف/إصلاح تسربات,كشف/إصلاح تسربات,14,2585,قالب/نصوص نمطية | لا H1 في جسم المحتوى | صورة بارزة مكررة على نطاق واسع,عبارات نمطية: كتب هذا المقال؛ آخر تحديث؛ مراجعة:؛ فريق ماكس آرت؛ هي خدمة متخصصة تُقدّمها؛ باستخدام أحدث الأجهزة والمعدات؛ لا H1 داخل جسم المقالة (ووردبريس عادةً يعرض العنوان كـ H1 من القالب)؛ نفس الصورة البارزة مستخدمة على 281 عنصراً (ID 2585),,,كل ما تحتاج معرفته عن إصلاح تسرب المياه في اليرموك 2026 | علامات تحتاج فيها إصلاح تسرب المياه في اليرموك فورا | الأسباب الجذرية لمشكلات إصلاح تسرب المياه في اليرموك وكيف يشخصها الخبراء | كيف تتم إصلاح تسرب المياه في اليرموك خطوة بخطوة بأيدي متخصصين | أخطاء شائعة يقع فيها أصحاب المنازل عند طلب إصلاح تسرب المياه في اليرموك | خدمات ماكس آرت + جدول الأسعار التقريبية ل إصلاح تسرب المياه في اليرموك | الأسئلة الشائعة عن إصلاح تسرب المياه في اليرموك — إجابات خبراء ماكس آرت | لماذا ماكس آرت هي الخيار الأول ل إصلاح تسرب المياه في اليرموك؟
2887,post,شركة كشف تسربات التكييف في الظيت,https://max-art-ae.com/shrkh-kshf-tsrbat-altkyyf-fy-alzyt/,2026-09-11,1344,0,8,14,كشف/إصلاح تسربات,كشف/إصلاح تسربات,13,2585,قالب/نصوص نمطية | لا H1 في جسم المحتوى | صورة بارزة مكررة على نطاق واسع,عبارات نمطية: كتب هذا المقال؛ آخر تحديث؛ مراجعة:؛ فريق ماكس آرت؛ هي خدمة متخصصة تُقدّمها؛ باستخدام أحدث الأجهزة والمعدات؛ لا H1 داخل جسم المقالة (ووردبريس عادةً يعرض العنوان كـ H1 من القالب)؛ نفس الصورة البارزة مستخدمة على 281 عنصراً (ID 2585),,,كل ما تحتاج معرفته عن كشف تسربات التكييف في الظيت 2026 | علامات تحتاج فيها كشف تسربات التكييف في الظيت فورا | الأسباب الجذرية لمشكلات كشف تسربات التكييف في الظيت وكيف يشخصها الخبراء | كيف تتم كشف تسربات التكييف في الظيت خطوة بخطوة بأيدي متخصصين | أخطاء شائعة يقع فيها أصحاب المنازل عند طلب كشف تسربات التكييف في الظيت | خدمات ماكس آرت + جدول الأسعار التقريبية ل كشف تسربات التكييف في الظيت | الأسئلة الشائعة عن كشف تسربات التكييف في الظيت — إجابات خبراء ماكس آرت | لماذا ماكس آرت هي الخيار الأول ل كشف تسربات التكييف في الظيت؟
2927,post,شركة إصلاح تسرب المياه في المقام,https://max-art-ae.com/shrkh-aslah-tsrb-almyah-fy-almqam/,2026-09-11,1343,0,8,14,كشف/إصلاح تسربات,كشف/إصلاح تسربات,13,2585,قالب/نصوص نمطية | لا H1 في جسم المحتوى | صورة بارزة مكررة على نطاق واسع,عبارات نمطية: كتب هذا المقال؛ آخر تحديث؛ مراجعة:؛ فريق ماكس آرت؛ هي خدمة متخصصة تُقدّمها؛ باستخدام أحدث الأجهزة والمعدات؛ لا H1 داخل جسم المقالة (ووردبريس عادةً يعرض العنوان كـ H1 من القالب)؛ نفس الصورة البارزة مستخدمة على 281 عنصراً (ID 2585),,,كل ما تحتاج معرفته عن إصلاح تسرب المياه في المقام 2026 | علامات تحتاج فيها إصلاح تسرب المياه في المقام فورا | الأسباب الجذرية لمشكلات إصلاح تسرب المياه في المقام وكيف يشخصها الخبراء | كيف تتم إصلاح تسرب المياه في المقام خطوة بخطوة بأيدي متخصصين | أخطاء شائعة يقع فيها أصحاب المنازل عند طلب إصلاح تسرب المياه في المقام | خدمات ماكس آرت + جدول الأسعار التقريبية ل إصلاح تسرب المياه في المقام | الأسئلة الشائعة عن إصلاح تسرب المياه في المقام — إجابات خبراء ماكس آرت | لماذا ماكس آرت هي الخيار الأول ل إصلاح تسرب المياه في المقام؟
2908,post,شركة إصلاح تسرب المياه في الذيد,https://max-art-ae.com/shrkh-aslah-tsrb-almyah-fy-aldhyd/,2026-09-11,1343,0,8,14,كشف/إصلاح تسربات,كشف/إصلاح تسربات,15,2585,قالب/نصوص نمطية | لا H1 في جسم المحتوى | صورة بارزة مكررة على نطاق واسع | محتوى مكرر/متشابه | تآكل كلمات مفتاحية,عبارات نمطية: كتب هذا المقال؛ آخر تحديث؛ مراجعة:؛ فريق ماكس آرت؛ هي خدمة متخصصة تُقدّمها؛ باستخدام أحدث الأجهزة والمعدات؛ لا H1 داخل جسم المقالة (ووردبريس عادةً يعرض العنوان كـ H1 من القالب)؛ Schema JSON-LD مضمّن داخل المحتوى؛ نفس الصورة البارزة مستخدمة على 281 عنصراً (ID 2585)؛ متشابه جداً مع مقالات أخرى في DUP-001 (23)؛ 23 مقالات تتنافس على نية شبه مطابقة,DUP-001 (23),CAN-001 (23),كل ما تحتاج معرفته عن إصلاح تسرب المياه في {LOC} 2026 | علامات تحتاج فيها إصلاح تسرب المياه في {LOC} فورا | الأسباب الجذرية لمشكلات إصلاح تسرب المياه في {LOC} وكيف يشخصها الخبراء | كيف تتم إصلاح تسرب المياه في {LOC} خطوة بخطوة بأيدي متخصصين | أخطاء شائعة يقع فيها أصحاب المنازل عند طلب إصلاح تسرب المياه في {LOC} | خدمات ماكس آرت + جدول الأسعار التقريبية ل إصلاح تسرب المياه في {LOC} | الأسئلة الشائعة عن إصلاح تسرب المياه في {LOC} — إجابات خبراء ماكس آرت | لماذا ماكس آرت هي الخيار الأول ل إصلاح تسرب المياه في {LOC}؟
2878,post,شركة كشف تسربات التكييف في اليرموك,https://max-art-ae.com/shrkh-kshf-tsrbat-altkyyf-fy-alyrmwk/,2026-09-11,1343,0,8,14,كشف/إصلاح تسربات,كشف/إصلاح تسربات,13,2585,قالب/نصوص نمطية | لا H1 في جسم المحتوى | صورة بارزة مكررة على نطاق واسع,عبارات نمطية: كتب هذا المقال؛ آخر تحديث؛ مراجعة:؛ فريق ماكس آرت؛ هي خدمة متخصصة تُقدّمها؛ باستخدام أحدث الأجهزة والمعدات؛ لا H1 داخل جسم المقالة (ووردبريس عادةً يعرض العنوان كـ H1 من القالب)؛ نفس الصورة البارزة مستخدمة على 281 عنصراً (ID 2585),,,كل ما تحتاج معرفته عن كشف تسربات التكييف في اليرموك 2026 | علامات تحتاج فيها كشف تسربات التكييف في اليرموك فورا | الأسباب الجذرية لمشكلات كشف تسربات التكييف في اليرموك وكيف يشخصها الخبراء | كيف تتم كشف تسربات التكييف في اليرموك خطوة بخطوة بأيدي متخصصين | أخطاء شائعة يقع فيها أصحاب المنازل عند طلب كشف تسربات التكييف في اليرموك | خدمات ماكس آرت + جدول الأسعار التقريبية ل كشف تسربات التكييف في اليرموك | الأسئلة الشائعة عن كشف تسربات التكييف في اليرموك — إجابات خبراء ماكس آرت | لماذا ماكس آرت هي الخيار الأول ل كشف تسربات التكييف في اليرموك؟
2846,post,شركة كشف تسربات التكييف في الشارقة,https://max-art-ae.com/shrkh-kshf-tsrbat-altkyyf-fy-alsharqh/,2026-09-11,1343,0,8,14,كشف/إصلاح تسربات,كشف/إصلاح تسربات,13,2585,قالب/نصوص نمطية | لا H1 في جسم المحتوى | صورة بارزة مكررة على نطاق واسع | محتوى مكرر/متشابه | تآكل كلمات مفتاحية,عبارات نمطية: كتب هذا المقال؛ آخر تحديث؛ مراجعة:؛ فريق ماكس آرت؛ هي خدمة متخصصة تُقدّمها؛ باستخدام أحدث الأجهزة والمعدات؛ لا H1 داخل جسم المقالة (ووردبريس عادةً يعرض العنوان كـ H1 من القالب)؛ نفس الصورة البارزة مستخدمة على 281 عنصراً (ID 2585)؛ متشابه جداً مع مقالات أخرى في DUP-002 (23)؛ 23 مقالات تتنافس على نية شبه مطابقة,DUP-002 (23),CAN-002 (23),كل ما تحتاج معرفته عن كشف تسربات التكييف في {LOC} 2026 | علامات تحتاج فيها كشف تسربات التكييف في {LOC} فورا | الأسباب الجذرية لمشكلات كشف تسربات التكييف في {LOC} وكيف يشخصها الخبراء | كيف تتم كشف تسربات التكييف في {LOC} خطوة بخطوة بأيدي متخصصين | أخطاء شائعة يقع فيها أصحاب المنازل عند طلب كشف تسربات التكييف في {LOC} | خدمات ماكس آرت + جدول الأسعار التقريبية ل كشف تسربات التكييف في {LOC} | الأسئلة الشائعة عن كشف تسربات التكييف في {LOC} — إجابات خبراء ماكس آرت | لماذا ماكس آرت هي الخيار الأول ل كشف تسربات التكييف في {LOC}؟
2727,post,شركة كشف تسربات المياه في السلمة,https://max-art-ae.com/shrkh-kshf-tsrbat-almyah-fy-alslmh/,2026-09-11,1343,0,8,14,كشف/إصلاح تسربات,كشف/إصلاح تسربات,14,2585,قالب/نصوص نمطية | لا H1 في جسم المحتوى | صورة بارزة مكررة على نطاق واسع,عبارات نمطية: كتب هذا المقال؛ آخر تحديث؛ مراجعة:؛ فريق ماكس آرت؛ هي خدمة متخصصة تُقدّمها؛ باستخدام أحدث الأجهزة والمعدات؛ لا H1 داخل جسم المقالة (ووردبريس عادةً يعرض العنوان كـ H1 من القالب)؛ نفس الصورة البارزة مستخدمة على 281 عنصراً (ID 2585),,,كل ما تحتاج معرفته عن كشف تسربات المياه في السلمة 2026 | علامات تحتاج فيها كشف تسربات المياه في السلمة فورا | الأسباب الجذرية لمشكلات كشف تسربات المياه في السلمة وكيف يشخصها الخبراء | كيف تتم كشف تسربات المياه في السلمة خطوة بخطوة بأيدي متخصصين | أخطاء شائعة يقع فيها أصحاب المنازل عند طلب كشف تسربات المياه في السلمة | خدمات ماكس آرت + جدول الأسعار التقريبية ل كشف تسربات المياه في السلمة | الأسئلة الشائعة عن كشف تسربات المياه في السلمة — إجابات خبراء ماكس آرت | لماذا ماكس آرت هي الخيار الأول ل كشف تسربات المياه في السلمة؟
2699,post,شركة كشف تسربات المياه في الخوانيج,https://max-art-ae.com/shrkh-kshf-tsrbat-almyah-fy-alkhwanyj/,2026-09-11,1343,0,8,14,كشف/إصلاح تسربات,كشف/إصلاح تسربات,13,2585,قالب/نصوص نمطية | لا H1 في جسم المحتوى | صورة بارزة مكررة على نطاق واسع,عبارات نمطية: كتب هذا المقال؛ آخر تحديث؛ مراجعة:؛ فريق ماكس آرت؛ هي خدمة متخصصة تُقدّمها؛ باستخدام أحدث الأجهزة والمعدات؛ لا H1 داخل جسم المقالة (ووردبريس عادةً يعرض العنوان كـ H1 من القالب)؛ نفس الصورة البارزة مستخدمة على 281 عنصراً (ID 2585),,,كل ما تحتاج معرفته عن كشف تسربات المياه في الخوانيج 2026 | علامات تحتاج فيها كشف تسربات المياه في الخوانيج فورا | الأسباب الجذرية لمشكلات كشف تسربات المياه في الخوانيج وكيف يشخصها الخبراء | كيف تتم كشف تسربات المياه في الخوانيج خطوة بخطوة بأيدي متخصصين | أخطاء شائعة يقع فيها أصحاب المنازل عند طلب كشف تسربات المياه في الخوانيج | خدمات ماكس آرت + جدول الأسعار التقريبية ل كشف تسربات المياه في الخوانيج | الأسئلة الشائعة عن كشف تسربات المياه في الخوانيج — إجابات خبراء ماكس آرت | لماذا ماكس آرت هي الخيار الأول ل كشف تسربات المياه في الخوانيج؟
2935,post,شركة إصلاح تسرب المياه في مويلح,https://max-art-ae.com/shrkh-aslah-tsrb-almyah-fy-mwylh/,2026-09-11,1342,0,8,14,كشف/إصلاح تسربات,كشف/إصلاح تسربات,15,2585,قالب/نصوص نمطية | لا H1 في جسم المحتوى | صورة بارزة مكررة على نطاق واسع,عبارات نمطية: كتب هذا المقال؛ آخر تحديث؛ مراجعة:؛ فريق ماكس آرت؛ هي خدمة متخصصة تُقدّمها؛ باستخدام أحدث الأجهزة والمعدات؛ لا H1 داخل جسم المقالة (ووردبريس عادةً يعرض العنوان كـ H1 من القالب)؛ نفس الصورة البارزة مستخدمة على 281 عنصراً (ID 2585),,,كل ما تحتاج معرفته عن إصلاح تسرب المياه في مويلح 2026 | علامات تحتاج فيها إصلاح تسرب المياه في مويلح فورا | الأسباب الجذرية لمشكلات إصلاح تسرب المياه في مويلح وكيف يشخصها الخبراء | كيف تتم إصلاح تسرب المياه في مويلح خطوة بخطوة بأيدي متخصصين | أخطاء شائعة يقع فيها أصحاب المنازل عند طلب إصلاح تسرب المياه في مويلح | خدمات ماكس آرت + جدول الأسعار التقريبية ل إصلاح تسرب المياه في مويلح | الأسئلة الشائعة عن إصلاح تسرب المياه في مويلح — إجابات خبراء ماكس آرت | لماذا ماكس آرت هي الخيار الأول ل إصلاح تسرب المياه في مويلح؟
2850,post,شركة كشف تسربات التكييف في الفجيرة,https://max-art-ae.com/shrkh-kshf-tsrbat-altkyyf-fy-alfjyrh/,2026-09-11,1342,0,8,14,كشف/إصلاح تسربات,كشف/إصلاح تسربات,14,2585,قالب/نصوص نمطية | لا H1 في جسم المحتوى | صورة بارزة مكررة على نطاق واسع | محتوى مكرر/متشابه | تآكل كلمات مفتاحية,عبارات نمطية: كتب هذا المقال؛ آخر تحديث؛ مراجعة:؛ فريق ماكس آرت؛ هي خدمة متخصصة تُقدّمها؛ باستخدام أحدث الأجهزة والمعدات؛ لا H1 داخل جسم المقالة (ووردبريس عادةً يعرض العنوان كـ H1 من القالب)؛ نفس الصورة البارزة مستخدمة على 281 عنصراً (ID 2585)؛ متشابه جداً مع مقالات أخرى في DUP-002 (23)؛ 23 مقالات تتنافس على نية شبه مطابقة,DUP-002 (23),CAN-002 (23),كل ما تحتاج معرفته عن كشف تسربات التكييف في {LOC} 2026 | علامات تحتاج فيها كشف تسربات التكييف في {LOC} فورا | الأسباب الجذرية لمشكلات كشف تسربات التكييف في {LOC} وكيف يشخصها الخبراء | كيف تتم كشف تسربات التكييف في {LOC} خطوة بخطوة بأيدي متخصصين | أخطاء شائعة يقع فيها أصحاب المنازل عند طلب كشف تسربات التكييف في {LOC} | خدمات ماكس آرت + جدول الأسعار التقريبية ل كشف تسربات التكييف في {LOC} | الأسئلة الشائعة عن كشف تسربات التكييف في {LOC} — إجابات خبراء ماكس آرت | لماذا ماكس آرت هي الخيار الأول ل كشف تسربات التكييف في {LOC}؟
2819,post,شركة كشف تسربات الغاز في المقام,https://max-art-ae.com/shrkh-kshf-tsrbat-alghaz-fy-almqam/,2026-09-11,1342,0,8,14,كشف/إصلاح تسربات,كشف/إصلاح تسربات,14,2585,قالب/نصوص نمطية | لا H1 في جسم المحتوى | صورة بارزة مكررة على نطاق واسع,عبارات نمطية: كتب هذا المقال؛ آخر تحديث؛ مراجعة:؛ فريق ماكس آرت؛ هي خدمة متخصصة تُقدّمها؛ باستخدام أحدث الأجهزة والمعدات؛ لا H1 داخل جسم المقالة (ووردبريس عادةً يعرض العنوان كـ H1 من القالب)؛ نفس الصورة البارزة مستخدمة على 281 عنصراً (ID 2585),,,كل ما تحتاج معرفته عن كشف تسربات الغاز في المقام 2026 | علامات تحتاج فيها كشف تسربات الغاز في المقام فورا | الأسباب الجذرية لمشكلات كشف تسربات الغاز في المقام وكيف يشخصها الخبراء | كيف تتم كشف تسربات الغاز في المقام خطوة بخطوة بأيدي متخصصين | أخطاء شائعة يقع فيها أصحاب المنازل عند طلب كشف تسربات الغاز في المقام | خدمات ماكس آرت + جدول الأسعار التقريبية ل كشف تسربات الغاز في المقام | الأسئلة الشائعة عن كشف تسربات الغاز في المقام — إجابات خبراء ماكس آرت | لماذا ماكس آرت هي الخيار الأول ل كشف تسربات الغاز في المقام؟
2807,post,شركة كشف تسربات الغاز في الخوانيج,https://max-art-ae.com/shrkh-kshf-tsrbat-alghaz-fy-alkhwanyj/,2026-09-11,1342,0,8,14,كشف/إصلاح تسربات,كشف/إصلاح تسربات,14,2585,قالب/نصوص نمطية | لا H1 في جسم المحتوى | صورة بارزة مكررة على نطاق واسع,عبارات نمطية: كتب هذا المقال؛ آخر تحديث؛ مراجعة:؛ فريق ماكس آرت؛ هي خدمة متخصصة تُقدّمها؛ باستخدام أحدث الأجهزة والمعدات؛ لا H1 داخل جسم المقالة (ووردبريس عادةً يعرض العنوان كـ H1 من القالب)؛ نفس الصورة البارزة مستخدمة على 281 عنصراً (ID 2585),,,كل ما تحتاج معرفته عن كشف تسربات الغاز في الخوانيج 2026 | علامات تحتاج فيها كشف تسربات الغاز في الخوانيج فورا | الأسباب الجذرية لمشكلات كشف تسربات الغاز في الخوانيج وكيف يشخصها الخبراء | كيف تتم كشف تسربات الغاز في الخوانيج خطوة بخطوة بأيدي متخصصين | أخطاء شائعة يقع فيها أصحاب المنازل عند طلب كشف تسربات الغاز في الخوانيج | خدمات ماكس آرت + جدول الأسعار التقريبية ل كشف تسربات الغاز في الخوانيج | الأسئلة الشائعة عن كشف تسربات الغاز في الخوانيج — إجابات خبراء ماكس آرت | لماذا ماكس آرت هي الخيار الأول ل كشف تسربات الغاز في الخوانيج؟
2806,post,شركة كشف تسربات الغاز في مردف,https://max-art-ae.com/shrkh-kshf-tsrbat-alghaz-fy-mrdf/,2026-09-11,1342,0,8,14,كشف/إصلاح تسربات,كشف/إصلاح تسربات,14,2585,قالب/نصوص نمطية | لا H1 في جسم المحتوى | صورة بارزة مكررة على نطاق واسع,عبارات نمطية: كتب هذا المقال؛ آخر تحديث؛ مراجعة:؛ فريق ماكس آرت؛ هي خدمة متخصصة تُقدّمها؛ باستخدام أحدث الأجهزة والمعدات؛ لا H1 داخل جسم المقالة (ووردبريس عادةً يعرض العنوان كـ H1 من القالب)؛ نفس الصورة البارزة مستخدمة على 281 عنصراً (ID 2585),,,كل ما تحتاج معرفته عن كشف تسربات الغاز في مردف 2026 | علامات تحتاج فيها كشف تسربات الغاز في مردف فورا | الأسباب الجذرية لمشكلات كشف تسربات الغاز في مردف وكيف يشخصها الخبراء | كيف تتم كشف تسربات الغاز في مردف خطوة بخطوة بأيدي متخصصين | أخطاء شائعة يقع فيها أصحاب المنازل عند طلب كشف تسربات الغاز في مردف | خدمات ماكس آرت + جدول الأسعار التقريبية ل كشف تسربات الغاز في مردف | الأسئلة الشائعة عن كشف تسربات الغاز في مردف — إجابات خبراء ماكس آرت | لماذا ماكس آرت هي الخيار الأول ل كشف تسربات الغاز في مردف؟
2794,post,شركة كشف تسربات الغاز في عجمان,https://max-art-ae.com/shrkh-kshf-tsrbat-alghaz-fy-ajman/,2026-09-11,1342,0,8,14,كشف/إصلاح تسربات,كشف/إصلاح تسربات,14,2585,قالب/نصوص نمطية | لا H1 في جسم المحتوى | صورة بارزة مكررة على نطاق واسع | محتوى مكرر/متشابه | تآكل كلمات مفتاحية,عبارات نمطية: كتب هذا المقال؛ آخر تحديث؛ مراجعة:؛ فريق ماكس آرت؛ هي خدمة متخصصة تُقدّمها؛ باستخدام أحدث الأجهزة والمعدات؛ لا H1 داخل جسم المقالة (ووردبريس عادةً يعرض العنوان كـ H1 من القالب)؛ نفس الصورة البارزة مستخدمة على 281 عنصراً (ID 2585)؛ متشابه جداً مع مقالات أخرى في DUP-003 (23)؛ 23 مقالات تتنافس على نية شبه مطابقة,DUP-003 (23),CAN-003 (23),كل ما تحتاج معرفته عن كشف تسربات الغاز في {LOC} 2026 | علامات تحتاج فيها كشف تسربات الغاز في {LOC} فورا | الأسباب الجذرية لمشكلات كشف تسربات الغاز في {LOC} وكيف يشخصها الخبراء | كيف تتم كشف تسربات الغاز في {LOC} خطوة بخطوة بأيدي متخصصين | أخطاء شائعة يقع فيها أصحاب المنازل عند طلب كشف تسربات الغاز في {LOC} | خدمات ماكس آرت + جدول الأسعار التقريبية ل كشف تسربات الغاز في {LOC} | الأسئلة الشائعة عن كشف تسربات الغاز في {LOC} — إجابات خبراء ماكس آرت | لماذا ماكس آرت هي الخيار الأول ل كشف تسربات الغاز في {LOC}؟
2713,post,شركة كشف تسربات المياه في المجاز,https://max-art-ae.com/shrkh-kshf-tsrbat-almyah-fy-almjaz/,2026-09-11,1342,0,8,14,كشف/إصلاح تسربات,كشف/إصلاح تسربات,13,2585,قالب/نصوص نمطية | لا H1 في جسم المحتوى | صورة بارزة مكررة على نطاق واسع | محتوى مكرر/متشابه | تآكل كلمات مفتاحية,عبارات نمطية: كتب هذا المقال؛ آخر تحديث؛ مراجعة:؛ فريق ماكس آرت؛ هي خدمة متخصصة تُقدّمها؛ باستخدام أحدث الأجهزة والمعدات؛ لا H1 داخل جسم المقالة (ووردبريس عادةً يعرض العنوان كـ H1 من القالب)؛ Schema JSON-LD مضمّن داخل المحتوى؛ نفس الصورة البارزة مستخدمة على 281 عنصراً (ID 2585)؛ متشابه جداً مع مقالات أخرى في DUP-005 (23)؛ 23 مقالات تتنافس على نية شبه مطابقة,DUP-005 (23),CAN-005 (23),كل ما تحتاج معرفته عن كشف تسربات المياه في {LOC} 2026 | علامات تحتاج فيها كشف تسربات المياه في {LOC} فورا | الأسباب الجذرية لمشكلات كشف تسربات المياه في {LOC} وكيف يشخصها الخبراء | كيف تتم كشف تسربات المياه في {LOC} خطوة بخطوة بأيدي متخصصين | أخطاء شائعة يقع فيها أصحاب المنازل عند طلب كشف تسربات المياه في {LOC} | خدمات ماكس آرت + جدول الأسعار التقريبية ل كشف تسربات المياه في {LOC} | الأسئلة الشائعة عن كشف تسربات المياه في {LOC} — إجابات خبراء ماكس آرت | لماذا ماكس آرت هي الخيار الأول ل كشف تسربات المياه في {LOC}؟
2904,post,شركة إصلاح تسرب المياه في الفجيرة,https://max-art-ae.com/shrkh-aslah-tsrb-almyah-fy-alfjyrh/,2026-09-11,1341,0,8,14,كشف/إصلاح تسربات,كشف/إصلاح تسربات,14,2585,قالب/نصوص نمطية | لا H1 في جسم المحتوى | صورة بارزة مكررة على نطاق واسع | محتوى مكرر/متشابه | تآكل كلمات مفتاحية,عبارات نمطية: كتب هذا المقال؛ آخر تحديث؛ مراجعة:؛ فريق ماكس آرت؛ هي خدمة متخصصة تُقدّمها؛ باستخدام أحدث الأجهزة والمعدات؛ لا H1 داخل جسم المقالة (ووردبريس عادةً يعرض العنوان كـ H1 من القالب)؛ نفس الصورة البارزة مستخدمة على 281 عنصراً (ID 2585)؛ متشابه جداً مع مقالات أخرى في DUP-001 (23)؛ 23 مقالات تتنافس على نية شبه مطابقة,DUP-001 (23),CAN-001 (23),كل ما تحتاج معرفته عن إصلاح تسرب المياه في {LOC} 2026 | علامات تحتاج فيها إصلاح تسرب المياه في {LOC} فورا | الأسباب الجذرية لمشكلات إصلاح تسرب المياه في {LOC} وكيف يشخصها الخبراء | كيف تتم إصلاح تسرب المياه في {LOC} خطوة بخطوة بأيدي متخصصين | أخطاء شائعة يقع فيها أصحاب المنازل عند طلب إصلاح تسرب المياه في {LOC} | خدمات ماكس آرت + جدول الأسعار التقريبية ل إصلاح تسرب المياه في {LOC} | الأسئلة الشائعة عن إصلاح تسرب المياه في {LOC} — إجابات خبراء ماكس آرت | لماذا ماكس آرت هي الخيار الأول ل إصلاح تسرب المياه في {LOC}؟
2901,post,شركة إصلاح تسرب المياه في العين,https://max-art-ae.com/shrkh-aslah-tsrb-almyah-fy-alayn/,2026-09-11,1341,0,8,14,كشف/إصلاح تسربات,كشف/إصلاح تسربات,13,2585,قالب/نصوص نمطية | لا H1 في جسم المحتوى | صورة بارزة مكررة على نطاق واسع | محتوى مكرر/متشابه | تآكل كلمات مفتاحية,عبارات نمطية: كتب هذا المقال؛ آخر تحديث؛ مراجعة:؛ فريق ماكس آرت؛ هي خدمة متخصصة تُقدّمها؛ باستخدام أحدث الأجهزة والمعدات؛ لا H1 داخل جسم المقالة (ووردبريس عادةً يعرض العنوان كـ H1 من القالب)؛ نفس الصورة البارزة مستخدمة على 281 عنصراً (ID 2585)؛ متشابه جداً مع مقالات أخرى في DUP-001 (23)؛ 23 مقالات تتنافس على نية شبه مطابقة,DUP-001 (23),CAN-001 (23),كل ما تحتاج معرفته عن إصلاح تسرب المياه في {LOC} 2026 | علامات تحتاج فيها إصلاح تسرب المياه في {LOC} فورا | الأسباب الجذرية لمشكلات إصلاح تسرب المياه في {LOC} وكيف يشخصها الخبراء | كيف تتم إصلاح تسرب المياه في {LOC} خطوة بخطوة بأيدي متخصصين | أخطاء شائعة يقع فيها أصحاب المنازل عند طلب إصلاح تسرب المياه في {LOC} | خدمات ماكس آرت + جدول الأسعار التقريبية ل إصلاح تسرب المياه في {LOC} | الأسئلة الشائعة عن إصلاح تسرب المياه في {LOC} — إجابات خبراء ماكس آرت | لماذا ماكس آرت هي الخيار الأول ل إصلاح تسرب المياه في {LOC}؟
2885,post,شركة كشف تسربات التكييف في الجرف,https://max-art-ae.com/shrkh-kshf-tsrbat-altkyyf-fy-aljrf/,2026-09-11,1341,0,8,14,كشف/إصلاح تسربات,كشف/إصلاح تسربات,13,2585,قالب/نصوص نمطية | لا H1 في جسم المحتوى | صورة بارزة مكررة على نطاق واسع | محتوى مكرر/متشابه | تآكل كلمات مفتاحية,عبارات نمطية: كتب هذا المقال؛ آخر تحديث؛ مراجعة:؛ فريق ماكس آرت؛ هي خدمة متخصصة تُقدّمها؛ باستخدام أحدث الأجهزة والمعدات؛ لا H1 داخل جسم المقالة (ووردبريس عادةً يعرض العنوان كـ H1 من القالب)؛ نفس الصورة البارزة مستخدمة على 281 عنصراً (ID 2585)؛ متشابه جداً مع مقالات أخرى في DUP-002 (23)؛ 23 مقالات تتنافس على نية شبه مطابقة,DUP-002 (23),CAN-002 (23),كل ما تحتاج معرفته عن كشف تسربات التكييف في {LOC} 2026 | علامات تحتاج فيها كشف تسربات التكييف في {LOC} فورا | الأسباب الجذرية لمشكلات كشف تسربات التكييف في {LOC} وكيف يشخصها الخبراء | كيف تتم كشف تسربات التكييف في {LOC} خطوة بخطوة بأيدي متخصصين | أخطاء شائعة يقع فيها أصحاب المنازل عند طلب كشف تسربات التكييف في {LOC} | خدمات ماكس آرت + جدول الأسعار التقريبية ل كشف تسربات التكييف في {LOC} | الأسئلة الشائعة عن كشف تسربات التكييف في {LOC} — إجابات خبراء ماكس آرت | لماذا ماكس آرت هي الخيار الأول ل كشف تسربات التكييف في {LOC}؟
2882,post,شركة كشف تسربات التكييف في الروضة,https://max-art-ae.com/shrkh-kshf-tsrbat-altkyyf-fy-alrwdh/,2026-09-11,1341,0,8,14,كشف/إصلاح تسربات,كشف/إصلاح تسربات,13,2585,قالب/نصوص نمطية | لا H1 في جسم المحتوى | صورة بارزة مكررة على نطاق واسع | محتوى مكرر/متشابه | تآكل كلمات مفتاحية,عبارات نمطية: كتب هذا المقال؛ آخر تحديث؛ مراجعة:؛ فريق ماكس آرت؛ هي خدمة متخصصة تُقدّمها؛ باستخدام أحدث الأجهزة والمعدات؛ لا H1 داخل جسم المقالة (ووردبريس عادةً يعرض العنوان كـ H1 من القالب)؛ نفس الصورة البارزة مستخدمة على 281 عنصراً (ID 2585)؛ متشابه جداً مع مقالات أخرى في DUP-002 (23)؛ 23 مقالات تتنافس على نية شبه مطابقة,DUP-002 (23),CAN-002 (23),كل ما تحتاج معرفته عن كشف تسربات التكييف في {LOC} 2026 | علامات تحتاج فيها كشف تسربات التكييف في {LOC} فورا | الأسباب الجذرية لمشكلات كشف تسربات التكييف في {LOC} وكيف يشخصها الخبراء | كيف تتم كشف تسربات التكييف في {LOC} خطوة بخطوة بأيدي متخصصين | أخطاء شائعة يقع فيها أصحاب المنازل عند طلب كشف تسربات التكييف في {LOC} | خدمات ماكس آرت + جدول الأسعار التقريبية ل كشف تسربات التكييف في {LOC} | الأسئلة الشائعة عن كشف تسربات التكييف في {LOC} — إجابات خبراء ماكس آرت | لماذا ماكس آرت هي الخيار الأول ل كشف تسربات التكييف في {LOC}؟
2832,post,شركة كشف تسربات الغاز في النعيمية,https://max-art-ae.com/shrkh-kshf-tsrbat-alghaz-fy-alnaymyh/,2026-09-11,1341,0,8,14,كشف/إصلاح تسربات,كشف/إصلاح تسربات,13,2585,قالب/نصوص نمطية | لا H1 في جسم المحتوى | صورة بارزة مكررة على نطاق واسع | محتوى مكرر/متشابه | تآكل كلمات مفتاحية,عبارات نمطية: كتب هذا المقال؛ آخر تحديث؛ مراجعة:؛ فريق ماكس آرت؛ هي خدمة متخصصة تُقدّمها؛ باستخدام أحدث الأجهزة والمعدات؛ لا H1 داخل جسم المقالة (ووردبريس عادةً يعرض العنوان كـ H1 من القالب)؛ نفس الصورة البارزة مستخدمة على 281 عنصراً (ID 2585)؛ متشابه جداً مع مقالات أخرى في DUP-003 (23)؛ 23 مقالات تتنافس على نية شبه مطابقة,DUP-003 (23),CAN-003 (23),كل ما تحتاج معرفته عن كشف تسربات الغاز في {LOC} 2026 | علامات تحتاج فيها كشف تسربات الغاز في {LOC} فورا | الأسباب الجذرية لمشكلات كشف تسربات الغاز في {LOC} وكيف يشخصها الخبراء | كيف تتم كشف تسربات الغاز في {LOC} خطوة بخطوة بأيدي متخصصين | أخطاء شائعة يقع فيها أصحاب المنازل عند طلب كشف تسربات الغاز في {LOC} | خدمات ماكس آرت + جدول الأسعار التقريبية ل كشف تسربات الغاز في {LOC} | الأسئلة الشائعة عن كشف تسربات الغاز في {LOC} — إجابات خبراء ماكس آرت | لماذا ماكس آرت هي الخيار الأول ل كشف تسربات الغاز في {LOC}؟
2875,post,شركة كشف تسربات التكييف في المجاز,https://max-art-ae.com/shrkh-kshf-tsrbat-altkyyf-fy-almjaz/,2026-09-11,1340,0,8,14,كشف/إصلاح تسربات,كشف/إصلاح تسربات,14,2585,قالب/نصوص نمطية | لا H1 في جسم المحتوى | صورة بارزة مكررة على نطاق واسع | محتوى مكرر/متشابه | تآكل كلمات مفتاحية,عبارات نمطية: كتب هذا المقال؛ آخر تحديث؛ مراجعة:؛ فريق ماكس آرت؛ هي خدمة متخصصة تُقدّمها؛ باستخدام أحدث الأجهزة والمعدات؛ لا H1 داخل جسم المقالة (ووردبريس عادةً يعرض العنوان كـ H1 من القالب)؛ نفس الصورة البارزة مستخدمة على 281 عنصراً (ID 2585)؛ متشابه جداً مع مقالات أخرى في DUP-002 (23)؛ 23 مقالات تتنافس على نية شبه مطابقة,DUP-002 (23),CAN-002 (23),كل ما تحتاج معرفته عن كشف تسربات التكييف في {LOC} 2026 | علامات تحتاج فيها كشف تسربات التكييف في {LOC} فورا | الأسباب الجذرية لمشكلات كشف تسربات التكييف في {LOC} وكيف يشخصها الخبراء | كيف تتم كشف تسربات التكييف في {LOC} خطوة بخطوة بأيدي متخصصين | أخطاء شائعة يقع فيها أصحاب المنازل عند طلب كشف تسربات التكييف في {LOC} | خدمات ماكس آرت + جدول الأسعار التقريبية ل كشف تسربات التكييف في {LOC} | الأسئلة الشائعة عن كشف تسربات التكييف في {LOC} — إجابات خبراء ماكس آرت | لماذا ماكس آرت هي الخيار الأول ل كشف تسربات التكييف في {LOC}؟
2853,post,شركة كشف تسربات التكييف في كلباء,https://max-art-ae.com/shrkh-kshf-tsrbat-altkyyf-fy-klba/,2026-09-11,1340,0,8,14,كشف/إصلاح تسربات,كشف/إصلاح تسربات,13,2585,قالب/نصوص نمطية | لا H1 في جسم المحتوى | صورة بارزة مكررة على نطاق واسع | محتوى مكرر/متشابه | تآكل كلمات مفتاحية,عبارات نمطية: كتب هذا المقال؛ آخر تحديث؛ مراجعة:؛ فريق ماكس آرت؛ هي خدمة متخصصة تُقدّمها؛ باستخدام أحدث الأجهزة والمعدات؛ لا H1 داخل جسم المقالة (ووردبريس عادةً يعرض العنوان كـ H1 من القالب)؛ نفس الصورة البارزة مستخدمة على 281 عنصراً (ID 2585)؛ متشابه جداً مع مقالات أخرى في DUP-002 (23)؛ 23 مقالات تتنافس على نية شبه مطابقة,DUP-002 (23),CAN-002 (23),كل ما تحتاج معرفته عن كشف تسربات التكييف في {LOC} 2026 | علامات تحتاج فيها كشف تسربات التكييف في {LOC} فورا | الأسباب الجذرية لمشكلات كشف تسربات التكييف في {LOC} وكيف يشخصها الخبراء | كيف تتم كشف تسربات التكييف في {LOC} خطوة بخطوة بأيدي متخصصين | أخطاء شائعة يقع فيها أصحاب المنازل عند طلب كشف تسربات التكييف في {LOC} | خدمات ماكس آرت + جدول الأسعار التقريبية ل كشف تسربات التكييف في {LOC} | الأسئلة الشائعة عن كشف تسربات التكييف في {LOC} — إجابات خبراء ماكس آرت | لماذا ماكس آرت هي الخيار الأول ل كشف تسربات التكييف في {LOC}؟
2844,post,شركة كشف تسربات التكييف في دبي,https://max-art-ae.com/shrkh-kshf-tsrbat-altkyyf-fy-dby/,2026-09-11,1340,0,8,14,كشف/إصلاح تسربات,كشف/إصلاح تسربات,14,2585,قالب/نصوص نمطية | لا H1 في جسم المحتوى | صورة بارزة مكررة على نطاق واسع | محتوى مكرر/متشابه | تآكل كلمات مفتاحية,عبارات نمطية: كتب هذا المقال؛ آخر تحديث؛ مراجعة:؛ فريق ماكس آرت؛ هي خدمة متخصصة تُقدّمها؛ باستخدام أحدث الأجهزة والمعدات؛ لا H1 داخل جسم المقالة (ووردبريس عادةً يعرض العنوان كـ H1 من القالب)؛ نفس الصورة البارزة مستخدمة على 281 عنصراً (ID 2585)؛ متشابه جداً مع مقالات أخرى في DUP-002 (23)؛ 23 مقالات تتنافس على نية شبه مطابقة,DUP-002 (23),CAN-002 (23),كل ما تحتاج معرفته عن كشف تسربات التكييف في {LOC} 2026 | علامات تحتاج فيها كشف تسربات التكييف في {LOC} فورا | الأسباب الجذرية لمشكلات كشف تسربات التكييف في {LOC} وكيف يشخصها الخبراء | كيف تتم كشف تسربات التكييف في {LOC} خطوة بخطوة بأيدي متخصصين | أخطاء شائعة يقع فيها أصحاب المنازل عند طلب كشف تسربات التكييف في {LOC} | خدمات ماكس آرت + جدول الأسعار التقريبية ل كشف تسربات التكييف في {LOC} | الأسئلة الشائعة عن كشف تسربات التكييف في {LOC} — إجابات خبراء ماكس آرت | لماذا ماكس آرت هي الخيار الأول ل كشف تسربات التكييف في {LOC}؟
2835,post,شركة كشف تسربات الغاز في السلمة,https://max-art-ae.com/shrkh-kshf-tsrbat-alghaz-fy-alslmh/,2026-09-11,1340,0,8,14,كشف/إصلاح تسربات,كشف/إصلاح تسربات,15,2585,قالب/نصوص نمطية | لا H1 في جسم المحتوى | صورة بارزة مكررة على نطاق واسع,عبارات نمطية: كتب هذا المقال؛ آخر تحديث؛ مراجعة:؛ فريق ماكس آرت؛ هي خدمة متخصصة تُقدّمها؛ باستخدام أحدث الأجهزة والمعدات؛ لا H1 داخل جسم المقالة (ووردبريس عادةً يعرض العنوان كـ H1 من القالب)؛ Schema JSON-LD مضمّن داخل المحتوى؛ نفس الصورة البارزة مستخدمة على 281 عنصراً (ID 2585),,,كل ما تحتاج معرفته عن كشف تسربات الغاز في السلمة 2026 | علامات تحتاج فيها كشف تسربات الغاز في السلمة فورا | الأسباب الجذرية لمشكلات كشف تسربات الغاز في السلمة وكيف يشخصها الخبراء | كيف تتم كشف تسربات الغاز في السلمة خطوة بخطوة بأيدي متخصصين | أخطاء شائعة يقع فيها أصحاب المنازل عند طلب كشف تسربات الغاز في السلمة | خدمات ماكس آرت + جدول الأسعار التقريبية ل كشف تسربات الغاز في السلمة | الأسئلة الشائعة عن كشف تسربات الغاز في السلمة — إجابات خبراء ماكس آرت | لماذا ماكس آرت هي الخيار الأول ل كشف تسربات الغاز في السلمة؟
2833,post,شركة كشف تسربات الغاز في الظيت,https://max-art-ae.com/shrkh-kshf-tsrbat-alghaz-fy-alzyt/,2026-09-11,1340,0,8,14,كشف/إصلاح تسربات,كشف/إصلاح تسربات,13,2585,قالب/نصوص نمطية | لا H1 في جسم المحتوى | صورة بارزة مكررة على نطاق واسع,عبارات نمطية: كتب هذا المقال؛ آخر تحديث؛ مراجعة:؛ فريق ماكس آرت؛ هي خدمة متخصصة تُقدّمها؛ باستخدام أحدث الأجهزة والمعدات؛ لا H1 داخل جسم المقالة (ووردبريس عادةً يعرض العنوان كـ H1 من القالب)؛ Schema JSON-LD مضمّن داخل المحتوى؛ نفس الصورة البارزة مستخدمة على 281 عنصراً (ID 2585),,,كل ما تحتاج معرفته عن كشف تسربات الغاز في الظيت 2026 | علامات تحتاج فيها كشف تسربات الغاز في الظيت فورا | الأسباب الجذرية لمشكلات كشف تسربات الغاز في الظيت وكيف يشخصها الخبراء | كيف تتم كشف تسربات الغاز في الظيت خطوة بخطوة بأيدي متخصصين | أخطاء شائعة يقع فيها أصحاب المنازل عند طلب كشف تسربات الغاز في الظيت | خدمات ماكس آرت + جدول الأسعار التقريبية ل كشف تسربات الغاز في الظيت | الأسئلة الشائعة عن كشف تسربات الغاز في الظيت — إجابات خبراء ماكس آرت | لماذا ماكس آرت هي الخيار الأول ل كشف تسربات الغاز في الظيت؟
2792,post,شركة كشف تسربات الغاز في الشارقة,https://max-art-ae.com/shrkh-kshf-tsrbat-alghaz-fy-alsharqh/,2026-09-11,1340,0,8,14,كشف/إصلاح تسربات,كشف/إصلاح تسربات,14,2585,قالب/نصوص نمطية | لا H1 في جسم المحتوى | صورة بارزة مكررة على نطاق واسع | محتوى مكرر/متشابه | تآكل كلمات مفتاحية,عبارات نمطية: كتب هذا المقال؛ آخر تحديث؛ مراجعة:؛ فريق ماكس آرت؛ هي خدمة متخصصة تُقدّمها؛ باستخدام أحدث الأجهزة والمعدات؛ لا H1 داخل جسم المقالة (ووردبريس عادةً يعرض العنوان كـ H1 من القالب)؛ Schema JSON-LD مضمّن داخل المحتوى؛ نفس الصورة البارزة مستخدمة على 281 عنصراً (ID 2585)؛ متشابه جداً مع مقالات أخرى في DUP-003 (23)؛ 23 مقالات تتنافس على نية شبه مطابقة,DUP-003 (23),CAN-003 (23),كل ما تحتاج معرفته عن كشف تسربات الغاز في {LOC} 2026 | علامات تحتاج فيها كشف تسربات الغاز في {LOC} فورا | الأسباب الجذرية لمشكلات كشف تسربات الغاز في {LOC} وكيف يشخصها الخبراء | كيف تتم كشف تسربات الغاز في {LOC} خطوة بخطوة بأيدي متخصصين | أخطاء شائعة يقع فيها أصحاب المنازل عند طلب كشف تسربات الغاز في {LOC} | خدمات ماكس آرت + جدول الأسعار التقريبية ل كشف تسربات الغاز في {LOC} | الأسئلة الشائعة عن كشف تسربات الغاز في {LOC} — إجابات خبراء ماكس آرت | لماذا ماكس آرت هي الخيار الأول ل كشف تسربات الغاز في {LOC}؟
2791,post,شركة كشف تسربات الغاز في أبوظبي,https://max-art-ae.com/shrkh-kshf-tsrbat-alghaz-fy-abwzby/,2026-09-11,1340,0,8,14,كشف/إصلاح تسربات,كشف/إصلاح تسربات,14,2585,قالب/نصوص نمطية | لا H1 في جسم المحتوى | صورة بارزة مكررة على نطاق واسع | محتوى مكرر/متشابه | تآكل كلمات مفتاحية,عبارات نمطية: كتب هذا المقال؛ آخر تحديث؛ مراجعة:؛ فريق ماكس آرت؛ هي خدمة متخصصة تُقدّمها؛ باستخدام أحدث الأجهزة والمعدات؛ لا H1 داخل جسم المقالة (ووردبريس عادةً يعرض العنوان كـ H1 من القالب)؛ نفس الصورة البارزة مستخدمة على 281 عنصراً (ID 2585)؛ متشابه جداً مع مقالات أخرى في DUP-003 (23)؛ 23 مقالات تتنافس على نية شبه مطابقة,DUP-003 (23),CAN-003 (23),كل ما تحتاج معرفته عن كشف تسربات الغاز في {LOC} 2026 | علامات تحتاج فيها كشف تسربات الغاز في {LOC} فورا | الأسباب الجذرية لمشكلات كشف تسربات الغاز في {LOC} وكيف يشخصها الخبراء | كيف تتم كشف تسربات الغاز في {LOC} خطوة بخطوة بأيدي متخصصين | أخطاء شائعة يقع فيها أصحاب المنازل عند طلب كشف تسربات الغاز في {LOC} | خدمات ماكس آرت + جدول الأسعار التقريبية ل كشف تسربات الغاز في {LOC} | الأسئلة الشائعة عن كشف تسربات الغاز في {LOC} — إجابات خبراء ماكس آرت | لماذا ماكس آرت هي الخيار الأول ل كشف تسربات الغاز في {LOC}؟
2701,post,شركة كشف تسربات المياه في القوز,https://max-art-ae.com/shrkh-kshf-tsrbat-almyah-fy-alqwz/,2026-09-11,1340,0,8,14,كشف/إصلاح تسربات,كشف/إصلاح تسربات,13,2585,قالب/نصوص نمطية | لا H1 في جسم المحتوى | صورة بارزة مكررة على نطاق واسع | محتوى مكرر/متشابه | تآكل كلمات مفتاحية,عبارات نمطية: كتب هذا المقال؛ آخر تحديث؛ مراجعة:؛ فريق ماكس آرت؛ هي خدمة متخصصة تُقدّمها؛ باستخدام أحدث الأجهزة والمعدات؛ لا H1 داخل جسم المقالة (ووردبريس عادةً يعرض العنوان كـ H1 من القالب)؛ نفس الصورة البارزة مستخدمة على 281 عنصراً (ID 2585)؛ متشابه جداً مع مقالات أخرى في DUP-005 (23)؛ 23 مقالات تتنافس على نية شبه مطابقة,DUP-005 (23),CAN-005 (23),كل ما تحتاج معرفته عن كشف تسربات المياه في {LOC} 2026 | علامات تحتاج فيها كشف تسربات المياه في {LOC} فورا | الأسباب الجذرية لمشكلات كشف تسربات المياه في {LOC} وكيف يشخصها الخبراء | كيف تتم كشف تسربات المياه في {LOC} خطوة بخطوة بأيدي متخصصين | أخطاء شائعة يقع فيها أصحاب المنازل عند طلب كشف تسربات المياه في {LOC} | خدمات ماكس آرت + جدول الأسعار التقريبية ل كشف تسربات المياه في {LOC} | الأسئلة الشائعة عن كشف تسربات المياه في {LOC} — إجابات خبراء ماكس آرت | لماذا ماكس آرت هي الخيار الأول ل كشف تسربات المياه في {LOC}؟
2696,post,شركة كشف تسربات المياه في الجميرا,https://max-art-ae.com/shrkh-kshf-tsrbat-almyah-fy-aljmyra/,2026-09-11,1340,0,8,14,كشف/إصلاح تسربات,كشف/إصلاح تسربات,14,2585,قالب/نصوص نمطية | لا H1 في جسم المحتوى | صورة بارزة مكررة على نطاق واسع,عبارات نمطية: كتب هذا المقال؛ آخر تحديث؛ مراجعة:؛ فريق ماكس آرت؛ هي خدمة متخصصة تُقدّمها؛ باستخدام أحدث الأجهزة والمعدات؛ لا H1 داخل جسم المقالة (ووردبريس عادةً يعرض العنوان كـ H1 من القالب)؛ نفس الصورة البارزة مستخدمة على 281 عنصراً (ID 2585),,,كل ما تحتاج معرفته عن كشف تسربات المياه في ال{LOC} 2026 | علامات تحتاج فيها كشف تسربات المياه في ال{LOC} فورا | الأسباب الجذرية لمشكلات كشف تسربات المياه في ال{LOC} وكيف يشخصها الخبراء | كيف تتم كشف تسربات المياه في ال{LOC} خطوة بخطوة بأيدي متخصصين | أخطاء شائعة يقع فيها أصحاب المنازل عند طلب كشف تسربات المياه في ال{LOC} | خدمات ماكس آرت + جدول الأسعار التقريبية ل كشف تسربات المياه في ال{LOC} | الأسئلة الشائعة عن كشف تسربات المياه في ال{LOC} — إجابات خبراء ماكس آرت | لماذا ماكس آرت هي الخيار الأول ل كشف تسربات المياه في ال{LOC}؟
2694,post,شركة كشف تسربات المياه في ديرة,https://max-art-ae.com/shrkh-kshf-tsrbat-almyah-fy-dyrh/,2026-09-11,1340,0,8,14,كشف/إصلاح تسربات,كشف/إصلاح تسربات,13,2585,قالب/نصوص نمطية | لا H1 في جسم المحتوى | صورة بارزة مكررة على نطاق واسع | محتوى مكرر/متشابه | تآكل كلمات مفتاحية,عبارات نمطية: كتب هذا المقال؛ آخر تحديث؛ مراجعة:؛ فريق ماكس آرت؛ هي خدمة متخصصة تُقدّمها؛ باستخدام أحدث الأجهزة والمعدات؛ لا H1 داخل جسم المقالة (ووردبريس عادةً يعرض العنوان كـ H1 من القالب)؛ نفس الصورة البارزة مستخدمة على 281 عنصراً (ID 2585)؛ متشابه جداً مع مقالات أخرى في DUP-005 (23)؛ 23 مقالات تتنافس على نية شبه مطابقة,DUP-005 (23),CAN-005 (23),كل ما تحتاج معرفته عن كشف تسربات المياه في {LOC} 2026 | علامات تحتاج فيها كشف تسربات المياه في {LOC} فورا | الأسباب الجذرية لمشكلات كشف تسربات المياه في {LOC} وكيف يشخصها الخبراء | كيف تتم كشف تسربات المياه في {LOC} خطوة بخطوة بأيدي متخصصين | أخطاء شائعة يقع فيها أصحاب المنازل عند طلب كشف تسربات المياه في {LOC} | خدمات ماكس آرت + جدول الأسعار التقريبية ل كشف تسربات المياه في {LOC} | الأسئلة الشائعة عن كشف تسربات المياه في {LOC} — إجابات خبراء ماكس آرت | لماذا ماكس آرت هي الخيار الأول ل كشف تسربات المياه في {LOC}؟
2688,post,شركة كشف تسربات المياه في الفجيرة,https://max-art-ae.com/shrkh-kshf-tsrbat-almyah-fy-alfjyrh/,2026-09-11,1340,0,8,14,كشف/إصلاح تسربات,كشف/إصلاح تسربات,14,2585,قالب/نصوص نمطية | لا H1 في جسم المحتوى | صورة بارزة مكررة على نطاق واسع | محتوى مكرر/متشابه | تآكل كلمات مفتاحية,عبارات نمطية: كتب هذا المقال؛ آخر تحديث؛ مراجعة:؛ فريق ماكس آرت؛ هي خدمة متخصصة تُقدّمها؛ باستخدام أحدث الأجهزة والمعدات؛ لا H1 داخل جسم المقالة (ووردبريس عادةً يعرض العنوان كـ H1 من القالب)؛ نفس الصورة البارزة مستخدمة على 281 عنصراً (ID 2585)؛ متشابه جداً مع مقالات أخرى في DUP-005 (23)؛ 23 مقالات تتنافس على نية شبه مطابقة,DUP-005 (23),CAN-005 (23),كل ما تحتاج معرفته عن كشف تسربات المياه في {LOC} 2026 | علامات تحتاج فيها كشف تسربات المياه في {LOC} فورا | الأسباب الجذرية لمشكلات كشف تسربات المياه في {LOC} وكيف يشخصها الخبراء | كيف تتم كشف تسربات المياه في {LOC} خطوة بخطوة بأيدي متخصصين | أخطاء شائعة يقع فيها أصحاب المنازل عند طلب كشف تسربات المياه في {LOC} | خدمات ماكس آرت + جدول الأسعار التقريبية ل كشف تسربات المياه في {LOC} | الأسئلة الشائعة عن كشف تسربات المياه في {LOC} — إجابات خبراء ماكس آرت | لماذا ماكس آرت هي الخيار الأول ل كشف تسربات المياه في {LOC}؟
2931,post,شركة إصلاح تسرب المياه في النهضة,https://max-art-ae.com/shrkh-aslah-tsrb-almyah-fy-alnhdh/,2026-09-11,1339,0,8,14,كشف/إصلاح تسربات,كشف/إصلاح تسربات,13,2585,قالب/نصوص نمطية | لا H1 في جسم المحتوى | صورة بارزة مكررة على نطاق واسع,عبارات نمطية: كتب هذا المقال؛ آخر تحديث؛ مراجعة:؛ فريق ماكس آرت؛ هي خدمة متخصصة تُقدّمها؛ باستخدام أحدث الأجهزة والمعدات؛ لا H1 داخل جسم المقالة (ووردبريس عادةً يعرض العنوان كـ H1 من القالب)؛ نفس الصورة البارزة مستخدمة على 281 عنصراً (ID 2585),,,كل ما تحتاج معرفته عن إصلاح تسرب المياه في النهضة 2026 | علامات تحتاج فيها إصلاح تسرب المياه في النهضة فورا | الأسباب الجذرية لمشكلات إصلاح تسرب المياه في النهضة وكيف يشخصها الخبراء | كيف تتم إصلاح تسرب المياه في النهضة خطوة بخطوة بأيدي متخصصين | أخطاء شائعة يقع فيها أصحاب المنازل عند طلب إصلاح تسرب المياه في النهضة | خدمات ماكس آرت + جدول الأسعار التقريبية ل إصلاح تسرب المياه في النهضة | الأسئلة الشائعة عن إصلاح تسرب المياه في النهضة — إجابات خبراء ماكس آرت | لماذا ماكس آرت هي الخيار الأول ل إصلاح تسرب المياه في النهضة؟
2930,post,شركة إصلاح تسرب المياه في التعاون,https://max-art-ae.com/shrkh-aslah-tsrb-almyah-fy-altaawn/,2026-09-11,1339,0,8,14,كشف/إصلاح تسربات,كشف/إصلاح تسربات,14,2585,قالب/نصوص نمطية | لا H1 في جسم المحتوى | صورة بارزة مكررة على نطاق واسع,عبارات نمطية: كتب هذا المقال؛ آخر تحديث؛ مراجعة:؛ فريق ماكس آرت؛ هي خدمة متخصصة تُقدّمها؛ باستخدام أحدث الأجهزة والمعدات؛ لا H1 داخل جسم المقالة (ووردبريس عادةً يعرض العنوان كـ H1 من القالب)؛ نفس الصورة البارزة مستخدمة على 281 عنصراً (ID 2585),,,كل ما تحتاج معرفته عن إصلاح تسرب المياه في التعاون 2026 | علامات تحتاج فيها إصلاح تسرب المياه في التعاون فورا | الأسباب الجذرية لمشكلات إصلاح تسرب المياه في التعاون وكيف يشخصها الخبراء | كيف تتم إصلاح تسرب المياه في التعاون خطوة بخطوة بأيدي متخصصين | أخطاء شائعة يقع فيها أصحاب المنازل عند طلب إصلاح تسرب المياه في التعاون | خدمات ماكس آرت + جدول الأسعار التقريبية ل إصلاح تسرب المياه في التعاون | الأسئلة الشائعة عن إصلاح تسرب المياه في التعاون — إجابات خبراء ماكس آرت | لماذا ماكس آرت هي الخيار الأول ل إصلاح تسرب المياه في التعاون؟
2926,post,شركة إصلاح تسرب المياه في اليحر,https://max-art-ae.com/shrkh-aslah-tsrb-almyah-fy-alyhr/,2026-09-11,1339,0,8,14,كشف/إصلاح تسربات,كشف/إصلاح تسربات,13,2585,قالب/نصوص نمطية | لا H1 في جسم المحتوى | صورة بارزة مكررة على نطاق واسع,عبارات نمطية: كتب هذا المقال؛ آخر تحديث؛ مراجعة:؛ فريق ماكس آرت؛ هي خدمة متخصصة تُقدّمها؛ باستخدام أحدث الأجهزة والمعدات؛ لا H1 داخل جسم المقالة (ووردبريس عادةً يعرض العنوان كـ H1 من القالب)؛ نفس الصورة البارزة مستخدمة على 281 عنصراً (ID 2585),,,كل ما تحتاج معرفته عن إصلاح تسرب المياه في اليحر 2026 | علامات تحتاج فيها إصلاح تسرب المياه في اليحر فورا | الأسباب الجذرية لمشكلات إصلاح تسرب المياه في اليحر وكيف يشخصها الخبراء | كيف تتم إصلاح تسرب المياه في اليحر خطوة بخطوة بأيدي متخصصين | أخطاء شائعة يقع فيها أصحاب المنازل عند طلب إصلاح تسرب المياه في اليحر | خدمات ماكس آرت + جدول الأسعار التقريبية ل إصلاح تسرب المياه في اليحر | الأسئلة الشائعة عن إصلاح تسرب المياه في اليحر — إجابات خبراء ماكس آرت | لماذا ماكس آرت هي الخيار الأول ل إصلاح تسرب المياه في اليحر؟
2907,post,شركة إصلاح تسرب المياه في كلباء,https://max-art-ae.com/shrkh-aslah-tsrb-almyah-fy-klba/,2026-09-11,1339,0,8,14,كشف/إصلاح تسربات,كشف/إصلاح تسربات,14,2585,قالب/نصوص نمطية | لا H1 في جسم المحتوى | صورة بارزة مكررة على نطاق واسع | محتوى مكرر/متشابه | تآكل كلمات مفتاحية,عبارات نمطية: كتب هذا المقال؛ آخر تحديث؛ مراجعة:؛ فريق ماكس آرت؛ هي خدمة متخصصة تُقدّمها؛ باستخدام أحدث الأجهزة والمعدات؛ لا H1 داخل جسم المقالة (ووردبريس عادةً يعرض العنوان كـ H1 من القالب)؛ Schema JSON-LD مضمّن داخل المحتوى؛ نفس الصورة البارزة مستخدمة على 281 عنصراً (ID 2585)؛ متشابه جداً مع مقالات أخرى في DUP-001 (23)؛ 23 مقالات تتنافس على نية شبه مطابقة,DUP-001 (23),CAN-001 (23),كل ما تحتاج معرفته عن إصلاح تسرب المياه في {LOC} 2026 | علامات تحتاج فيها إصلاح تسرب المياه في {LOC} فورا | الأسباب الجذرية لمشكلات إصلاح تسرب المياه في {LOC} وكيف يشخصها الخبراء | كيف تتم إصلاح تسرب المياه في {LOC} خطوة بخطوة بأيدي متخصصين | أخطاء شائعة يقع فيها أصحاب المنازل عند طلب إصلاح تسرب المياه في {LOC} | خدمات ماكس آرت + جدول الأسعار التقريبية ل إصلاح تسرب المياه في {LOC} | الأسئلة الشائعة عن إصلاح تسرب المياه في {LOC} — إجابات خبراء ماكس آرت | لماذا ماكس آرت هي الخيار الأول ل إصلاح تسرب المياه في {LOC}؟
2870,post,شركة كشف تسربات التكييف في الشهامة,https://max-art-ae.com/shrkh-kshf-tsrbat-altkyyf-fy-alshhamh/,2026-09-11,1339,0,8,14,كشف/إصلاح تسربات,كشف/إصلاح تسربات,13,2585,قالب/نصوص نمطية | لا H1 في جسم المحتوى | صورة بارزة مكررة على نطاق واسع,عبارات نمطية: كتب هذا المقال؛ آخر تحديث؛ مراجعة:؛ فريق ماكس آرت؛ هي خدمة متخصصة تُقدّمها؛ باستخدام أحدث الأجهزة والمعدات؛ لا H1 داخل جسم المقالة (ووردبريس عادةً يعرض العنوان كـ H1 من القالب)؛ نفس الصورة البارزة مستخدمة على 281 عنصراً (ID 2585),,,كل ما تحتاج معرفته عن كشف تسربات التكييف في الشهامة 2026 | علامات تحتاج فيها كشف تسربات التكييف في الشهامة فورا | الأسباب الجذرية لمشكلات كشف تسربات التكييف في الشهامة وكيف يشخصها الخبراء | كيف تتم كشف تسربات التكييف في الشهامة خطوة بخطوة بأيدي متخصصين | أخطاء شائعة يقع فيها أصحاب المنازل عند طلب كشف تسربات التكييف في الشهامة | خدمات ماكس آرت + جدول الأسعار التقريبية ل كشف تسربات التكييف في الشهامة | الأسئلة الشائعة عن كشف تسربات التكييف في الشهامة — إجابات خبراء ماكس آرت | لماذا ماكس آرت هي الخيار الأول ل كشف تسربات التكييف في الشهامة؟
2861,post,شركة كشف تسربات التكييف في الخوانيج,https://max-art-ae.com/shrkh-kshf-tsrbat-altkyyf-fy-alkhwanyj/,2026-09-11,1339,0,8,14,كشف/إصلاح تسربات,كشف/إصلاح تسربات,16,2585,قالب/نصوص نمطية | لا H1 في جسم المحتوى | صورة بارزة مكررة على نطاق واسع,عبارات نمطية: كتب هذا المقال؛ آخر تحديث؛ مراجعة:؛ فريق ماكس آرت؛ هي خدمة متخصصة تُقدّمها؛ باستخدام أحدث الأجهزة والمعدات؛ لا H1 داخل جسم المقالة (ووردبريس عادةً يعرض العنوان كـ H1 من القالب)؛ نفس الصورة البارزة مستخدمة على 281 عنصراً (ID 2585),,,كل ما تحتاج معرفته عن كشف تسربات التكييف في الخوانيج 2026 | علامات تحتاج فيها كشف تسربات التكييف في الخوانيج فورا | الأسباب الجذرية لمشكلات كشف تسربات التكييف في الخوانيج وكيف يشخصها الخبراء | كيف تتم كشف تسربات التكييف في الخوانيج خطوة بخطوة بأيدي متخصصين | أخطاء شائعة يقع فيها أصحاب المنازل عند طلب كشف تسربات التكييف في الخوانيج | خدمات ماكس آرت + جدول الأسعار التقريبية ل كشف تسربات التكييف في الخوانيج | الأسئلة الشائعة عن كشف تسربات التكييف في الخوانيج — إجابات خبراء ماكس آرت | لماذا ماكس آرت هي الخيار الأول ل كشف تسربات التكييف في الخوانيج؟
2805,post,شركة كشف تسربات الغاز في البرشاء,https://max-art-ae.com/shrkh-kshf-tsrbat-alghaz-fy-albrsha/,2026-09-11,1339,0,8,14,كشف/إصلاح تسربات,كشف/إصلاح تسربات,13,2585,قالب/نصوص نمطية | لا H1 في جسم المحتوى | صورة بارزة مكررة على نطاق واسع | محتوى مكرر/متشابه | تآكل كلمات مفتاحية,عبارات نمطية: كتب هذا المقال؛ آخر تحديث؛ مراجعة:؛ فريق ماكس آرت؛ هي خدمة متخصصة تُقدّمها؛ باستخدام أحدث الأجهزة والمعدات؛ لا H1 داخل جسم المقالة (ووردبريس عادةً يعرض العنوان كـ H1 من القالب)؛ نفس الصورة البارزة مستخدمة على 281 عنصراً (ID 2585)؛ متشابه جداً مع مقالات أخرى في DUP-003 (23)؛ 23 مقالات تتنافس على نية شبه مطابقة,DUP-003 (23),CAN-003 (23),كل ما تحتاج معرفته عن كشف تسربات الغاز في {LOC} 2026 | علامات تحتاج فيها كشف تسربات الغاز في {LOC} فورا | الأسباب الجذرية لمشكلات كشف تسربات الغاز في {LOC} وكيف يشخصها الخبراء | كيف تتم كشف تسربات الغاز في {LOC} خطوة بخطوة بأيدي متخصصين | أخطاء شائعة يقع فيها أصحاب المنازل عند طلب كشف تسربات الغاز في {LOC} | خدمات ماكس آرت + جدول الأسعار التقريبية ل كشف تسربات الغاز في {LOC} | الأسئلة الشائعة عن كشف تسربات الغاز في {LOC} — إجابات خبراء ماكس آرت | لماذا ماكس آرت هي الخيار الأول ل كشف تسربات الغاز في {LOC}؟
2802,post,شركة كشف تسربات الغاز في ديرة,https://max-art-ae.com/shrkh-kshf-tsrbat-alghaz-fy-dyrh/,2026-09-11,1339,0,8,14,كشف/إصلاح تسربات,كشف/إصلاح تسربات,13,2585,قالب/نصوص نمطية | لا H1 في جسم المحتوى | صورة بارزة مكررة على نطاق واسع | محتوى مكرر/متشابه | تآكل كلمات مفتاحية,عبارات نمطية: كتب هذا المقال؛ آخر تحديث؛ مراجعة:؛ فريق ماكس آرت؛ هي خدمة متخصصة تُقدّمها؛ باستخدام أحدث الأجهزة والمعدات؛ لا H1 داخل جسم المقالة (ووردبريس عادةً يعرض العنوان كـ H1 من القالب)؛ نفس الصورة البارزة مستخدمة على 281 عنصراً (ID 2585)؛ متشابه جداً مع مقالات أخرى في DUP-003 (23)؛ 23 مقالات تتنافس على نية شبه مطابقة,DUP-003 (23),CAN-003 (23),كل ما تحتاج معرفته عن كشف تسربات الغاز في {LOC} 2026 | علامات تحتاج فيها كشف تسربات الغاز في {LOC} فورا | الأسباب الجذرية لمشكلات كشف تسربات الغاز في {LOC} وكيف يشخصها الخبراء | كيف تتم كشف تسربات الغاز في {LOC} خطوة بخطوة بأيدي متخصصين | أخطاء شائعة يقع فيها أصحاب المنازل عند طلب كشف تسربات الغاز في {LOC} | خدمات ماكس آرت + جدول الأسعار التقريبية ل كشف تسربات الغاز في {LOC} | الأسئلة الشائعة عن كشف تسربات الغاز في {LOC} — إجابات خبراء ماكس آرت | لماذا ماكس آرت هي الخيار الأول ل كشف تسربات الغاز في {LOC}؟
2711,post,شركة كشف تسربات المياه في المقام,https://max-art-ae.com/shrkh-kshf-tsrbat-almyah-fy-almqam/,2026-09-11,1339,0,8,14,كشف/إصلاح تسربات,كشف/إصلاح تسربات,13,2585,قالب/نصوص نمطية | لا H1 في جسم المحتوى | صورة بارزة مكررة على نطاق واسع,عبارات نمطية: كتب هذا المقال؛ آخر تحديث؛ مراجعة:؛ فريق ماكس آرت؛ هي خدمة متخصصة تُقدّمها؛ باستخدام أحدث الأجهزة والمعدات؛ لا H1 داخل جسم المقالة (ووردبريس عادةً يعرض العنوان كـ H1 من القالب)؛ نفس الصورة البارزة مستخدمة على 281 عنصراً (ID 2585),,,كل ما تحتاج معرفته عن كشف تسربات المياه في المقام 2026 | علامات تحتاج فيها كشف تسربات المياه في المقام فورا | الأسباب الجذرية لمشكلات كشف تسربات المياه في المقام وكيف يشخصها الخبراء | كيف تتم كشف تسربات المياه في المقام خطوة بخطوة بأيدي متخصصين | أخطاء شائعة يقع فيها أصحاب المنازل عند طلب كشف تسربات المياه في المقام | خدمات ماكس آرت + جدول الأسعار التقريبية ل كشف تسربات المياه في المقام | الأسئلة الشائعة عن كشف تسربات المياه في المقام — إجابات خبراء ماكس آرت | لماذا ماكس آرت هي الخيار الأول ل كشف تسربات المياه في المقام؟
2709,post,شركة كشف تسربات المياه في الرحبة,https://max-art-ae.com/shrkh-kshf-tsrbat-almyah-fy-alrhbh/,2026-09-11,1339,0,8,14,كشف/إصلاح تسربات,كشف/إصلاح تسربات,15,2585,قالب/نصوص نمطية | لا H1 في جسم المحتوى | صورة بارزة مكررة على نطاق واسع,عبارات نمطية: كتب هذا المقال؛ آخر تحديث؛ مراجعة:؛ فريق ماكس آرت؛ هي خدمة متخصصة تُقدّمها؛ باستخدام أحدث الأجهزة والمعدات؛ لا H1 داخل جسم المقالة (ووردبريس عادةً يعرض العنوان كـ H1 من القالب)؛ نفس الصورة البارزة مستخدمة على 281 عنصراً (ID 2585),,,كل ما تحتاج معرفته عن كشف تسربات المياه في الرحبة 2026 | علامات تحتاج فيها كشف تسربات المياه في الرحبة فورا | الأسباب الجذرية لمشكلات كشف تسربات المياه في الرحبة وكيف يشخصها الخبراء | كيف تتم كشف تسربات المياه في الرحبة خطوة بخطوة بأيدي متخصصين | أخطاء شائعة يقع فيها أصحاب المنازل عند طلب كشف تسربات المياه في الرحبة | خدمات ماكس آرت + جدول الأسعار التقريبية ل كشف تسربات المياه في الرحبة | الأسئلة الشائعة عن كشف تسربات المياه في الرحبة — إجابات خبراء ماكس آرت | لماذا ماكس آرت هي الخيار الأول ل كشف تسربات المياه في الرحبة؟
2928,post,شركة إصلاح تسرب المياه في الصاروج,https://max-art-ae.com/shrkh-aslah-tsrb-almyah-fy-alsarwj/,2026-09-11,1338,0,8,14,كشف/إصلاح تسربات,كشف/إصلاح تسربات,12,2585,قالب/نصوص نمطية | لا H1 في جسم المحتوى | صورة بارزة مكررة على نطاق واسع,عبارات نمطية: كتب هذا المقال؛ آخر تحديث؛ مراجعة:؛ فريق ماكس آرت؛ هي خدمة متخصصة تُقدّمها؛ باستخدام أحدث الأجهزة والمعدات؛ لا H1 داخل جسم المقالة (ووردبريس عادةً يعرض العنوان كـ H1 من القالب)؛ نفس الصورة البارزة مستخدمة على 281 عنصراً (ID 2585),,,كل ما تحتاج معرفته عن إصلاح تسرب المياه في الصاروج 2026 | علامات تحتاج فيها إصلاح تسرب المياه في الصاروج فورا | الأسباب الجذرية لمشكلات إصلاح تسرب المياه في الصاروج وكيف يشخصها الخبراء | كيف تتم إصلاح تسرب المياه في الصاروج خطوة بخطوة بأيدي متخصصين | أخطاء شائعة يقع فيها أصحاب المنازل عند طلب إصلاح تسرب المياه في الصاروج | خدمات ماكس آرت + جدول الأسعار التقريبية ل إصلاح تسرب المياه في الصاروج | الأسئلة الشائعة عن إصلاح تسرب المياه في الصاروج — إجابات خبراء ماكس آرت | لماذا ماكس آرت هي الخيار الأول ل إصلاح تسرب المياه في الصاروج؟
2889,post,شركة كشف تسربات التكييف في السلمة,https://max-art-ae.com/shrkh-kshf-tsrbat-altkyyf-fy-alslmh/,2026-09-11,1338,0,8,14,كشف/إصلاح تسربات,كشف/إصلاح تسربات,12,2585,قالب/نصوص نمطية | لا H1 في جسم المحتوى | صورة بارزة مكررة على نطاق واسع,عبارات نمطية: كتب هذا المقال؛ آخر تحديث؛ مراجعة:؛ فريق ماكس آرت؛ هي خدمة متخصصة تُقدّمها؛ باستخدام أحدث الأجهزة والمعدات؛ لا H1 داخل جسم المقالة (ووردبريس عادةً يعرض العنوان كـ H1 من القالب)؛ نفس الصورة البارزة مستخدمة على 281 عنصراً (ID 2585),,,كل ما تحتاج معرفته عن كشف تسربات التكييف في السلمة 2026 | علامات تحتاج فيها كشف تسربات التكييف في السلمة فورا | الأسباب الجذرية لمشكلات كشف تسربات التكييف في السلمة وكيف يشخصها الخبراء | كيف تتم كشف تسربات التكييف في السلمة خطوة بخطوة بأيدي متخصصين | أخطاء شائعة يقع فيها أصحاب المنازل عند طلب كشف تسربات التكييف في السلمة | خدمات ماكس آرت + جدول الأسعار التقريبية ل كشف تسربات التكييف في السلمة | الأسئلة الشائعة عن كشف تسربات التكييف في السلمة — إجابات خبراء ماكس آرت | لماذا ماكس آرت هي الخيار الأول ل كشف تسربات التكييف في السلمة؟
2874,post,شركة كشف تسربات التكييف في الصاروج,https://max-art-ae.com/shrkh-kshf-tsrbat-altkyyf-fy-alsarwj/,2026-09-11,1338,0,8,14,كشف/إصلاح تسربات,كشف/إصلاح تسربات,15,2585,قالب/نصوص نمطية | لا H1 في جسم المحتوى | صورة بارزة مكررة على نطاق واسع,عبارات نمطية: كتب هذا المقال؛ آخر تحديث؛ مراجعة:؛ فريق ماكس آرت؛ هي خدمة متخصصة تُقدّمها؛ باستخدام أحدث الأجهزة والمعدات؛ لا H1 داخل جسم المقالة (ووردبريس عادةً يعرض العنوان كـ H1 من القالب)؛ نفس الصورة البارزة مستخدمة على 281 عنصراً (ID 2585),,,كل ما تحتاج معرفته عن كشف تسربات التكييف في الصاروج 2026 | علامات تحتاج فيها كشف تسربات التكييف في الصاروج فورا | الأسباب الجذرية لمشكلات كشف تسربات التكييف في الصاروج وكيف يشخصها الخبراء | كيف تتم كشف تسربات التكييف في الصاروج خطوة بخطوة بأيدي متخصصين | أخطاء شائعة يقع فيها أصحاب المنازل عند طلب كشف تسربات التكييف في الصاروج | خدمات ماكس آرت + جدول الأسعار التقريبية ل كشف تسربات التكييف في الصاروج | الأسئلة الشائعة عن كشف تسربات التكييف في الصاروج — إجابات خبراء ماكس آرت | لماذا ماكس آرت هي الخيار الأول ل كشف تسربات التكييف في الصاروج؟
2860,post,شركة كشف تسربات التكييف في مردف,https://max-art-ae.com/shrkh-kshf-tsrbat-altkyyf-fy-mrdf/,2026-09-11,1338,0,8,14,كشف/إصلاح تسربات,كشف/إصلاح تسربات,14,2585,قالب/نصوص نمطية | لا H1 في جسم المحتوى | صورة بارزة مكررة على نطاق واسع,عبارات نمطية: كتب هذا المقال؛ آخر تحديث؛ مراجعة:؛ فريق ماكس آرت؛ هي خدمة متخصصة تُقدّمها؛ باستخدام أحدث الأجهزة والمعدات؛ لا H1 داخل جسم المقالة (ووردبريس عادةً يعرض العنوان كـ H1 من القالب)؛ نفس الصورة البارزة مستخدمة على 281 عنصراً (ID 2585),,,كل ما تحتاج معرفته عن كشف تسربات التكييف في مردف 2026 | علامات تحتاج فيها كشف تسربات التكييف في مردف فورا | الأسباب الجذرية لمشكلات كشف تسربات التكييف في مردف وكيف يشخصها الخبراء | كيف تتم كشف تسربات التكييف في مردف خطوة بخطوة بأيدي متخصصين | أخطاء شائعة يقع فيها أصحاب المنازل عند طلب كشف تسربات التكييف في مردف | خدمات ماكس آرت + جدول الأسعار التقريبية ل كشف تسربات التكييف في مردف | الأسئلة الشائعة عن كشف تسربات التكييف في مردف — إجابات خبراء ماكس آرت | لماذا ماكس آرت هي الخيار الأول ل كشف تسربات التكييف في مردف؟
2829,post,شركة كشف تسربات الغاز في المويهات,https://max-art-ae.com/shrkh-kshf-tsrbat-alghaz-fy-almwyhat/,2026-09-11,1338,0,8,14,كشف/إصلاح تسربات,كشف/إصلاح تسربات,16,2585,قالب/نصوص نمطية | لا H1 في جسم المحتوى | صورة بارزة مكررة على نطاق واسع | محتوى مكرر/متشابه | تآكل كلمات مفتاحية,عبارات نمطية: كتب هذا المقال؛ آخر تحديث؛ مراجعة:؛ فريق ماكس آرت؛ هي خدمة متخصصة تُقدّمها؛ باستخدام أحدث الأجهزة والمعدات؛ لا H1 داخل جسم المقالة (ووردبريس عادةً يعرض العنوان كـ H1 من القالب)؛ نفس الصورة البارزة مستخدمة على 281 عنصراً (ID 2585)؛ متشابه جداً مع مقالات أخرى في DUP-003 (23)؛ 23 مقالات تتنافس على نية شبه مطابقة,DUP-003 (23),CAN-003 (23),كل ما تحتاج معرفته عن كشف تسربات الغاز في {LOC} 2026 | علامات تحتاج فيها كشف تسربات الغاز في {LOC} فورا | الأسباب الجذرية لمشكلات كشف تسربات الغاز في {LOC} وكيف يشخصها الخبراء | كيف تتم كشف تسربات الغاز في {LOC} خطوة بخطوة بأيدي متخصصين | أخطاء شائعة يقع فيها أصحاب المنازل عند طلب كشف تسربات الغاز في {LOC} | خدمات ماكس آرت + جدول الأسعار التقريبية ل كشف تسربات الغاز في {LOC} | الأسئلة الشائعة عن كشف تسربات الغاز في {LOC} — إجابات خبراء ماكس آرت | لماذا ماكس آرت هي الخيار الأول ل كشف تسربات الغاز في {LOC}؟
2827,post,شركة كشف تسربات الغاز في مويلح,https://max-art-ae.com/shrkh-kshf-tsrbat-alghaz-fy-mwylh/,2026-09-11,1338,0,8,14,كشف/إصلاح تسربات,كشف/إصلاح تسربات,14,2585,قالب/نصوص نمطية | لا H1 في جسم المحتوى | صورة بارزة مكررة على نطاق واسع,عبارات نمطية: كتب هذا المقال؛ آخر تحديث؛ مراجعة:؛ فريق ماكس آرت؛ هي خدمة متخصصة تُقدّمها؛ باستخدام أحدث الأجهزة والمعدات؛ لا H1 داخل جسم المقالة (ووردبريس عادةً يعرض العنوان كـ H1 من القالب)؛ نفس الصورة البارزة مستخدمة على 281 عنصراً (ID 2585),,,كل ما تحتاج معرفته عن كشف تسربات الغاز في مويلح 2026 | علامات تحتاج فيها كشف تسربات الغاز في مويلح فورا | الأسباب الجذرية لمشكلات كشف تسربات الغاز في مويلح وكيف يشخصها الخبراء | كيف تتم كشف تسربات الغاز في مويلح خطوة بخطوة بأيدي متخصصين | أخطاء شائعة يقع فيها أصحاب المنازل عند طلب كشف تسربات الغاز في مويلح | خدمات ماكس آرت + جدول الأسعار التقريبية ل كشف تسربات الغاز في مويلح | الأسئلة الشائعة عن كشف تسربات الغاز في مويلح — إجابات خبراء ماكس آرت | لماذا ماكس آرت هي الخيار الأول ل كشف تسربات الغاز في مويلح؟
2710,post,شركة كشف تسربات المياه في اليحر,https://max-art-ae.com/shrkh-kshf-tsrbat-almyah-fy-alyhr/,2026-09-11,1338,0,8,14,كشف/إصلاح تسربات,كشف/إصلاح تسربات,14,2585,قالب/نصوص نمطية | لا H1 في جسم المحتوى | صورة بارزة مكررة على نطاق واسع,عبارات نمطية: كتب هذا المقال؛ آخر تحديث؛ مراجعة:؛ فريق ماكس آرت؛ هي خدمة متخصصة تُقدّمها؛ باستخدام أحدث الأجهزة والمعدات؛ لا H1 داخل جسم المقالة (ووردبريس عادةً يعرض العنوان كـ H1 من القالب)؛ Schema JSON-LD مضمّن داخل المحتوى؛ نفس الصورة البارزة مستخدمة على 281 عنصراً (ID 2585),,,كل ما تحتاج معرفته عن كشف تسربات المياه في اليحر 2026 | علامات تحتاج فيها كشف تسربات المياه في اليحر فورا | الأسباب الجذرية لمشكلات كشف تسربات المياه في اليحر وكيف يشخصها الخبراء | كيف تتم كشف تسربات المياه في اليحر خطوة بخطوة بأيدي متخصصين | أخطاء شائعة يقع فيها أصحاب المنازل عند طلب كشف تسربات المياه في اليحر | خدمات ماكس آرت + جدول الأسعار التقريبية ل كشف تسربات المياه في اليحر | الأسئلة الشائعة عن كشف تسربات المياه في اليحر — إجابات خبراء ماكس آرت | لماذا ماكس آرت هي الخيار الأول ل كشف تسربات المياه في اليحر؟
2707,post,شركة كشف تسربات المياه في المصفح,https://max-art-ae.com/shrkh-kshf-tsrbat-almyah-fy-almsfh/,2026-09-11,1338,0,8,14,كشف/إصلاح تسربات,كشف/إصلاح تسربات,14,2585,قالب/نصوص نمطية | لا H1 في جسم المحتوى | صورة بارزة مكررة على نطاق واسع,عبارات نمطية: كتب هذا المقال؛ آخر تحديث؛ مراجعة:؛ فريق ماكس آرت؛ هي خدمة متخصصة تُقدّمها؛ باستخدام أحدث الأجهزة والمعدات؛ لا H1 داخل جسم المقالة (ووردبريس عادةً يعرض العنوان كـ H1 من القالب)؛ Schema JSON-LD مضمّن داخل المحتوى؛ نفس الصورة البارزة مستخدمة على 281 عنصراً (ID 2585),,,كل ما تحتاج معرفته عن كشف تسربات المياه في المصفح 2026 | علامات تحتاج فيها كشف تسربات المياه في المصفح فورا | الأسباب الجذرية لمشكلات كشف تسربات المياه في المصفح وكيف يشخصها الخبراء | كيف تتم كشف تسربات المياه في المصفح خطوة بخطوة بأيدي متخصصين | أخطاء شائعة يقع فيها أصحاب المنازل عند طلب كشف تسربات المياه في المصفح | خدمات ماكس آرت + جدول الأسعار التقريبية ل كشف تسربات المياه في المصفح | الأسئلة الشائعة عن كشف تسربات المياه في المصفح — إجابات خبراء ماكس آرت | لماذا ماكس آرت هي الخيار الأول ل كشف تسربات المياه في المصفح؟
2691,post,شركة كشف تسربات المياه في كلباء,https://max-art-ae.com/shrkh-kshf-tsrbat-almyah-fy-klba/,2026-09-11,1338,0,8,14,كشف/إصلاح تسربات,كشف/إصلاح تسربات,14,2585,قالب/نصوص نمطية | لا H1 في جسم المحتوى | صورة بارزة مكررة على نطاق واسع | محتوى مكرر/متشابه | تآكل كلمات مفتاحية,عبارات نمطية: كتب هذا المقال؛ آخر تحديث؛ مراجعة:؛ فريق ماكس آرت؛ هي خدمة متخصصة تُقدّمها؛ باستخدام أحدث الأجهزة والمعدات؛ لا H1 داخل جسم المقالة (ووردبريس عادةً يعرض العنوان كـ H1 من القالب)؛ نفس الصورة البارزة مستخدمة على 281 عنصراً (ID 2585)؛ متشابه جداً مع مقالات أخرى في DUP-005 (23)؛ 23 مقالات تتنافس على نية شبه مطابقة,DUP-005 (23),CAN-005 (23),كل ما تحتاج معرفته عن كشف تسربات المياه في {LOC} 2026 | علامات تحتاج فيها كشف تسربات المياه في {LOC} فورا | الأسباب الجذرية لمشكلات كشف تسربات المياه في {LOC} وكيف يشخصها الخبراء | كيف تتم كشف تسربات المياه في {LOC} خطوة بخطوة بأيدي متخصصين | أخطاء شائعة يقع فيها أصحاب المنازل عند طلب كشف تسربات المياه في {LOC} | خدمات ماكس آرت + جدول الأسعار التقريبية ل كشف تسربات المياه في {LOC} | الأسئلة الشائعة عن كشف تسربات المياه في {LOC} — إجابات خبراء ماكس آرت | لماذا ماكس آرت هي الخيار الأول ل كشف تسربات المياه في {LOC}؟
2684,post,شركة كشف تسربات المياه في الشارقة,https://max-art-ae.com/shrkh-kshf-tsrbat-almyah-fy-alsharqh/,2026-09-11,1338,0,8,14,كشف/إصلاح تسربات,كشف/إصلاح تسربات,13,2585,قالب/نصوص نمطية | لا H1 في جسم المحتوى | صورة بارزة مكررة على نطاق واسع | محتوى مكرر/متشابه | تآكل كلمات مفتاحية,عبارات نمطية: كتب هذا المقال؛ آخر تحديث؛ مراجعة:؛ فريق ماكس آرت؛ هي خدمة متخصصة تُقدّمها؛ باستخدام أحدث الأجهزة والمعدات؛ لا H1 داخل جسم المقالة (ووردبريس عادةً يعرض العنوان كـ H1 من القالب)؛ نفس الصورة البارزة مستخدمة على 281 عنصراً (ID 2585)؛ متشابه جداً مع مقالات أخرى في DUP-005 (23)؛ 23 مقالات تتنافس على نية شبه مطابقة,DUP-005 (23),CAN-005 (23),كل ما تحتاج معرفته عن كشف تسربات المياه في {LOC} 2026 | علامات تحتاج فيها كشف تسربات المياه في {LOC} فورا | الأسباب الجذرية لمشكلات كشف تسربات المياه في {LOC} وكيف يشخصها الخبراء | كيف تتم كشف تسربات المياه في {LOC} خطوة بخطوة بأيدي متخصصين | أخطاء شائعة يقع فيها أصحاب المنازل عند طلب كشف تسربات المياه في {LOC} | خدمات ماكس آرت + جدول الأسعار التقريبية ل كشف تسربات المياه في {LOC} | الأسئلة الشائعة عن كشف تسربات المياه في {LOC} — إجابات خبراء ماكس آرت | لماذا ماكس آرت هي الخيار الأول ل كشف تسربات المياه في {LOC}؟
2939,post,شركة إصلاح تسرب المياه في الجرف,https://max-art-ae.com/shrkh-aslah-tsrb-almyah-fy-aljrf/,2026-09-11,1337,0,8,14,كشف/إصلاح تسربات,كشف/إصلاح تسربات,13,2585,قالب/نصوص نمطية | لا H1 في جسم المحتوى | صورة بارزة مكررة على نطاق واسع | محتوى مكرر/متشابه | تآكل كلمات مفتاحية,عبارات نمطية: كتب هذا المقال؛ آخر تحديث؛ مراجعة:؛ فريق ماكس آرت؛ هي خدمة متخصصة تُقدّمها؛ باستخدام أحدث الأجهزة والمعدات؛ لا H1 داخل جسم المقالة (ووردبريس عادةً يعرض العنوان كـ H1 من القالب)؛ نفس الصورة البارزة مستخدمة على 281 عنصراً (ID 2585)؛ متشابه جداً مع مقالات أخرى في DUP-001 (23)؛ 23 مقالات تتنافس على نية شبه مطابقة,DUP-001 (23),CAN-001 (23),كل ما تحتاج معرفته عن إصلاح تسرب المياه في {LOC} 2026 | علامات تحتاج فيها إصلاح تسرب المياه في {LOC} فورا | الأسباب الجذرية لمشكلات إصلاح تسرب المياه في {LOC} وكيف يشخصها الخبراء | كيف تتم إصلاح تسرب المياه في {LOC} خطوة بخطوة بأيدي متخصصين | أخطاء شائعة يقع فيها أصحاب المنازل عند طلب إصلاح تسرب المياه في {LOC} | خدمات ماكس آرت + جدول الأسعار التقريبية ل إصلاح تسرب المياه في {LOC} | الأسئلة الشائعة عن إصلاح تسرب المياه في {LOC} — إجابات خبراء ماكس آرت | لماذا ماكس آرت هي الخيار الأول ل إصلاح تسرب المياه في {LOC}؟
2883,post,شركة كشف تسربات التكييف في المويهات,https://max-art-ae.com/shrkh-kshf-tsrbat-altkyyf-fy-almwyhat/,2026-09-11,1337,0,8,14,كشف/إصلاح تسربات,كشف/إصلاح تسربات,18,2585,قالب/نصوص نمطية | لا H1 في جسم المحتوى | صورة بارزة مكررة على نطاق واسع | محتوى مكرر/متشابه | تآكل كلمات مفتاحية,عبارات نمطية: كتب هذا المقال؛ آخر تحديث؛ مراجعة:؛ فريق ماكس آرت؛ هي خدمة متخصصة تُقدّمها؛ باستخدام أحدث الأجهزة والمعدات؛ لا H1 داخل جسم المقالة (ووردبريس عادةً يعرض العنوان كـ H1 من القالب)؛ Schema JSON-LD مضمّن داخل المحتوى؛ نفس الصورة البارزة مستخدمة على 281 عنصراً (ID 2585)؛ متشابه جداً مع مقالات أخرى في DUP-002 (23)؛ 23 مقالات تتنافس على نية شبه مطابقة,DUP-002 (23),CAN-002 (23),كل ما تحتاج معرفته عن كشف تسربات التكييف في {LOC} 2026 | علامات تحتاج فيها كشف تسربات التكييف في {LOC} فورا | الأسباب الجذرية لمشكلات كشف تسربات التكييف في {LOC} وكيف يشخصها الخبراء | كيف تتم كشف تسربات التكييف في {LOC} خطوة بخطوة بأيدي متخصصين | أخطاء شائعة يقع فيها أصحاب المنازل عند طلب كشف تسربات التكييف في {LOC} | خدمات ماكس آرت + جدول الأسعار التقريبية ل كشف تسربات التكييف في {LOC} | الأسئلة الشائعة عن كشف تسربات التكييف في {LOC} — إجابات خبراء ماكس آرت | لماذا ماكس آرت هي الخيار الأول ل كشف تسربات التكييف في {LOC}؟
2876,post,شركة كشف تسربات التكييف في التعاون,https://max-art-ae.com/shrkh-kshf-tsrbat-altkyyf-fy-altaawn/,2026-09-11,1337,0,8,14,كشف/إصلاح تسربات,كشف/إصلاح تسربات,14,2585,قالب/نصوص نمطية | لا H1 في جسم المحتوى | صورة بارزة مكررة على نطاق واسع,عبارات نمطية: كتب هذا المقال؛ آخر تحديث؛ مراجعة:؛ فريق ماكس آرت؛ هي خدمة متخصصة تُقدّمها؛ باستخدام أحدث الأجهزة والمعدات؛ لا H1 داخل جسم المقالة (ووردبريس عادةً يعرض العنوان كـ H1 من القالب)؛ نفس الصورة البارزة مستخدمة على 281 عنصراً (ID 2585),,,كل ما تحتاج معرفته عن كشف تسربات التكييف في التعاون 2026 | علامات تحتاج فيها كشف تسربات التكييف في التعاون فورا | الأسباب الجذرية لمشكلات كشف تسربات التكييف في التعاون وكيف يشخصها الخبراء | كيف تتم كشف تسربات التكييف في التعاون خطوة بخطوة بأيدي متخصصين | أخطاء شائعة يقع فيها أصحاب المنازل عند طلب كشف تسربات التكييف في التعاون | خدمات ماكس آرت + جدول الأسعار التقريبية ل كشف تسربات التكييف في التعاون | الأسئلة الشائعة عن كشف تسربات التكييف في التعاون — إجابات خبراء ماكس آرت | لماذا ماكس آرت هي الخيار الأول ل كشف تسربات التكييف في التعاون؟
2863,post,شركة كشف تسربات التكييف في القوز,https://max-art-ae.com/shrkh-kshf-tsrbat-altkyyf-fy-alqwz/,2026-09-11,1337,0,8,14,كشف/إصلاح تسربات,كشف/إصلاح تسربات,17,2585,قالب/نصوص نمطية | لا H1 في جسم المحتوى | صورة بارزة مكررة على نطاق واسع | محتوى مكرر/متشابه | تآكل كلمات مفتاحية,عبارات نمطية: كتب هذا المقال؛ آخر تحديث؛ مراجعة:؛ فريق ماكس آرت؛ هي خدمة متخصصة تُقدّمها؛ باستخدام أحدث الأجهزة والمعدات؛ لا H1 داخل جسم المقالة (ووردبريس عادةً يعرض العنوان كـ H1 من القالب)؛ نفس الصورة البارزة مستخدمة على 281 عنصراً (ID 2585)؛ متشابه جداً مع مقالات أخرى في DUP-002 (23)؛ 23 مقالات تتنافس على نية شبه مطابقة,DUP-002 (23),CAN-002 (23),كل ما تحتاج معرفته عن كشف تسربات التكييف في {LOC} 2026 | علامات تحتاج فيها كشف تسربات التكييف في {LOC} فورا | الأسباب الجذرية لمشكلات كشف تسربات التكييف في {LOC} وكيف يشخصها الخبراء | كيف تتم كشف تسربات التكييف في {LOC} خطوة بخطوة بأيدي متخصصين | أخطاء شائعة يقع فيها أصحاب المنازل عند طلب كشف تسربات التكييف في {LOC} | خدمات ماكس آرت + جدول الأسعار التقريبية ل كشف تسربات التكييف في {LOC} | الأسئلة الشائعة عن كشف تسربات التكييف في {LOC} — إجابات خبراء ماكس آرت | لماذا ماكس آرت هي الخيار الأول ل كشف تسربات التكييف في {LOC}؟
2686,post,شركة كشف تسربات المياه في عجمان,https://max-art-ae.com/shrkh-kshf-tsrbat-almyah-fy-ajman/,2026-09-11,1337,0,8,14,كشف/إصلاح تسربات,كشف/إصلاح تسربات,14,2585,قالب/نصوص نمطية | لا H1 في جسم المحتوى | صورة بارزة مكررة على نطاق واسع | محتوى مكرر/متشابه | تآكل كلمات مفتاحية,عبارات نمطية: كتب هذا المقال؛ آخر تحديث؛ مراجعة:؛ فريق ماكس آرت؛ هي خدمة متخصصة تُقدّمها؛ باستخدام أحدث الأجهزة والمعدات؛ لا H1 داخل جسم المقالة (ووردبريس عادةً يعرض العنوان كـ H1 من القالب)؛ Schema JSON-LD مضمّن داخل المحتوى؛ نفس الصورة البارزة مستخدمة على 281 عنصراً (ID 2585)؛ متشابه جداً مع مقالات أخرى في DUP-005 (23)؛ 23 مقالات تتنافس على نية شبه مطابقة,DUP-005 (23),CAN-005 (23),كل ما تحتاج معرفته عن كشف تسربات المياه في {LOC} 2026 | علامات تحتاج فيها كشف تسربات المياه في {LOC} فورا | الأسباب الجذرية لمشكلات كشف تسربات المياه في {LOC} وكيف يشخصها الخبراء | كيف تتم كشف تسربات المياه في {LOC} خطوة بخطوة بأيدي متخصصين | أخطاء شائعة يقع فيها أصحاب المنازل عند طلب كشف تسربات المياه في {LOC} | خدمات ماكس آرت + جدول الأسعار التقريبية ل كشف تسربات المياه في {LOC} | الأسئلة الشائعة عن كشف تسربات المياه في {LOC} — إجابات خبراء ماكس آرت | لماذا ماكس آرت هي الخيار الأول ل كشف تسربات المياه في {LOC}؟
2933,post,شركة إصلاح تسرب المياه في الرحمانية,https://max-art-ae.com/shrkh-aslah-tsrb-almyah-fy-alrhmanyh/,2026-09-11,1336,0,8,14,كشف/إصلاح تسربات,كشف/إصلاح تسربات,15,2585,قالب/نصوص نمطية | لا H1 في جسم المحتوى | صورة بارزة مكررة على نطاق واسع,عبارات نمطية: كتب هذا المقال؛ آخر تحديث؛ مراجعة:؛ فريق ماكس آرت؛ هي خدمة متخصصة تُقدّمها؛ باستخدام أحدث الأجهزة والمعدات؛ لا H1 داخل جسم المقالة (ووردبريس عادةً يعرض العنوان كـ H1 من القالب)؛ نفس الصورة البارزة مستخدمة على 281 عنصراً (ID 2585),,,كل ما تحتاج معرفته عن إصلاح تسرب المياه في الرحمانية 2026 | علامات تحتاج فيها إصلاح تسرب المياه في الرحمانية فورا | الأسباب الجذرية لمشكلات إصلاح تسرب المياه في الرحمانية وكيف يشخصها الخبراء | كيف تتم إصلاح تسرب المياه في الرحمانية خطوة بخطوة بأيدي متخصصين | أخطاء شائعة يقع فيها أصحاب المنازل عند طلب إصلاح تسرب المياه في الرحمانية | خدمات ماكس آرت + جدول الأسعار التقريبية ل إصلاح تسرب المياه في الرحمانية | الأسئلة الشائعة عن إصلاح تسرب المياه في الرحمانية — إجابات خبراء ماكس آرت | لماذا ماكس آرت هي الخيار الأول ل إصلاح تسرب المياه في الرحمانية؟
2924,post,شركة إصلاح تسرب المياه في الشهامة,https://max-art-ae.com/shrkh-aslah-tsrb-almyah-fy-alshhamh/,2026-09-11,1336,0,8,14,كشف/إصلاح تسربات,كشف/إصلاح تسربات,14,2585,قالب/نصوص نمطية | لا H1 في جسم المحتوى | صورة بارزة مكررة على نطاق واسع,عبارات نمطية: كتب هذا المقال؛ آخر تحديث؛ مراجعة:؛ فريق ماكس آرت؛ هي خدمة متخصصة تُقدّمها؛ باستخدام أحدث الأجهزة والمعدات؛ لا H1 داخل جسم المقالة (ووردبريس عادةً يعرض العنوان كـ H1 من القالب)؛ نفس الصورة البارزة مستخدمة على 281 عنصراً (ID 2585),,,كل ما تحتاج معرفته عن إصلاح تسرب المياه في الشهامة 2026 | علامات تحتاج فيها إصلاح تسرب المياه في الشهامة فورا | الأسباب الجذرية لمشكلات إصلاح تسرب المياه في الشهامة وكيف يشخصها الخبراء | كيف تتم إصلاح تسرب المياه في الشهامة خطوة بخطوة بأيدي متخصصين | أخطاء شائعة يقع فيها أصحاب المنازل عند طلب إصلاح تسرب المياه في الشهامة | خدمات ماكس آرت + جدول الأسعار التقريبية ل إصلاح تسرب المياه في الشهامة | الأسئلة الشائعة عن إصلاح تسرب المياه في الشهامة — إجابات خبراء ماكس آرت | لماذا ماكس آرت هي الخيار الأول ل إصلاح تسرب المياه في الشهامة؟
2854,post,شركة كشف تسربات التكييف في الذيد,https://max-art-ae.com/shrkh-kshf-tsrbat-altkyyf-fy-aldhyd/,2026-09-11,1336,0,8,14,كشف/إصلاح تسربات,كشف/إصلاح تسربات,13,2585,قالب/نصوص نمطية | لا H1 في جسم المحتوى | صورة بارزة مكررة على نطاق واسع | محتوى مكرر/متشابه | تآكل كلمات مفتاحية,عبارات نمطية: كتب هذا المقال؛ آخر تحديث؛ مراجعة:؛ فريق ماكس آرت؛ هي خدمة متخصصة تُقدّمها؛ باستخدام أحدث الأجهزة والمعدات؛ لا H1 داخل جسم المقالة (ووردبريس عادةً يعرض العنوان كـ H1 من القالب)؛ نفس الصورة البارزة مستخدمة على 281 عنصراً (ID 2585)؛ متشابه جداً مع مقالات أخرى في DUP-002 (23)؛ 23 مقالات تتنافس على نية شبه مطابقة,DUP-002 (23),CAN-002 (23),كل ما تحتاج معرفته عن كشف تسربات التكييف في {LOC} 2026 | علامات تحتاج فيها كشف تسربات التكييف في {LOC} فورا | الأسباب الجذرية لمشكلات كشف تسربات التكييف في {LOC} وكيف يشخصها الخبراء | كيف تتم كشف تسربات التكييف في {LOC} خطوة بخطوة بأيدي متخصصين | أخطاء شائعة يقع فيها أصحاب المنازل عند طلب كشف تسربات التكييف في {LOC} | خدمات ماكس آرت + جدول الأسعار التقريبية ل كشف تسربات التكييف في {LOC} | الأسئلة الشائعة عن كشف تسربات التكييف في {LOC} — إجابات خبراء ماكس آرت | لماذا ماكس آرت هي الخيار الأول ل كشف تسربات التكييف في {LOC}؟
2909,post,شركة إصلاح تسرب المياه في حتا,https://max-art-ae.com/shrkh-aslah-tsrb-almyah-fy-hta/,2026-09-11,1335,0,8,14,كشف/إصلاح تسربات,كشف/إصلاح تسربات,13,2585,قالب/نصوص نمطية | لا H1 في جسم المحتوى | صورة بارزة مكررة على نطاق واسع,عبارات نمطية: كتب هذا المقال؛ آخر تحديث؛ مراجعة:؛ فريق ماكس آرت؛ هي خدمة متخصصة تُقدّمها؛ باستخدام أحدث الأجهزة والمعدات؛ لا H1 داخل جسم المقالة (ووردبريس عادةً يعرض العنوان كـ H1 من القالب)؛ نفس الصورة البارزة مستخدمة على 281 عنصراً (ID 2585),,,كل ما تحتاج معرفته عن إصلاح تسرب المياه في حتا 2026 | علامات تحتاج فيها إصلاح تسرب المياه في حتا فورا | الأسباب الجذرية لمشكلات إصلاح تسرب المياه في حتا وكيف يشخصها الخبراء | كيف تتم إصلاح تسرب المياه في حتا خطوة بخطوة بأيدي متخصصين | أخطاء شائعة يقع فيها أصحاب المنازل عند طلب إصلاح تسرب المياه في حتا | خدمات ماكس آرت + جدول الأسعار التقريبية ل إصلاح تسرب المياه في حتا | الأسئلة الشائعة عن إصلاح تسرب المياه في حتا — إجابات خبراء ماكس آرت | لماذا ماكس آرت هي الخيار الأول ل إصلاح تسرب المياه في حتا؟
2886,post,شركة كشف تسربات التكييف في النعيمية,https://max-art-ae.com/shrkh-kshf-tsrbat-altkyyf-fy-alnaymyh/,2026-09-11,1335,0,8,14,كشف/إصلاح تسربات,كشف/إصلاح تسربات,14,2585,قالب/نصوص نمطية | لا H1 في جسم المحتوى | صورة بارزة مكررة على نطاق واسع | محتوى مكرر/متشابه | تآكل كلمات مفتاحية,عبارات نمطية: كتب هذا المقال؛ آخر تحديث؛ مراجعة:؛ فريق ماكس آرت؛ هي خدمة متخصصة تُقدّمها؛ باستخدام أحدث الأجهزة والمعدات؛ لا H1 داخل جسم المقالة (ووردبريس عادةً يعرض العنوان كـ H1 من القالب)؛ Schema JSON-LD مضمّن داخل المحتوى؛ نفس الصورة البارزة مستخدمة على 281 عنصراً (ID 2585)؛ متشابه جداً مع مقالات أخرى في DUP-002 (23)؛ 23 مقالات تتنافس على نية شبه مطابقة,DUP-002 (23),CAN-002 (23),كل ما تحتاج معرفته عن كشف تسربات التكييف في {LOC} 2026 | علامات تحتاج فيها كشف تسربات التكييف في {LOC} فورا | الأسباب الجذرية لمشكلات كشف تسربات التكييف في {LOC} وكيف يشخصها الخبراء | كيف تتم كشف تسربات التكييف في {LOC} خطوة بخطوة بأيدي متخصصين | أخطاء شائعة يقع فيها أصحاب المنازل عند طلب كشف تسربات التكييف في {LOC} | خدمات ماكس آرت + جدول الأسعار التقريبية ل كشف تسربات التكييف في {LOC} | الأسئلة الشائعة عن كشف تسربات التكييف في {LOC} — إجابات خبراء ماكس آرت | لماذا ماكس آرت هي الخيار الأول ل كشف تسربات التكييف في {LOC}؟
2877,post,شركة كشف تسربات التكييف في النهضة,https://max-art-ae.com/shrkh-kshf-tsrbat-altkyyf-fy-alnhdh/,2026-09-11,1335,0,8,14,كشف/إصلاح تسربات,كشف/إصلاح تسربات,16,2585,قالب/نصوص نمطية | لا H1 في جسم المحتوى | صورة بارزة مكررة على نطاق واسع,عبارات نمطية: كتب هذا المقال؛ آخر تحديث؛ مراجعة:؛ فريق ماكس آرت؛ هي خدمة متخصصة تُقدّمها؛ باستخدام أحدث الأجهزة والمعدات؛ لا H1 داخل جسم المقالة (ووردبريس عادةً يعرض العنوان كـ H1 من القالب)؛ نفس الصورة البارزة مستخدمة على 281 عنصراً (ID 2585),,,كل ما تحتاج معرفته عن كشف تسربات التكييف في النهضة 2026 | علامات تحتاج فيها كشف تسربات التكييف في النهضة فورا | الأسباب الجذرية لمشكلات كشف تسربات التكييف في النهضة وكيف يشخصها الخبراء | كيف تتم كشف تسربات التكييف في النهضة خطوة بخطوة بأيدي متخصصين | أخطاء شائعة يقع فيها أصحاب المنازل عند طلب كشف تسربات التكييف في النهضة | خدمات ماكس آرت + جدول الأسعار التقريبية ل كشف تسربات التكييف في النهضة | الأسئلة الشائعة عن كشف تسربات التكييف في النهضة — إجابات خبراء ماكس آرت | لماذا ماكس آرت هي الخيار الأول ل كشف تسربات التكييف في النهضة؟
2852,post,شركة كشف تسربات التكييف في خورفكان,https://max-art-ae.com/shrkh-kshf-tsrbat-altkyyf-fy-khwrfkan/,2026-09-11,1335,0,8,14,كشف/إصلاح تسربات,كشف/إصلاح تسربات,16,2585,قالب/نصوص نمطية | لا H1 في جسم المحتوى | صورة بارزة مكررة على نطاق واسع | محتوى مكرر/متشابه | تآكل كلمات مفتاحية,عبارات نمطية: كتب هذا المقال؛ آخر تحديث؛ مراجعة:؛ فريق ماكس آرت؛ هي خدمة متخصصة تُقدّمها؛ باستخدام أحدث الأجهزة والمعدات؛ لا H1 داخل جسم المقالة (ووردبريس عادةً يعرض العنوان كـ H1 من القالب)؛ نفس الصورة البارزة مستخدمة على 281 عنصراً (ID 2585)؛ متشابه جداً مع مقالات أخرى في DUP-002 (23)؛ 23 مقالات تتنافس على نية شبه مطابقة,DUP-002 (23),CAN-002 (23),كل ما تحتاج معرفته عن كشف تسربات التكييف في {LOC} 2026 | علامات تحتاج فيها كشف تسربات التكييف في {LOC} فورا | الأسباب الجذرية لمشكلات كشف تسربات التكييف في {LOC} وكيف يشخصها الخبراء | كيف تتم كشف تسربات التكييف في {LOC} خطوة بخطوة بأيدي متخصصين | أخطاء شائعة يقع فيها أصحاب المنازل عند طلب كشف تسربات التكييف في {LOC} | خدمات ماكس آرت + جدول الأسعار التقريبية ل كشف تسربات التكييف في {LOC} | الأسئلة الشائعة عن كشف تسربات التكييف في {LOC} — إجابات خبراء ماكس آرت | لماذا ماكس آرت هي الخيار الأول ل كشف تسربات التكييف في {LOC}؟
2725,post,شركة كشف تسربات المياه في الظيت,https://max-art-ae.com/shrkh-kshf-tsrbat-almyah-fy-alzyt/,2026-09-11,1335,0,8,14,كشف/إصلاح تسربات,كشف/إصلاح تسربات,13,2585,قالب/نصوص نمطية | لا H1 في جسم المحتوى | صورة بارزة مكررة على نطاق واسع,عبارات نمطية: كتب هذا المقال؛ آخر تحديث؛ مراجعة:؛ فريق ماكس آرت؛ هي خدمة متخصصة تُقدّمها؛ باستخدام أحدث الأجهزة والمعدات؛ لا H1 داخل جسم المقالة (ووردبريس عادةً يعرض العنوان كـ H1 من القالب)؛ نفس الصورة البارزة مستخدمة على 281 عنصراً (ID 2585),,,كل ما تحتاج معرفته عن كشف تسربات المياه في الظيت 2026 | علامات تحتاج فيها كشف تسربات المياه في الظيت فورا | الأسباب الجذرية لمشكلات كشف تسربات المياه في الظيت وكيف يشخصها الخبراء | كيف تتم كشف تسربات المياه في الظيت خطوة بخطوة بأيدي متخصصين | أخطاء شائعة يقع فيها أصحاب المنازل عند طلب كشف تسربات المياه في الظيت | خدمات ماكس آرت + جدول الأسعار التقريبية ل كشف تسربات المياه في الظيت | الأسئلة الشائعة عن كشف تسربات المياه في الظيت — إجابات خبراء ماكس آرت | لماذا ماكس آرت هي الخيار الأول ل كشف تسربات المياه في الظيت؟
2719,post,شركة كشف تسربات المياه في مويلح,https://max-art-ae.com/shrkh-kshf-tsrbat-almyah-fy-mwylh/,2026-09-11,1335,0,8,14,كشف/إصلاح تسربات,كشف/إصلاح تسربات,14,2585,قالب/نصوص نمطية | لا H1 في جسم المحتوى | صورة بارزة مكررة على نطاق واسع,عبارات نمطية: كتب هذا المقال؛ آخر تحديث؛ مراجعة:؛ فريق ماكس آرت؛ هي خدمة متخصصة تُقدّمها؛ باستخدام أحدث الأجهزة والمعدات؛ لا H1 داخل جسم المقالة (ووردبريس عادةً يعرض العنوان كـ H1 من القالب)؛ Schema JSON-LD مضمّن داخل المحتوى؛ نفس الصورة البارزة مستخدمة على 281 عنصراً (ID 2585),,,كل ما تحتاج معرفته عن كشف تسربات المياه في مويلح 2026 | علامات تحتاج فيها كشف تسربات المياه في مويلح فورا | الأسباب الجذرية لمشكلات كشف تسربات المياه في مويلح وكيف يشخصها الخبراء | كيف تتم كشف تسربات المياه في مويلح خطوة بخطوة بأيدي متخصصين | أخطاء شائعة يقع فيها أصحاب المنازل عند طلب كشف تسربات المياه في مويلح | خدمات ماكس آرت + جدول الأسعار التقريبية ل كشف تسربات المياه في مويلح | الأسئلة الشائعة عن كشف تسربات المياه في مويلح — إجابات خبراء ماكس آرت | لماذا ماكس آرت هي الخيار الأول ل كشف تسربات المياه في مويلح؟
2914,post,شركة إصلاح تسرب المياه في مردف,https://max-art-ae.com/shrkh-aslah-tsrb-almyah-fy-mrdf/,2026-09-11,1334,0,8,14,كشف/إصلاح تسربات,كشف/إصلاح تسربات,16,2585,قالب/نصوص نمطية | لا H1 في جسم المحتوى | صورة بارزة مكررة على نطاق واسع,عبارات نمطية: كتب هذا المقال؛ آخر تحديث؛ مراجعة:؛ فريق ماكس آرت؛ هي خدمة متخصصة تُقدّمها؛ باستخدام أحدث الأجهزة والمعدات؛ لا H1 داخل جسم المقالة (ووردبريس عادةً يعرض العنوان كـ H1 من القالب)؛ Schema JSON-LD مضمّن داخل المحتوى؛ نفس الصورة البارزة مستخدمة على 281 عنصراً (ID 2585),,,كل ما تحتاج معرفته عن إصلاح تسرب المياه في مردف 2026 | علامات تحتاج فيها إصلاح تسرب المياه في مردف فورا | الأسباب الجذرية لمشكلات إصلاح تسرب المياه في مردف وكيف يشخصها الخبراء | كيف تتم إصلاح تسرب المياه في مردف خطوة بخطوة بأيدي متخصصين | أخطاء شائعة يقع فيها أصحاب المنازل عند طلب إصلاح تسرب المياه في مردف | خدمات ماكس آرت + جدول الأسعار التقريبية ل إصلاح تسرب المياه في مردف | الأسئلة الشائعة عن إصلاح تسرب المياه في مردف — إجابات خبراء ماكس آرت | لماذا ماكس آرت هي الخيار الأول ل إصلاح تسرب المياه في مردف؟
2855,post,شركة كشف تسربات التكييف في حتا,https://max-art-ae.com/shrkh-kshf-tsrbat-altkyyf-fy-hta/,2026-09-11,1334,0,8,14,كشف/إصلاح تسربات,كشف/إصلاح تسربات,13,2585,قالب/نصوص نمطية | لا H1 في جسم المحتوى | صورة بارزة مكررة على نطاق واسع,عبارات نمطية: كتب هذا المقال؛ آخر تحديث؛ مراجعة:؛ فريق ماكس آرت؛ هي خدمة متخصصة تُقدّمها؛ باستخدام أحدث الأجهزة والمعدات؛ لا H1 داخل جسم المقالة (ووردبريس عادةً يعرض العنوان كـ H1 من القالب)؛ نفس الصورة البارزة مستخدمة على 281 عنصراً (ID 2585),,,كل ما تحتاج معرفته عن كشف تسربات التكييف في حتا 2026 | علامات تحتاج فيها كشف تسربات التكييف في حتا فورا | الأسباب الجذرية لمشكلات كشف تسربات التكييف في حتا وكيف يشخصها الخبراء | كيف تتم كشف تسربات التكييف في حتا خطوة بخطوة بأيدي متخصصين | أخطاء شائعة يقع فيها أصحاب المنازل عند طلب كشف تسربات التكييف في حتا | خدمات ماكس آرت + جدول الأسعار التقريبية ل كشف تسربات التكييف في حتا | الأسئلة الشائعة عن كشف تسربات التكييف في حتا — إجابات خبراء ماكس آرت | لماذا ماكس آرت هي الخيار الأول ل كشف تسربات التكييف في حتا؟
2809,post,شركة كشف تسربات الغاز في القوز,https://max-art-ae.com/shrkh-kshf-tsrbat-alghaz-fy-alqwz/,2026-09-11,1334,0,8,14,كشف/إصلاح تسربات,كشف/إصلاح تسربات,13,2585,قالب/نصوص نمطية | لا H1 في جسم المحتوى | صورة بارزة مكررة على نطاق واسع | محتوى مكرر/متشابه | تآكل كلمات مفتاحية,عبارات نمطية: كتب هذا المقال؛ آخر تحديث؛ مراجعة:؛ فريق ماكس آرت؛ هي خدمة متخصصة تُقدّمها؛ باستخدام أحدث الأجهزة والمعدات؛ لا H1 داخل جسم المقالة (ووردبريس عادةً يعرض العنوان كـ H1 من القالب)؛ نفس الصورة البارزة مستخدمة على 281 عنصراً (ID 2585)؛ متشابه جداً مع مقالات أخرى في DUP-003 (23)؛ 23 مقالات تتنافس على نية شبه مطابقة,DUP-003 (23),CAN-003 (23),كل ما تحتاج معرفته عن كشف تسربات الغاز في {LOC} 2026 | علامات تحتاج فيها كشف تسربات الغاز في {LOC} فورا | الأسباب الجذرية لمشكلات كشف تسربات الغاز في {LOC} وكيف يشخصها الخبراء | كيف تتم كشف تسربات الغاز في {LOC} خطوة بخطوة بأيدي متخصصين | أخطاء شائعة يقع فيها أصحاب المنازل عند طلب كشف تسربات الغاز في {LOC} | خدمات ماكس آرت + جدول الأسعار التقريبية ل كشف تسربات الغاز في {LOC} | الأسئلة الشائعة عن كشف تسربات الغاز في {LOC} — إجابات خبراء ماكس آرت | لماذا ماكس آرت هي الخيار الأول ل كشف تسربات الغاز في {LOC}؟
2685,post,شركة كشف تسربات المياه في العين,https://max-art-ae.com/shrkh-kshf-tsrbat-almyah-fy-alayn/,2026-09-11,1334,0,8,14,كشف/إصلاح تسربات,كشف/إصلاح تسربات,14,2585,قالب/نصوص نمطية | لا H1 في جسم المحتوى | صورة بارزة مكررة على نطاق واسع | محتوى مكرر/متشابه | تآكل كلمات مفتاحية,عبارات نمطية: كتب هذا المقال؛ آخر تحديث؛ مراجعة:؛ فريق ماكس آرت؛ هي خدمة متخصصة تُقدّمها؛ باستخدام أحدث الأجهزة والمعدات؛ لا H1 داخل جسم المقالة (ووردبريس عادةً يعرض العنوان كـ H1 من القالب)؛ Schema JSON-LD مضمّن داخل المحتوى؛ نفس الصورة البارزة مستخدمة على 281 عنصراً (ID 2585)؛ متشابه جداً مع مقالات أخرى في DUP-005 (23)؛ 23 مقالات تتنافس على نية شبه مطابقة,DUP-005 (23),CAN-005 (23),كل ما تحتاج معرفته عن كشف تسربات المياه في {LOC} 2026 | علامات تحتاج فيها كشف تسربات المياه في {LOC} فورا | الأسباب الجذرية لمشكلات كشف تسربات المياه في {LOC} وكيف يشخصها الخبراء | كيف تتم كشف تسربات المياه في {LOC} خطوة بخطوة بأيدي متخصصين | أخطاء شائعة يقع فيها أصحاب المنازل عند طلب كشف تسربات المياه في {LOC} | خدمات ماكس آرت + جدول الأسعار التقريبية ل كشف تسربات المياه في {LOC} | الأسئلة الشائعة عن كشف تسربات المياه في {LOC} — إجابات خبراء ماكس آرت | لماذا ماكس آرت هي الخيار الأول ل كشف تسربات المياه في {LOC}؟
2940,post,شركة إصلاح تسرب المياه في النعيمية,https://max-art-ae.com/shrkh-aslah-tsrb-almyah-fy-alnaymyh/,2026-09-11,1333,0,8,14,كشف/إصلاح تسربات,كشف/إصلاح تسربات,18,2585,قالب/نصوص نمطية | لا H1 في جسم المحتوى | صورة بارزة مكررة على نطاق واسع | محتوى مكرر/متشابه | تآكل كلمات مفتاحية,عبارات نمطية: كتب هذا المقال؛ آخر تحديث؛ مراجعة:؛ فريق ماكس آرت؛ هي خدمة متخصصة تُقدّمها؛ باستخدام أحدث الأجهزة والمعدات؛ لا H1 داخل جسم المقالة (ووردبريس عادةً يعرض العنوان كـ H1 من القالب)؛ Schema JSON-LD مضمّن داخل المحتوى؛ نفس الصورة البارزة مستخدمة على 281 عنصراً (ID 2585)؛ متشابه جداً مع مقالات أخرى في DUP-001 (23)؛ 23 مقالات تتنافس على نية شبه مطابقة,DUP-001 (23),CAN-001 (23),كل ما تحتاج معرفته عن إصلاح تسرب المياه في {LOC} 2026 | علامات تحتاج فيها إصلاح تسرب المياه في {LOC} فورا | الأسباب الجذرية لمشكلات إصلاح تسرب المياه في {LOC} وكيف يشخصها الخبراء | كيف تتم إصلاح تسرب المياه في {LOC} خطوة بخطوة بأيدي متخصصين | أخطاء شائعة يقع فيها أصحاب المنازل عند طلب إصلاح تسرب المياه في {LOC} | خدمات ماكس آرت + جدول الأسعار التقريبية ل إصلاح تسرب المياه في {LOC} | الأسئلة الشائعة عن إصلاح تسرب المياه في {LOC} — إجابات خبراء ماكس آرت | لماذا ماكس آرت هي الخيار الأول ل إصلاح تسرب المياه في {LOC}؟
2912,post,شركة إصلاح تسرب المياه في الجميرا,https://max-art-ae.com/shrkh-aslah-tsrb-almyah-fy-aljmyra/,2026-09-11,1333,0,8,14,كشف/إصلاح تسربات,كشف/إصلاح تسربات,17,2585,قالب/نصوص نمطية | لا H1 في جسم المحتوى | صورة بارزة مكررة على نطاق واسع,عبارات نمطية: كتب هذا المقال؛ آخر تحديث؛ مراجعة:؛ فريق ماكس آرت؛ هي خدمة متخصصة تُقدّمها؛ باستخدام أحدث الأجهزة والمعدات؛ لا H1 داخل جسم المقالة (ووردبريس عادةً يعرض العنوان كـ H1 من القالب)؛ Schema JSON-LD مضمّن داخل المحتوى؛ نفس الصورة البارزة مستخدمة على 281 عنصراً (ID 2585),,,كل ما تحتاج معرفته عن إصلاح تسرب المياه في ال{LOC} 2026 | علامات تحتاج فيها إصلاح تسرب المياه في ال{LOC} فورا | الأسباب الجذرية لمشكلات إصلاح تسرب المياه في ال{LOC} وكيف يشخصها الخبراء | كيف تتم إصلاح تسرب المياه في ال{LOC} خطوة بخطوة بأيدي متخصصين | أخطاء شائعة يقع فيها أصحاب المنازل عند طلب إصلاح تسرب المياه في ال{LOC} | خدمات ماكس آرت + جدول الأسعار التقريبية ل إصلاح تسرب المياه في ال{LOC} | الأسئلة الشائعة عن إصلاح تسرب المياه في ال{LOC} — إجابات خبراء ماكس آرت | لماذا ماكس آرت هي الخيار الأول ل إصلاح تسرب المياه في ال{LOC}؟
2881,post,شركة كشف تسربات التكييف في مويلح,https://max-art-ae.com/shrkh-kshf-tsrbat-altkyyf-fy-mwylh/,2026-09-11,1333,0,8,14,كشف/إصلاح تسربات,كشف/إصلاح تسربات,14,2585,قالب/نصوص نمطية | لا H1 في جسم المحتوى | صورة بارزة مكررة على نطاق واسع,عبارات نمطية: كتب هذا المقال؛ آخر تحديث؛ مراجعة:؛ فريق ماكس آرت؛ هي خدمة متخصصة تُقدّمها؛ باستخدام أحدث الأجهزة والمعدات؛ لا H1 داخل جسم المقالة (ووردبريس عادةً يعرض العنوان كـ H1 من القالب)؛ Schema JSON-LD مضمّن داخل المحتوى؛ نفس الصورة البارزة مستخدمة على 281 عنصراً (ID 2585),,,كل ما تحتاج معرفته عن كشف تسربات التكييف في مويلح 2026 | علامات تحتاج فيها كشف تسربات التكييف في مويلح فورا | الأسباب الجذرية لمشكلات كشف تسربات التكييف في مويلح وكيف يشخصها الخبراء | كيف تتم كشف تسربات التكييف في مويلح خطوة بخطوة بأيدي متخصصين | أخطاء شائعة يقع فيها أصحاب المنازل عند طلب كشف تسربات التكييف في مويلح | خدمات ماكس آرت + جدول الأسعار التقريبية ل كشف تسربات التكييف في مويلح | الأسئلة الشائعة عن كشف تسربات التكييف في مويلح — إجابات خبراء ماكس آرت | لماذا ماكس آرت هي الخيار الأول ل كشف تسربات التكييف في مويلح؟
2862,post,شركة كشف تسربات التكييف في الورقاء,https://max-art-ae.com/shrkh-kshf-tsrbat-altkyyf-fy-alwrqa/,2026-09-11,1333,0,8,14,كشف/إصلاح تسربات,كشف/إصلاح تسربات,13,2585,قالب/نصوص نمطية | لا H1 في جسم المحتوى | صورة بارزة مكررة على نطاق واسع | محتوى مكرر/متشابه | تآكل كلمات مفتاحية,عبارات نمطية: كتب هذا المقال؛ آخر تحديث؛ مراجعة:؛ فريق ماكس آرت؛ هي خدمة متخصصة تُقدّمها؛ باستخدام أحدث الأجهزة والمعدات؛ لا H1 داخل جسم المقالة (ووردبريس عادةً يعرض العنوان كـ H1 من القالب)؛ نفس الصورة البارزة مستخدمة على 281 عنصراً (ID 2585)؛ متشابه جداً مع مقالات أخرى في DUP-002 (23)؛ 23 مقالات تتنافس على نية شبه مطابقة,DUP-002 (23),CAN-002 (23),كل ما تحتاج معرفته عن كشف تسربات التكييف في {LOC} 2026 | علامات تحتاج فيها كشف تسربات التكييف في {LOC} فورا | الأسباب الجذرية لمشكلات كشف تسربات التكييف في {LOC} وكيف يشخصها الخبراء | كيف تتم كشف تسربات التكييف في {LOC} خطوة بخطوة بأيدي متخصصين | أخطاء شائعة يقع فيها أصحاب المنازل عند طلب كشف تسربات التكييف في {LOC} | خدمات ماكس آرت + جدول الأسعار التقريبية ل كشف تسربات التكييف في {LOC} | الأسئلة الشائعة عن كشف تسربات التكييف في {LOC} — إجابات خبراء ماكس آرت | لماذا ماكس آرت هي الخيار الأول ل كشف تسربات التكييف في {LOC}؟
2848,post,شركة كشف تسربات التكييف في عجمان,https://max-art-ae.com/shrkh-kshf-tsrbat-altkyyf-fy-ajman/,2026-09-11,1333,0,8,14,كشف/إصلاح تسربات,كشف/إصلاح تسربات,13,2585,قالب/نصوص نمطية | لا H1 في جسم المحتوى | صورة بارزة مكررة على نطاق واسع | محتوى مكرر/متشابه | تآكل كلمات مفتاحية,عبارات نمطية: كتب هذا المقال؛ آخر تحديث؛ مراجعة:؛ فريق ماكس آرت؛ هي خدمة متخصصة تُقدّمها؛ باستخدام أحدث الأجهزة والمعدات؛ لا H1 داخل جسم المقالة (ووردبريس عادةً يعرض العنوان كـ H1 من القالب)؛ نفس الصورة البارزة مستخدمة على 281 عنصراً (ID 2585)؛ متشابه جداً مع مقالات أخرى في DUP-002 (23)؛ 23 مقالات تتنافس على نية شبه مطابقة,DUP-002 (23),CAN-002 (23),كل ما تحتاج معرفته عن كشف تسربات التكييف في {LOC} 2026 | علامات تحتاج فيها كشف تسربات التكييف في {LOC} فورا | الأسباب الجذرية لمشكلات كشف تسربات التكييف في {LOC} وكيف يشخصها الخبراء | كيف تتم كشف تسربات التكييف في {LOC} خطوة بخطوة بأيدي متخصصين | أخطاء شائعة يقع فيها أصحاب المنازل عند طلب كشف تسربات التكييف في {LOC} | خدمات ماكس آرت + جدول الأسعار التقريبية ل كشف تسربات التكييف في {LOC} | الأسئلة الشائعة عن كشف تسربات التكييف في {LOC} — إجابات خبراء ماكس آرت | لماذا ماكس آرت هي الخيار الأول ل كشف تسربات التكييف في {LOC}؟
2845,post,شركة كشف تسربات التكييف في أبوظبي,https://max-art-ae.com/shrkh-kshf-tsrbat-altkyyf-fy-abwzby/,2026-09-11,1333,0,8,14,كشف/إصلاح تسربات,كشف/إصلاح تسربات,13,2585,قالب/نصوص نمطية | لا H1 في جسم المحتوى | صورة بارزة مكررة على نطاق واسع | محتوى مكرر/متشابه | تآكل كلمات مفتاحية,عبارات نمطية: كتب هذا المقال؛ آخر تحديث؛ مراجعة:؛ فريق ماكس آرت؛ هي خدمة متخصصة تُقدّمها؛ باستخدام أحدث الأجهزة والمعدات؛ لا H1 داخل جسم المقالة (ووردبريس عادةً يعرض العنوان كـ H1 من القالب)؛ نفس الصورة البارزة مستخدمة على 281 عنصراً (ID 2585)؛ متشابه جداً مع مقالات أخرى في DUP-002 (23)؛ 23 مقالات تتنافس على نية شبه مطابقة,DUP-002 (23),CAN-002 (23),كل ما تحتاج معرفته عن كشف تسربات التكييف في {LOC} 2026 | علامات تحتاج فيها كشف تسربات التكييف في {LOC} فورا | الأسباب الجذرية لمشكلات كشف تسربات التكييف في {LOC} وكيف يشخصها الخبراء | كيف تتم كشف تسربات التكييف في {LOC} خطوة بخطوة بأيدي متخصصين | أخطاء شائعة يقع فيها أصحاب المنازل عند طلب كشف تسربات التكييف في {LOC} | خدمات ماكس آرت + جدول الأسعار التقريبية ل كشف تسربات التكييف في {LOC} | الأسئلة الشائعة عن كشف تسربات التكييف في {LOC} — إجابات خبراء ماكس آرت | لماذا ماكس آرت هي الخيار الأول ل كشف تسربات التكييف في {LOC}؟
2826,post,شركة كشف تسربات الغاز في السيوح,https://max-art-ae.com/shrkh-kshf-tsrbat-alghaz-fy-alsywh/,2026-09-11,1333,0,8,14,كشف/إصلاح تسربات,كشف/إصلاح تسربات,14,2585,قالب/نصوص نمطية | لا H1 في جسم المحتوى | صورة بارزة مكررة على نطاق واسع,عبارات نمطية: كتب هذا المقال؛ آخر تحديث؛ مراجعة:؛ فريق ماكس آرت؛ هي خدمة متخصصة تُقدّمها؛ باستخدام أحدث الأجهزة والمعدات؛ لا H1 داخل جسم المقالة (ووردبريس عادةً يعرض العنوان كـ H1 من القالب)؛ نفس الصورة البارزة مستخدمة على 281 عنصراً (ID 2585),,,كل ما تحتاج معرفته عن كشف تسربات الغاز في السيوح 2026 | علامات تحتاج فيها كشف تسربات الغاز في السيوح فورا | الأسباب الجذرية لمشكلات كشف تسربات الغاز في السيوح وكيف يشخصها الخبراء | كيف تتم كشف تسربات الغاز في السيوح خطوة بخطوة بأيدي متخصصين | أخطاء شائعة يقع فيها أصحاب المنازل عند طلب كشف تسربات الغاز في السيوح | خدمات ماكس آرت + جدول الأسعار التقريبية ل كشف تسربات الغاز في السيوح | الأسئلة الشائعة عن كشف تسربات الغاز في السيوح — إجابات خبراء ماكس آرت | لماذا ماكس آرت هي الخيار الأول ل كشف تسربات الغاز في السيوح؟
2825,post,شركة كشف تسربات الغاز في الرحمانية,https://max-art-ae.com/shrkh-kshf-tsrbat-alghaz-fy-alrhmanyh/,2026-09-11,1333,0,8,14,كشف/إصلاح تسربات,كشف/إصلاح تسربات,13,2585,قالب/نصوص نمطية | لا H1 في جسم المحتوى | صورة بارزة مكررة على نطاق واسع,عبارات نمطية: كتب هذا المقال؛ آخر تحديث؛ مراجعة:؛ فريق ماكس آرت؛ هي خدمة متخصصة تُقدّمها؛ باستخدام أحدث الأجهزة والمعدات؛ لا H1 داخل جسم المقالة (ووردبريس عادةً يعرض العنوان كـ H1 من القالب)؛ نفس الصورة البارزة مستخدمة على 281 عنصراً (ID 2585),,,كل ما تحتاج معرفته عن كشف تسربات الغاز في الرحمانية 2026 | علامات تحتاج فيها كشف تسربات الغاز في الرحمانية فورا | الأسباب الجذرية لمشكلات كشف تسربات الغاز في الرحمانية وكيف يشخصها الخبراء | كيف تتم كشف تسربات الغاز في الرحمانية خطوة بخطوة بأيدي متخصصين | أخطاء شائعة يقع فيها أصحاب المنازل عند طلب كشف تسربات الغاز في الرحمانية | خدمات ماكس آرت + جدول الأسعار التقريبية ل كشف تسربات الغاز في الرحمانية | الأسئلة الشائعة عن كشف تسربات الغاز في الرحمانية — إجابات خبراء ماكس آرت | لماذا ماكس آرت هي الخيار الأول ل كشف تسربات الغاز في الرحمانية؟
2712,post,شركة كشف تسربات المياه في الصاروج,https://max-art-ae.com/shrkh-kshf-tsrbat-almyah-fy-alsarwj/,2026-09-11,1333,0,8,14,كشف/إصلاح تسربات,كشف/إصلاح تسربات,16,2585,قالب/نصوص نمطية | لا H1 في جسم المحتوى | صورة بارزة مكررة على نطاق واسع,عبارات نمطية: كتب هذا المقال؛ آخر تحديث؛ مراجعة:؛ فريق ماكس آرت؛ هي خدمة متخصصة تُقدّمها؛ باستخدام أحدث الأجهزة والمعدات؛ لا H1 داخل جسم المقالة (ووردبريس عادةً يعرض العنوان كـ H1 من القالب)؛ نفس الصورة البارزة مستخدمة على 281 عنصراً (ID 2585),,,كل ما تحتاج معرفته عن كشف تسربات المياه في الصاروج 2026 | علامات تحتاج فيها كشف تسربات المياه في الصاروج فورا | الأسباب الجذرية لمشكلات كشف تسربات المياه في الصاروج وكيف يشخصها الخبراء | كيف تتم كشف تسربات المياه في الصاروج خطوة بخطوة بأيدي متخصصين | أخطاء شائعة يقع فيها أصحاب المنازل عند طلب كشف تسربات المياه في الصاروج | خدمات ماكس آرت + جدول الأسعار التقريبية ل كشف تسربات المياه في الصاروج | الأسئلة الشائعة عن كشف تسربات المياه في الصاروج — إجابات خبراء ماكس آرت | لماذا ماكس آرت هي الخيار الأول ل كشف تسربات المياه في الصاروج؟
2938,post,شركة إصلاح تسرب المياه في الحميدية,https://max-art-ae.com/shrkh-aslah-tsrb-almyah-fy-alhmydyh/,2026-09-11,1332,0,8,14,كشف/إصلاح تسربات,كشف/إصلاح تسربات,14,2585,قالب/نصوص نمطية | لا H1 في جسم المحتوى | صورة بارزة مكررة على نطاق واسع | محتوى مكرر/متشابه | تآكل كلمات مفتاحية,عبارات نمطية: كتب هذا المقال؛ آخر تحديث؛ مراجعة:؛ فريق ماكس آرت؛ هي خدمة متخصصة تُقدّمها؛ باستخدام أحدث الأجهزة والمعدات؛ لا H1 داخل جسم المقالة (ووردبريس عادةً يعرض العنوان كـ H1 من القالب)؛ نفس الصورة البارزة مستخدمة على 281 عنصراً (ID 2585)؛ متشابه جداً مع مقالات أخرى في DUP-001 (23)؛ 23 مقالات تتنافس على نية شبه مطابقة,DUP-001 (23),CAN-001 (23),كل ما تحتاج معرفته عن إصلاح تسرب المياه في {LOC} 2026 | علامات تحتاج فيها إصلاح تسرب المياه في {LOC} فورا | الأسباب الجذرية لمشكلات إصلاح تسرب المياه في {LOC} وكيف يشخصها الخبراء | كيف تتم إصلاح تسرب المياه في {LOC} خطوة بخطوة بأيدي متخصصين | أخطاء شائعة يقع فيها أصحاب المنازل عند طلب إصلاح تسرب المياه في {LOC} | خدمات ماكس آرت + جدول الأسعار التقريبية ل إصلاح تسرب المياه في {LOC} | الأسئلة الشائعة عن إصلاح تسرب المياه في {LOC} — إجابات خبراء ماكس آرت | لماذا ماكس آرت هي الخيار الأول ل إصلاح تسرب المياه في {LOC}؟
2916,post,شركة إصلاح تسرب المياه في الورقاء,https://max-art-ae.com/shrkh-aslah-tsrb-almyah-fy-alwrqa/,2026-09-11,1332,0,8,14,كشف/إصلاح تسربات,كشف/إصلاح تسربات,16,2585,قالب/نصوص نمطية | لا H1 في جسم المحتوى | صورة بارزة مكررة على نطاق واسع | محتوى مكرر/متشابه | تآكل كلمات مفتاحية,عبارات نمطية: كتب هذا المقال؛ آخر تحديث؛ مراجعة:؛ فريق ماكس آرت؛ هي خدمة متخصصة تُقدّمها؛ باستخدام أحدث الأجهزة والمعدات؛ لا H1 داخل جسم المقالة (ووردبريس عادةً يعرض العنوان كـ H1 من القالب)؛ نفس الصورة البارزة مستخدمة على 281 عنصراً (ID 2585)؛ متشابه جداً مع مقالات أخرى في DUP-001 (23)؛ 23 مقالات تتنافس على نية شبه مطابقة,DUP-001 (23),CAN-001 (23),كل ما تحتاج معرفته عن إصلاح تسرب المياه في {LOC} 2026 | علامات تحتاج فيها إصلاح تسرب المياه في {LOC} فورا | الأسباب الجذرية لمشكلات إصلاح تسرب المياه في {LOC} وكيف يشخصها الخبراء | كيف تتم إصلاح تسرب المياه في {LOC} خطوة بخطوة بأيدي متخصصين | أخطاء شائعة يقع فيها أصحاب المنازل عند طلب إصلاح تسرب المياه في {LOC} | خدمات ماكس آرت + جدول الأسعار التقريبية ل إصلاح تسرب المياه في {LOC} | الأسئلة الشائعة عن إصلاح تسرب المياه في {LOC} — إجابات خبراء ماكس آرت | لماذا ماكس آرت هي الخيار الأول ل إصلاح تسرب المياه في {LOC}؟
2910,post,شركة إصلاح تسرب المياه في ديرة,https://max-art-ae.com/shrkh-aslah-tsrb-almyah-fy-dyrh/,2026-09-11,1332,0,8,14,كشف/إصلاح تسربات,كشف/إصلاح تسربات,14,2585,قالب/نصوص نمطية | لا H1 في جسم المحتوى | صورة بارزة مكررة على نطاق واسع | محتوى مكرر/متشابه | تآكل كلمات مفتاحية,عبارات نمطية: كتب هذا المقال؛ آخر تحديث؛ مراجعة:؛ فريق ماكس آرت؛ هي خدمة متخصصة تُقدّمها؛ باستخدام أحدث الأجهزة والمعدات؛ لا H1 داخل جسم المقالة (ووردبريس عادةً يعرض العنوان كـ H1 من القالب)؛ Schema JSON-LD مضمّن داخل المحتوى؛ نفس الصورة البارزة مستخدمة على 281 عنصراً (ID 2585)؛ متشابه جداً مع مقالات أخرى في DUP-001 (23)؛ 23 مقالات تتنافس على نية شبه مطابقة,DUP-001 (23),CAN-001 (23),كل ما تحتاج معرفته عن إصلاح تسرب المياه في {LOC} 2026 | علامات تحتاج فيها إصلاح تسرب المياه في {LOC} فورا | الأسباب الجذرية لمشكلات إصلاح تسرب المياه في {LOC} وكيف يشخصها الخبراء | كيف تتم إصلاح تسرب المياه في {LOC} خطوة بخطوة بأيدي متخصصين | أخطاء شائعة يقع فيها أصحاب المنازل عند طلب إصلاح تسرب المياه في {LOC} | خدمات ماكس آرت + جدول الأسعار التقريبية ل إصلاح تسرب المياه في {LOC} | الأسئلة الشائعة عن إصلاح تسرب المياه في {LOC} — إجابات خبراء ماكس آرت | لماذا ماكس آرت هي الخيار الأول ل إصلاح تسرب المياه في {LOC}؟
2830,post,شركة كشف تسربات الغاز في الحميدية,https://max-art-ae.com/shrkh-kshf-tsrbat-alghaz-fy-alhmydyh/,2026-09-11,1332,0,8,14,كشف/إصلاح تسربات,كشف/إصلاح تسربات,16,2585,قالب/نصوص نمطية | لا H1 في جسم المحتوى | صورة بارزة مكررة على نطاق واسع | محتوى مكرر/متشابه | تآكل كلمات مفتاحية,عبارات نمطية: كتب هذا المقال؛ آخر تحديث؛ مراجعة:؛ فريق ماكس آرت؛ هي خدمة متخصصة تُقدّمها؛ باستخدام أحدث الأجهزة والمعدات؛ لا H1 داخل جسم المقالة (ووردبريس عادةً يعرض العنوان كـ H1 من القالب)؛ نفس الصورة البارزة مستخدمة على 281 عنصراً (ID 2585)؛ متشابه جداً مع مقالات أخرى في DUP-003 (23)؛ 23 مقالات تتنافس على نية شبه مطابقة,DUP-003 (23),CAN-003 (23),كل ما تحتاج معرفته عن كشف تسربات الغاز في {LOC} 2026 | علامات تحتاج فيها كشف تسربات الغاز في {LOC} فورا | الأسباب الجذرية لمشكلات كشف تسربات الغاز في {LOC} وكيف يشخصها الخبراء | كيف تتم كشف تسربات الغاز في {LOC} خطوة بخطوة بأيدي متخصصين | أخطاء شائعة يقع فيها أصحاب المنازل عند طلب كشف تسربات الغاز في {LOC} | خدمات ماكس آرت + جدول الأسعار التقريبية ل كشف تسربات الغاز في {LOC} | الأسئلة الشائعة عن كشف تسربات الغاز في {LOC} — إجابات خبراء ماكس آرت | لماذا ماكس آرت هي الخيار الأول ل كشف تسربات الغاز في {LOC}؟
2824,post,شركة كشف تسربات الغاز في اليرموك,https://max-art-ae.com/shrkh-kshf-tsrbat-alghaz-fy-alyrmwk/,2026-09-11,1332,0,8,14,كشف/إصلاح تسربات,كشف/إصلاح تسربات,16,2585,قالب/نصوص نمطية | لا H1 في جسم المحتوى | صورة بارزة مكررة على نطاق واسع,عبارات نمطية: كتب هذا المقال؛ آخر تحديث؛ مراجعة:؛ فريق ماكس آرت؛ هي خدمة متخصصة تُقدّمها؛ باستخدام أحدث الأجهزة والمعدات؛ لا H1 داخل جسم المقالة (ووردبريس عادةً يعرض العنوان كـ H1 من القالب)؛ نفس الصورة البارزة مستخدمة على 281 عنصراً (ID 2585),,,كل ما تحتاج معرفته عن كشف تسربات الغاز في اليرموك 2026 | علامات تحتاج فيها كشف تسربات الغاز في اليرموك فورا | الأسباب الجذرية لمشكلات كشف تسربات الغاز في اليرموك وكيف يشخصها الخبراء | كيف تتم كشف تسربات الغاز في اليرموك خطوة بخطوة بأيدي متخصصين | أخطاء شائعة يقع فيها أصحاب المنازل عند طلب كشف تسربات الغاز في اليرموك | خدمات ماكس آرت + جدول الأسعار التقريبية ل كشف تسربات الغاز في اليرموك | الأسئلة الشائعة عن كشف تسربات الغاز في اليرموك — إجابات خبراء ماكس آرت | لماذا ماكس آرت هي الخيار الأول ل كشف تسربات الغاز في اليرموك؟
2823,post,شركة كشف تسربات الغاز في النهضة,https://max-art-ae.com/shrkh-kshf-tsrbat-alghaz-fy-alnhdh/,2026-09-11,1332,0,8,14,كشف/إصلاح تسربات,كشف/إصلاح تسربات,15,2585,قالب/نصوص نمطية | لا H1 في جسم المحتوى | صورة بارزة مكررة على نطاق واسع,عبارات نمطية: كتب هذا المقال؛ آخر تحديث؛ مراجعة:؛ فريق ماكس آرت؛ هي خدمة متخصصة تُقدّمها؛ باستخدام أحدث الأجهزة والمعدات؛ لا H1 داخل جسم المقالة (ووردبريس عادةً يعرض العنوان كـ H1 من القالب)؛ نفس الصورة البارزة مستخدمة على 281 عنصراً (ID 2585),,,كل ما تحتاج معرفته عن كشف تسربات الغاز في النهضة 2026 | علامات تحتاج فيها كشف تسربات الغاز في النهضة فورا | الأسباب الجذرية لمشكلات كشف تسربات الغاز في النهضة وكيف يشخصها الخبراء | كيف تتم كشف تسربات الغاز في النهضة خطوة بخطوة بأيدي متخصصين | أخطاء شائعة يقع فيها أصحاب المنازل عند طلب كشف تسربات الغاز في النهضة | خدمات ماكس آرت + جدول الأسعار التقريبية ل كشف تسربات الغاز في النهضة | الأسئلة الشائعة عن كشف تسربات الغاز في النهضة — إجابات خبراء ماكس آرت | لماذا ماكس آرت هي الخيار الأول ل كشف تسربات الغاز في النهضة؟
2822,post,شركة كشف تسربات الغاز في التعاون,https://max-art-ae.com/shrkh-kshf-tsrbat-alghaz-fy-altaawn/,2026-09-11,1332,0,8,14,كشف/إصلاح تسربات,كشف/إصلاح تسربات,18,2585,قالب/نصوص نمطية | لا H1 في جسم المحتوى | صورة بارزة مكررة على نطاق واسع,عبارات نمطية: كتب هذا المقال؛ آخر تحديث؛ مراجعة:؛ فريق ماكس آرت؛ هي خدمة متخصصة تُقدّمها؛ باستخدام أحدث الأجهزة والمعدات؛ لا H1 داخل جسم المقالة (ووردبريس عادةً يعرض العنوان كـ H1 من القالب)؛ Schema JSON-LD مضمّن داخل المحتوى؛ نفس الصورة البارزة مستخدمة على 281 عنصراً (ID 2585),,,كل ما تحتاج معرفته عن كشف تسربات الغاز في التعاون 2026 | علامات تحتاج فيها كشف تسربات الغاز في التعاون فورا | الأسباب الجذرية لمشكلات كشف تسربات الغاز في التعاون وكيف يشخصها الخبراء | كيف تتم كشف تسربات الغاز في التعاون خطوة بخطوة بأيدي متخصصين | أخطاء شائعة يقع فيها أصحاب المنازل عند طلب كشف تسربات الغاز في التعاون | خدمات ماكس آرت + جدول الأسعار التقريبية ل كشف تسربات الغاز في التعاون | الأسئلة الشائعة عن كشف تسربات الغاز في التعاون — إجابات خبراء ماكس آرت | لماذا ماكس آرت هي الخيار الأول ل كشف تسربات الغاز في التعاون؟
2818,post,شركة كشف تسربات الغاز في اليحر,https://max-art-ae.com/shrkh-kshf-tsrbat-alghaz-fy-alyhr/,2026-09-11,1332,0,8,14,كشف/إصلاح تسربات,كشف/إصلاح تسربات,13,2585,قالب/نصوص نمطية | لا H1 في جسم المحتوى | صورة بارزة مكررة على نطاق واسع,عبارات نمطية: كتب هذا المقال؛ آخر تحديث؛ مراجعة:؛ فريق ماكس آرت؛ هي خدمة متخصصة تُقدّمها؛ باستخدام أحدث الأجهزة والمعدات؛ لا H1 داخل جسم المقالة (ووردبريس عادةً يعرض العنوان كـ H1 من القالب)؛ نفس الصورة البارزة مستخدمة على 281 عنصراً (ID 2585),,,كل ما تحتاج معرفته عن كشف تسربات الغاز في اليحر 2026 | علامات تحتاج فيها كشف تسربات الغاز في اليحر فورا | الأسباب الجذرية لمشكلات كشف تسربات الغاز في اليحر وكيف يشخصها الخبراء | كيف تتم كشف تسربات الغاز في اليحر خطوة بخطوة بأيدي متخصصين | أخطاء شائعة يقع فيها أصحاب المنازل عند طلب كشف تسربات الغاز في اليحر | خدمات ماكس آرت + جدول الأسعار التقريبية ل كشف تسربات الغاز في اليحر | الأسئلة الشائعة عن كشف تسربات الغاز في اليحر — إجابات خبراء ماكس آرت | لماذا ماكس آرت هي الخيار الأول ل كشف تسربات الغاز في اليحر؟
2724,post,شركة كشف تسربات المياه في النعيمية,https://max-art-ae.com/shrkh-kshf-tsrbat-almyah-fy-alnaymyh/,2026-09-11,1332,0,8,14,كشف/إصلاح تسربات,كشف/إصلاح تسربات,16,2585,قالب/نصوص نمطية | لا H1 في جسم المحتوى | صورة بارزة مكررة على نطاق واسع | محتوى مكرر/متشابه | تآكل كلمات مفتاحية,عبارات نمطية: كتب هذا المقال؛ آخر تحديث؛ مراجعة:؛ فريق ماكس آرت؛ هي خدمة متخصصة تُقدّمها؛ باستخدام أحدث الأجهزة والمعدات؛ لا H1 داخل جسم المقالة (ووردبريس عادةً يعرض العنوان كـ H1 من القالب)؛ نفس الصورة البارزة مستخدمة على 281 عنصراً (ID 2585)؛ متشابه جداً مع مقالات أخرى في DUP-005 (23)؛ 23 مقالات تتنافس على نية شبه مطابقة,DUP-005 (23),CAN-005 (23),كل ما تحتاج معرفته عن كشف تسربات المياه في {LOC} 2026 | علامات تحتاج فيها كشف تسربات المياه في {LOC} فورا | الأسباب الجذرية لمشكلات كشف تسربات المياه في {LOC} وكيف يشخصها الخبراء | كيف تتم كشف تسربات المياه في {LOC} خطوة بخطوة بأيدي متخصصين | أخطاء شائعة يقع فيها أصحاب المنازل عند طلب كشف تسربات المياه في {LOC} | خدمات ماكس آرت + جدول الأسعار التقريبية ل كشف تسربات المياه في {LOC} | الأسئلة الشائعة عن كشف تسربات المياه في {LOC} — إجابات خبراء ماكس آرت | لماذا ماكس آرت هي الخيار الأول ل كشف تسربات المياه في {LOC}؟
2716,post,شركة كشف تسربات المياه في اليرموك,https://max-art-ae.com/shrkh-kshf-tsrbat-almyah-fy-alyrmwk/,2026-09-11,1332,0,8,14,كشف/إصلاح تسربات,كشف/إصلاح تسربات,14,2585,قالب/نصوص نمطية | لا H1 في جسم المحتوى | صورة بارزة مكررة على نطاق واسع,عبارات نمطية: كتب هذا المقال؛ آخر تحديث؛ مراجعة:؛ فريق ماكس آرت؛ هي خدمة متخصصة تُقدّمها؛ باستخدام أحدث الأجهزة والمعدات؛ لا H1 داخل جسم المقالة (ووردبريس عادةً يعرض العنوان كـ H1 من القالب)؛ نفس الصورة البارزة مستخدمة على 281 عنصراً (ID 2585),,,كل ما تحتاج معرفته عن كشف تسربات المياه في اليرموك 2026 | علامات تحتاج فيها كشف تسربات المياه في اليرموك فورا | الأسباب الجذرية لمشكلات كشف تسربات المياه في اليرموك وكيف يشخصها الخبراء | كيف تتم كشف تسربات المياه في اليرموك خطوة بخطوة بأيدي متخصصين | أخطاء شائعة يقع فيها أصحاب المنازل عند طلب كشف تسربات المياه في اليرموك | خدمات ماكس آرت + جدول الأسعار التقريبية ل كشف تسربات المياه في اليرموك | الأسئلة الشائعة عن كشف تسربات المياه في اليرموك — إجابات خبراء ماكس آرت | لماذا ماكس آرت هي الخيار الأول ل كشف تسربات المياه في اليرموك؟
2715,post,شركة كشف تسربات المياه في النهضة,https://max-art-ae.com/shrkh-kshf-tsrbat-almyah-fy-alnhdh/,2026-09-11,1332,0,8,14,كشف/إصلاح تسربات,كشف/إصلاح تسربات,13,2585,قالب/نصوص نمطية | لا H1 في جسم المحتوى | صورة بارزة مكررة على نطاق واسع,عبارات نمطية: كتب هذا المقال؛ آخر تحديث؛ مراجعة:؛ فريق ماكس آرت؛ هي خدمة متخصصة تُقدّمها؛ باستخدام أحدث الأجهزة والمعدات؛ لا H1 داخل جسم المقالة (ووردبريس عادةً يعرض العنوان كـ H1 من القالب)؛ نفس الصورة البارزة مستخدمة على 281 عنصراً (ID 2585),,,كل ما تحتاج معرفته عن كشف تسربات المياه في النهضة 2026 | علامات تحتاج فيها كشف تسربات المياه في النهضة فورا | الأسباب الجذرية لمشكلات كشف تسربات المياه في النهضة وكيف يشخصها الخبراء | كيف تتم كشف تسربات المياه في النهضة خطوة بخطوة بأيدي متخصصين | أخطاء شائعة يقع فيها أصحاب المنازل عند طلب كشف تسربات المياه في النهضة | خدمات ماكس آرت + جدول الأسعار التقريبية ل كشف تسربات المياه في النهضة | الأسئلة الشائعة عن كشف تسربات المياه في النهضة — إجابات خبراء ماكس آرت | لماذا ماكس آرت هي الخيار الأول ل كشف تسربات المياه في النهضة؟
2708,post,شركة كشف تسربات المياه في الشهامة,https://max-art-ae.com/shrkh-kshf-tsrbat-almyah-fy-alshhamh/,2026-09-11,1332,0,8,14,كشف/إصلاح تسربات,كشف/إصلاح تسربات,15,2585,قالب/نصوص نمطية | لا H1 في جسم المحتوى | صورة بارزة مكررة على نطاق واسع,عبارات نمطية: كتب هذا المقال؛ آخر تحديث؛ مراجعة:؛ فريق ماكس آرت؛ هي خدمة متخصصة تُقدّمها؛ باستخدام أحدث الأجهزة والمعدات؛ لا H1 داخل جسم المقالة (ووردبريس عادةً يعرض العنوان كـ H1 من القالب)؛ Schema JSON-LD مضمّن داخل المحتوى؛ نفس الصورة البارزة مستخدمة على 281 عنصراً (ID 2585),,,كل ما تحتاج معرفته عن كشف تسربات المياه في الشهامة 2026 | علامات تحتاج فيها كشف تسربات المياه في الشهامة فورا | الأسباب الجذرية لمشكلات كشف تسربات المياه في الشهامة وكيف يشخصها الخبراء | كيف تتم كشف تسربات المياه في الشهامة خطوة بخطوة بأيدي متخصصين | أخطاء شائعة يقع فيها أصحاب المنازل عند طلب كشف تسربات المياه في الشهامة | خدمات ماكس آرت + جدول الأسعار التقريبية ل كشف تسربات المياه في الشهامة | الأسئلة الشائعة عن كشف تسربات المياه في الشهامة — إجابات خبراء ماكس آرت | لماذا ماكس آرت هي الخيار الأول ل كشف تسربات المياه في الشهامة؟
2884,post,شركة كشف تسربات التكييف في الحميدية,https://max-art-ae.com/shrkh-kshf-tsrbat-altkyyf-fy-alhmydyh/,2026-09-11,1331,0,8,14,كشف/إصلاح تسربات,كشف/إصلاح تسربات,15,2585,قالب/نصوص نمطية | لا H1 في جسم المحتوى | صورة بارزة مكررة على نطاق واسع | محتوى مكرر/متشابه | تآكل كلمات مفتاحية,عبارات نمطية: كتب هذا المقال؛ آخر تحديث؛ مراجعة:؛ فريق ماكس آرت؛ هي خدمة متخصصة تُقدّمها؛ باستخدام أحدث الأجهزة والمعدات؛ لا H1 داخل جسم المقالة (ووردبريس عادةً يعرض العنوان كـ H1 من القالب)؛ Schema JSON-LD مضمّن داخل المحتوى؛ نفس الصورة البارزة مستخدمة على 281 عنصراً (ID 2585)؛ متشابه جداً مع مقالات أخرى في DUP-002 (23)؛ 23 مقالات تتنافس على نية شبه مطابقة,DUP-002 (23),CAN-002 (23),كل ما تحتاج معرفته عن كشف تسربات التكييف في {LOC} 2026 | علامات تحتاج فيها كشف تسربات التكييف في {LOC} فورا | الأسباب الجذرية لمشكلات كشف تسربات التكييف في {LOC} وكيف يشخصها الخبراء | كيف تتم كشف تسربات التكييف في {LOC} خطوة بخطوة بأيدي متخصصين | أخطاء شائعة يقع فيها أصحاب المنازل عند طلب كشف تسربات التكييف في {LOC} | خدمات ماكس آرت + جدول الأسعار التقريبية ل كشف تسربات التكييف في {LOC} | الأسئلة الشائعة عن كشف تسربات التكييف في {LOC} — إجابات خبراء ماكس آرت | لماذا ماكس آرت هي الخيار الأول ل كشف تسربات التكييف في {LOC}؟
2873,post,شركة كشف تسربات التكييف في المقام,https://max-art-ae.com/shrkh-kshf-tsrbat-altkyyf-fy-almqam/,2026-09-11,1331,0,8,14,كشف/إصلاح تسربات,كشف/إصلاح تسربات,14,2585,قالب/نصوص نمطية | لا H1 في جسم المحتوى | صورة بارزة مكررة على نطاق واسع,عبارات نمطية: كتب هذا المقال؛ آخر تحديث؛ مراجعة:؛ فريق ماكس آرت؛ هي خدمة متخصصة تُقدّمها؛ باستخدام أحدث الأجهزة والمعدات؛ لا H1 داخل جسم المقالة (ووردبريس عادةً يعرض العنوان كـ H1 من القالب)؛ نفس الصورة البارزة مستخدمة على 281 عنصراً (ID 2585),,,كل ما تحتاج معرفته عن كشف تسربات التكييف في المقام 2026 | علامات تحتاج فيها كشف تسربات التكييف في المقام فورا | الأسباب الجذرية لمشكلات كشف تسربات التكييف في المقام وكيف يشخصها الخبراء | كيف تتم كشف تسربات التكييف في المقام خطوة بخطوة بأيدي متخصصين | أخطاء شائعة يقع فيها أصحاب المنازل عند طلب كشف تسربات التكييف في المقام | خدمات ماكس آرت + جدول الأسعار التقريبية ل كشف تسربات التكييف في المقام | الأسئلة الشائعة عن كشف تسربات التكييف في المقام — إجابات خبراء ماكس آرت | لماذا ماكس آرت هي الخيار الأول ل كشف تسربات التكييف في المقام؟
2856,post,شركة كشف تسربات التكييف في ديرة,https://max-art-ae.com/shrkh-kshf-tsrbat-altkyyf-fy-dyrh/,2026-09-11,1331,0,8,14,كشف/إصلاح تسربات,كشف/إصلاح تسربات,16,2585,قالب/نصوص نمطية | لا H1 في جسم المحتوى | صورة بارزة مكررة على نطاق واسع | محتوى مكرر/متشابه | تآكل كلمات مفتاحية,عبارات نمطية: كتب هذا المقال؛ آخر تحديث؛ مراجعة:؛ فريق ماكس آرت؛ هي خدمة متخصصة تُقدّمها؛ باستخدام أحدث الأجهزة والمعدات؛ لا H1 داخل جسم المقالة (ووردبريس عادةً يعرض العنوان كـ H1 من القالب)؛ نفس الصورة البارزة مستخدمة على 281 عنصراً (ID 2585)؛ متشابه جداً مع مقالات أخرى في DUP-002 (23)؛ 23 مقالات تتنافس على نية شبه مطابقة,DUP-002 (23),CAN-002 (23),كل ما تحتاج معرفته عن كشف تسربات التكييف في {LOC} 2026 | علامات تحتاج فيها كشف تسربات التكييف في {LOC} فورا | الأسباب الجذرية لمشكلات كشف تسربات التكييف في {LOC} وكيف يشخصها الخبراء | كيف تتم كشف تسربات التكييف في {LOC} خطوة بخطوة بأيدي متخصصين | أخطاء شائعة يقع فيها أصحاب المنازل عند طلب كشف تسربات التكييف في {LOC} | خدمات ماكس آرت + جدول الأسعار التقريبية ل كشف تسربات التكييف في {LOC} | الأسئلة الشائعة عن كشف تسربات التكييف في {LOC} — إجابات خبراء ماكس آرت | لماذا ماكس آرت هي الخيار الأول ل كشف تسربات التكييف في {LOC}؟
2808,post,شركة كشف تسربات الغاز في الورقاء,https://max-art-ae.com/shrkh-kshf-tsrbat-alghaz-fy-alwrqa/,2026-09-11,1331,0,8,14,كشف/إصلاح تسربات,كشف/إصلاح تسربات,16,2585,قالب/نصوص نمطية | لا H1 في جسم المحتوى | صورة بارزة مكررة على نطاق واسع | محتوى مكرر/متشابه | تآكل كلمات مفتاحية,عبارات نمطية: كتب هذا المقال؛ آخر تحديث؛ مراجعة:؛ فريق ماكس آرت؛ هي خدمة متخصصة تُقدّمها؛ باستخدام أحدث الأجهزة والمعدات؛ لا H1 داخل جسم المقالة (ووردبريس عادةً يعرض العنوان كـ H1 من القالب)؛ نفس الصورة البارزة مستخدمة على 281 عنصراً (ID 2585)؛ متشابه جداً مع مقالات أخرى في DUP-003 (23)؛ 23 مقالات تتنافس على نية شبه مطابقة,DUP-003 (23),CAN-003 (23),كل ما تحتاج معرفته عن كشف تسربات الغاز في {LOC} 2026 | علامات تحتاج فيها كشف تسربات الغاز في {LOC} فورا | الأسباب الجذرية لمشكلات كشف تسربات الغاز في {LOC} وكيف يشخصها الخبراء | كيف تتم كشف تسربات الغاز في {LOC} خطوة بخطوة بأيدي متخصصين | أخطاء شائعة يقع فيها أصحاب المنازل عند طلب كشف تسربات الغاز في {LOC} | خدمات ماكس آرت + جدول الأسعار التقريبية ل كشف تسربات الغاز في {LOC} | الأسئلة الشائعة عن كشف تسربات الغاز في {LOC} — إجابات خبراء ماكس آرت | لماذا ماكس آرت هي الخيار الأول ل كشف تسربات الغاز في {LOC}؟
2801,post,شركة كشف تسربات الغاز في حتا,https://max-art-ae.com/shrkh-kshf-tsrbat-alghaz-fy-hta/,2026-09-11,1331,0,8,14,كشف/إصلاح تسربات,كشف/إصلاح تسربات,13,2585,قالب/نصوص نمطية | لا H1 في جسم المحتوى | صورة بارزة مكررة على نطاق واسع,عبارات نمطية: كتب هذا المقال؛ آخر تحديث؛ مراجعة:؛ فريق ماكس آرت؛ هي خدمة متخصصة تُقدّمها؛ باستخدام أحدث الأجهزة والمعدات؛ لا H1 داخل جسم المقالة (ووردبريس عادةً يعرض العنوان كـ H1 من القالب)؛ Schema JSON-LD مضمّن داخل المحتوى؛ نفس الصورة البارزة مستخدمة على 281 عنصراً (ID 2585),,,كل ما تحتاج معرفته عن كشف تسربات الغاز في حتا 2026 | علامات تحتاج فيها كشف تسربات الغاز في حتا فورا | الأسباب الجذرية لمشكلات كشف تسربات الغاز في حتا وكيف يشخصها الخبراء | كيف تتم كشف تسربات الغاز في حتا خطوة بخطوة بأيدي متخصصين | أخطاء شائعة يقع فيها أصحاب المنازل عند طلب كشف تسربات الغاز في حتا | خدمات ماكس آرت + جدول الأسعار التقريبية ل كشف تسربات الغاز في حتا | الأسئلة الشائعة عن كشف تسربات الغاز في حتا — إجابات خبراء ماكس آرت | لماذا ماكس آرت هي الخيار الأول ل كشف تسربات الغاز في حتا؟
2723,post,شركة كشف تسربات المياه في الجرف,https://max-art-ae.com/shrkh-kshf-tsrbat-almyah-fy-aljrf/,2026-09-11,1331,0,8,14,كشف/إصلاح تسربات,كشف/إصلاح تسربات,17,2585,قالب/نصوص نمطية | لا H1 في جسم المحتوى | صورة بارزة مكررة على نطاق واسع | محتوى مكرر/متشابه | تآكل كلمات مفتاحية,عبارات نمطية: كتب هذا المقال؛ آخر تحديث؛ مراجعة:؛ فريق ماكس آرت؛ هي خدمة متخصصة تُقدّمها؛ باستخدام أحدث الأجهزة والمعدات؛ لا H1 داخل جسم المقالة (ووردبريس عادةً يعرض العنوان كـ H1 من القالب)؛ Schema JSON-LD مضمّن داخل المحتوى؛ نفس الصورة البارزة مستخدمة على 281 عنصراً (ID 2585)؛ متشابه جداً مع مقالات أخرى في DUP-005 (23)؛ 23 مقالات تتنافس على نية شبه مطابقة,DUP-005 (23),CAN-005 (23),كل ما تحتاج معرفته عن كشف تسربات المياه في {LOC} 2026 | علامات تحتاج فيها كشف تسربات المياه في {LOC} فورا | الأسباب الجذرية لمشكلات كشف تسربات المياه في {LOC} وكيف يشخصها الخبراء | كيف تتم كشف تسربات المياه في {LOC} خطوة بخطوة بأيدي متخصصين | أخطاء شائعة يقع فيها أصحاب المنازل عند طلب كشف تسربات المياه في {LOC} | خدمات ماكس آرت + جدول الأسعار التقريبية ل كشف تسربات المياه في {LOC} | الأسئلة الشائعة عن كشف تسربات المياه في {LOC} — إجابات خبراء ماكس آرت | لماذا ماكس آرت هي الخيار الأول ل كشف تسربات المياه في {LOC}؟
2722,post,شركة كشف تسربات المياه في الحميدية,https://max-art-ae.com/shrkh-kshf-tsrbat-almyah-fy-alhmydyh/,2026-09-11,1331,0,8,14,كشف/إصلاح تسربات,كشف/إصلاح تسربات,14,2585,قالب/نصوص نمطية | لا H1 في جسم المحتوى | صورة بارزة مكررة على نطاق واسع | محتوى مكرر/متشابه | تآكل كلمات مفتاحية,عبارات نمطية: كتب هذا المقال؛ آخر تحديث؛ مراجعة:؛ فريق ماكس آرت؛ هي خدمة متخصصة تُقدّمها؛ باستخدام أحدث الأجهزة والمعدات؛ لا H1 داخل جسم المقالة (ووردبريس عادةً يعرض العنوان كـ H1 من القالب)؛ Schema JSON-LD مضمّن داخل المحتوى؛ نفس الصورة البارزة مستخدمة على 281 عنصراً (ID 2585)؛ متشابه جداً مع مقالات أخرى في DUP-005 (23)؛ 23 مقالات تتنافس على نية شبه مطابقة,DUP-005 (23),CAN-005 (23),كل ما تحتاج معرفته عن كشف تسربات المياه في {LOC} 2026 | علامات تحتاج فيها كشف تسربات المياه في {LOC} فورا | الأسباب الجذرية لمشكلات كشف تسربات المياه في {LOC} وكيف يشخصها الخبراء | كيف تتم كشف تسربات المياه في {LOC} خطوة بخطوة بأيدي متخصصين | أخطاء شائعة يقع فيها أصحاب المنازل عند طلب كشف تسربات المياه في {LOC} | خدمات ماكس آرت + جدول الأسعار التقريبية ل كشف تسربات المياه في {LOC} | الأسئلة الشائعة عن كشف تسربات المياه في {LOC} — إجابات خبراء ماكس آرت | لماذا ماكس آرت هي الخيار الأول ل كشف تسربات المياه في {LOC}؟
2714,post,شركة كشف تسربات المياه في التعاون,https://max-art-ae.com/shrkh-kshf-tsrbat-almyah-fy-altaawn/,2026-09-11,1331,0,8,14,كشف/إصلاح تسربات,كشف/إصلاح تسربات,13,2585,قالب/نصوص نمطية | لا H1 في جسم المحتوى | صورة بارزة مكررة على نطاق واسع,عبارات نمطية: كتب هذا المقال؛ آخر تحديث؛ مراجعة:؛ فريق ماكس آرت؛ هي خدمة متخصصة تُقدّمها؛ باستخدام أحدث الأجهزة والمعدات؛ لا H1 داخل جسم المقالة (ووردبريس عادةً يعرض العنوان كـ H1 من القالب)؛ نفس الصورة البارزة مستخدمة على 281 عنصراً (ID 2585),,,كل ما تحتاج معرفته عن كشف تسربات المياه في التعاون 2026 | علامات تحتاج فيها كشف تسربات المياه في التعاون فورا | الأسباب الجذرية لمشكلات كشف تسربات المياه في التعاون وكيف يشخصها الخبراء | كيف تتم كشف تسربات المياه في التعاون خطوة بخطوة بأيدي متخصصين | أخطاء شائعة يقع فيها أصحاب المنازل عند طلب كشف تسربات المياه في التعاون | خدمات ماكس آرت + جدول الأسعار التقريبية ل كشف تسربات المياه في التعاون | الأسئلة الشائعة عن كشف تسربات المياه في التعاون — إجابات خبراء ماكس آرت | لماذا ماكس آرت هي الخيار الأول ل كشف تسربات المياه في التعاون؟
2682,post,شركة كشف تسربات المياه في دبي,https://max-art-ae.com/shrkh-kshf-tsrbat-almyah-fy-dby/,2026-09-11,1331,0,8,14,كشف/إصلاح تسربات,كشف/إصلاح تسربات,14,2585,قالب/نصوص نمطية | لا H1 في جسم المحتوى | صورة بارزة مكررة على نطاق واسع | محتوى مكرر/متشابه | تآكل كلمات مفتاحية,عبارات نمطية: كتب هذا المقال؛ آخر تحديث؛ مراجعة:؛ فريق ماكس آرت؛ هي خدمة متخصصة تُقدّمها؛ باستخدام أحدث الأجهزة والمعدات؛ لا H1 داخل جسم المقالة (ووردبريس عادةً يعرض العنوان كـ H1 من القالب)؛ نفس الصورة البارزة مستخدمة على 281 عنصراً (ID 2585)؛ متشابه جداً مع مقالات أخرى في DUP-005 (23)؛ 23 مقالات تتنافس على نية شبه مطابقة,DUP-005 (23),CAN-005 (23),كل ما تحتاج معرفته عن كشف تسربات المياه في {LOC} 2026 | علامات تحتاج فيها كشف تسربات المياه في {LOC} فورا | الأسباب الجذرية لمشكلات كشف تسربات المياه في {LOC} وكيف يشخصها الخبراء | كيف تتم كشف تسربات المياه في {LOC} خطوة بخطوة بأيدي متخصصين | أخطاء شائعة يقع فيها أصحاب المنازل عند طلب كشف تسربات المياه في {LOC} | خدمات ماكس آرت + جدول الأسعار التقريبية ل كشف تسربات المياه في {LOC} | الأسئلة الشائعة عن كشف تسربات المياه في {LOC} — إجابات خبراء ماكس آرت | لماذا ماكس آرت هي الخيار الأول ل كشف تسربات المياه في {LOC}؟
2925,post,شركة إصلاح تسرب المياه في الرحبة,https://max-art-ae.com/shrkh-aslah-tsrb-almyah-fy-alrhbh/,2026-09-11,1330,0,8,14,كشف/إصلاح تسربات,كشف/إصلاح تسربات,13,2585,قالب/نصوص نمطية | لا H1 في جسم المحتوى | صورة بارزة مكررة على نطاق واسع,عبارات نمطية: كتب هذا المقال؛ آخر تحديث؛ مراجعة:؛ فريق ماكس آرت؛ هي خدمة متخصصة تُقدّمها؛ باستخدام أحدث الأجهزة والمعدات؛ لا H1 داخل جسم المقالة (ووردبريس عادةً يعرض العنوان كـ H1 من القالب)؛ نفس الصورة البارزة مستخدمة على 281 عنصراً (ID 2585),,,كل ما تحتاج معرفته عن إصلاح تسرب المياه في الرحبة 2026 | علامات تحتاج فيها إصلاح تسرب المياه في الرحبة فورا | الأسباب الجذرية لمشكلات إصلاح تسرب المياه في الرحبة وكيف يشخصها الخبراء | كيف تتم إصلاح تسرب المياه في الرحبة خطوة بخطوة بأيدي متخصصين | أخطاء شائعة يقع فيها أصحاب المنازل عند طلب إصلاح تسرب المياه في الرحبة | خدمات ماكس آرت + جدول الأسعار التقريبية ل إصلاح تسرب المياه في الرحبة | الأسئلة الشائعة عن إصلاح تسرب المياه في الرحبة — إجابات خبراء ماكس آرت | لماذا ماكس آرت هي الخيار الأول ل إصلاح تسرب المياه في الرحبة؟
2915,post,شركة إصلاح تسرب المياه في الخوانيج,https://max-art-ae.com/shrkh-aslah-tsrb-almyah-fy-alkhwanyj/,2026-09-11,1330,0,8,14,كشف/إصلاح تسربات,كشف/إصلاح تسربات,14,2585,قالب/نصوص نمطية | لا H1 في جسم المحتوى | صورة بارزة مكررة على نطاق واسع,عبارات نمطية: كتب هذا المقال؛ آخر تحديث؛ مراجعة:؛ فريق ماكس آرت؛ هي خدمة متخصصة تُقدّمها؛ باستخدام أحدث الأجهزة والمعدات؛ لا H1 داخل جسم المقالة (ووردبريس عادةً يعرض العنوان كـ H1 من القالب)؛ Schema JSON-LD مضمّن داخل المحتوى؛ نفس الصورة البارزة مستخدمة على 281 عنصراً (ID 2585),,,كل ما تحتاج معرفته عن إصلاح تسرب المياه في الخوانيج 2026 | علامات تحتاج فيها إصلاح تسرب المياه في الخوانيج فورا | الأسباب الجذرية لمشكلات إصلاح تسرب المياه في الخوانيج وكيف يشخصها الخبراء | كيف تتم إصلاح تسرب المياه في الخوانيج خطوة بخطوة بأيدي متخصصين | أخطاء شائعة يقع فيها أصحاب المنازل عند طلب إصلاح تسرب المياه في الخوانيج | خدمات ماكس آرت + جدول الأسعار التقريبية ل إصلاح تسرب المياه في الخوانيج | الأسئلة الشائعة عن إصلاح تسرب المياه في الخوانيج — إجابات خبراء ماكس آرت | لماذا ماكس آرت هي الخيار الأول ل إصلاح تسرب المياه في الخوانيج؟
2906,post,شركة إصلاح تسرب المياه في خورفكان,https://max-art-ae.com/shrkh-aslah-tsrb-almyah-fy-khwrfkan/,2026-09-11,1329,0,8,14,كشف/إصلاح تسربات,كشف/إصلاح تسربات,14,2585,قالب/نصوص نمطية | لا H1 في جسم المحتوى | صورة بارزة مكررة على نطاق واسع | محتوى مكرر/متشابه | تآكل كلمات مفتاحية,عبارات نمطية: كتب هذا المقال؛ آخر تحديث؛ مراجعة:؛ فريق ماكس آرت؛ هي خدمة متخصصة تُقدّمها؛ باستخدام أحدث الأجهزة والمعدات؛ لا H1 داخل جسم المقالة (ووردبريس عادةً يعرض العنوان كـ H1 من القالب)؛ نفس الصورة البارزة مستخدمة على 281 عنصراً (ID 2585)؛ متشابه جداً مع مقالات أخرى في DUP-001 (23)؛ 23 مقالات تتنافس على نية شبه مطابقة,DUP-001 (23),CAN-001 (23),كل ما تحتاج معرفته عن إصلاح تسرب المياه في {LOC} 2026 | علامات تحتاج فيها إصلاح تسرب المياه في {LOC} فورا | الأسباب الجذرية لمشكلات إصلاح تسرب المياه في {LOC} وكيف يشخصها الخبراء | كيف تتم إصلاح تسرب المياه في {LOC} خطوة بخطوة بأيدي متخصصين | أخطاء شائعة يقع فيها أصحاب المنازل عند طلب إصلاح تسرب المياه في {LOC} | خدمات ماكس آرت + جدول الأسعار التقريبية ل إصلاح تسرب المياه في {LOC} | الأسئلة الشائعة عن إصلاح تسرب المياه في {LOC} — إجابات خبراء ماكس آرت | لماذا ماكس آرت هي الخيار الأول ل إصلاح تسرب المياه في {LOC}؟
2693,post,شركة كشف تسربات المياه في حتا,https://max-art-ae.com/shrkh-kshf-tsrbat-almyah-fy-hta/,2026-09-11,1329,0,8,14,كشف/إصلاح تسربات,كشف/إصلاح تسربات,15,2585,قالب/نصوص نمطية | لا H1 في جسم المحتوى | صورة بارزة مكررة على نطاق واسع,عبارات نمطية: كتب هذا المقال؛ آخر تحديث؛ مراجعة:؛ فريق ماكس آرت؛ هي خدمة متخصصة تُقدّمها؛ باستخدام أحدث الأجهزة والمعدات؛ لا H1 داخل جسم المقالة (ووردبريس عادةً يعرض العنوان كـ H1 من القالب)؛ نفس الصورة البارزة مستخدمة على 281 عنصراً (ID 2585),,,كل ما تحتاج معرفته عن كشف تسربات المياه في حتا 2026 | علامات تحتاج فيها كشف تسربات المياه في حتا فورا | الأسباب الجذرية لمشكلات كشف تسربات المياه في حتا وكيف يشخصها الخبراء | كيف تتم كشف تسربات المياه في حتا خطوة بخطوة بأيدي متخصصين | أخطاء شائعة يقع فيها أصحاب المنازل عند طلب كشف تسربات المياه في حتا | خدمات ماكس آرت + جدول الأسعار التقريبية ل كشف تسربات المياه في حتا | الأسئلة الشائعة عن كشف تسربات المياه في حتا — إجابات خبراء ماكس آرت | لماذا ماكس آرت هي الخيار الأول ل كشف تسربات المياه في حتا؟
2683,post,شركة كشف تسربات المياه في أبوظبي,https://max-art-ae.com/shrkh-kshf-tsrbat-almyah-fy-abwzby/,2026-09-11,1329,0,8,14,كشف/إصلاح تسربات,كشف/إصلاح تسربات,15,2585,قالب/نصوص نمطية | لا H1 في جسم المحتوى | صورة بارزة مكررة على نطاق واسع | محتوى مكرر/متشابه | تآكل كلمات مفتاحية,عبارات نمطية: كتب هذا المقال؛ آخر تحديث؛ مراجعة:؛ فريق ماكس آرت؛ هي خدمة متخصصة تُقدّمها؛ باستخدام أحدث الأجهزة والمعدات؛ لا H1 داخل جسم المقالة (ووردبريس عادةً يعرض العنوان كـ H1 من القالب)؛ نفس الصورة البارزة مستخدمة على 281 عنصراً (ID 2585)؛ متشابه جداً مع مقالات أخرى في DUP-005 (23)؛ 23 مقالات تتنافس على نية شبه مطابقة,DUP-005 (23),CAN-005 (23),كل ما تحتاج معرفته عن كشف تسربات المياه في {LOC} 2026 | علامات تحتاج فيها كشف تسربات المياه في {LOC} فورا | الأسباب الجذرية لمشكلات كشف تسربات المياه في {LOC} وكيف يشخصها الخبراء | كيف تتم كشف تسربات المياه في {LOC} خطوة بخطوة بأيدي متخصصين | أخطاء شائعة يقع فيها أصحاب المنازل عند طلب كشف تسربات المياه في {LOC} | خدمات ماكس آرت + جدول الأسعار التقريبية ل كشف تسربات المياه في {LOC} | الأسئلة الشائعة عن كشف تسربات المياه في {LOC} — إجابات خبراء ماكس آرت | لماذا ماكس آرت هي الخيار الأول ل كشف تسربات المياه في {LOC}؟
2917,post,شركة إصلاح تسرب المياه في القوز,https://max-art-ae.com/shrkh-aslah-tsrb-almyah-fy-alqwz/,2026-09-11,1328,0,8,14,كشف/إصلاح تسربات,كشف/إصلاح تسربات,13,2585,قالب/نصوص نمطية | لا H1 في جسم المحتوى | صورة بارزة مكررة على نطاق واسع | محتوى مكرر/متشابه | تآكل كلمات مفتاحية,عبارات نمطية: كتب هذا المقال؛ آخر تحديث؛ مراجعة:؛ فريق ماكس آرت؛ هي خدمة متخصصة تُقدّمها؛ باستخدام أحدث الأجهزة والمعدات؛ لا H1 داخل جسم المقالة (ووردبريس عادةً يعرض العنوان كـ H1 من القالب)؛ نفس الصورة البارزة مستخدمة على 281 عنصراً (ID 2585)؛ متشابه جداً مع مقالات أخرى في DUP-001 (23)؛ 23 مقالات تتنافس على نية شبه مطابقة,DUP-001 (23),CAN-001 (23),كل ما تحتاج معرفته عن إصلاح تسرب المياه في {LOC} 2026 | علامات تحتاج فيها إصلاح تسرب المياه في {LOC} فورا | الأسباب الجذرية لمشكلات إصلاح تسرب المياه في {LOC} وكيف يشخصها الخبراء | كيف تتم إصلاح تسرب المياه في {LOC} خطوة بخطوة بأيدي متخصصين | أخطاء شائعة يقع فيها أصحاب المنازل عند طلب إصلاح تسرب المياه في {LOC} | خدمات ماكس آرت + جدول الأسعار التقريبية ل إصلاح تسرب المياه في {LOC} | الأسئلة الشائعة عن إصلاح تسرب المياه في {LOC} — إجابات خبراء ماكس آرت | لماذا ماكس آرت هي الخيار الأول ل إصلاح تسرب المياه في {LOC}؟
2879,post,شركة كشف تسربات التكييف في الرحمانية,https://max-art-ae.com/shrkh-kshf-tsrbat-altkyyf-fy-alrhmanyh/,2026-09-11,1328,0,8,14,كشف/إصلاح تسربات,كشف/إصلاح تسربات,16,2585,قالب/نصوص نمطية | لا H1 في جسم المحتوى | صورة بارزة مكررة على نطاق واسع,عبارات نمطية: كتب هذا المقال؛ آخر تحديث؛ مراجعة:؛ فريق ماكس آرت؛ هي خدمة متخصصة تُقدّمها؛ باستخدام أحدث الأجهزة والمعدات؛ لا H1 داخل جسم المقالة (ووردبريس عادةً يعرض العنوان كـ H1 من القالب)؛ نفس الصورة البارزة مستخدمة على 281 عنصراً (ID 2585),,,كل ما تحتاج معرفته عن كشف تسربات التكييف في الرحمانية 2026 | علامات تحتاج فيها كشف تسربات التكييف في الرحمانية فورا | الأسباب الجذرية لمشكلات كشف تسربات التكييف في الرحمانية وكيف يشخصها الخبراء | كيف تتم كشف تسربات التكييف في الرحمانية خطوة بخطوة بأيدي متخصصين | أخطاء شائعة يقع فيها أصحاب المنازل عند طلب كشف تسربات التكييف في الرحمانية | خدمات ماكس آرت + جدول الأسعار التقريبية ل كشف تسربات التكييف في الرحمانية | الأسئلة الشائعة عن كشف تسربات التكييف في الرحمانية — إجابات خبراء ماكس آرت | لماذا ماكس آرت هي الخيار الأول ل كشف تسربات التكييف في الرحمانية؟
2828,post,شركة كشف تسربات الغاز في الروضة,https://max-art-ae.com/shrkh-kshf-tsrbat-alghaz-fy-alrwdh/,2026-09-11,1328,0,8,14,كشف/إصلاح تسربات,كشف/إصلاح تسربات,16,2585,قالب/نصوص نمطية | لا H1 في جسم المحتوى | صورة بارزة مكررة على نطاق واسع | محتوى مكرر/متشابه | تآكل كلمات مفتاحية,عبارات نمطية: كتب هذا المقال؛ آخر تحديث؛ مراجعة:؛ فريق ماكس آرت؛ هي خدمة متخصصة تُقدّمها؛ باستخدام أحدث الأجهزة والمعدات؛ لا H1 داخل جسم المقالة (ووردبريس عادةً يعرض العنوان كـ H1 من القالب)؛ نفس الصورة البارزة مستخدمة على 281 عنصراً (ID 2585)؛ متشابه جداً مع مقالات أخرى في DUP-003 (23)؛ 23 مقالات تتنافس على نية شبه مطابقة,DUP-003 (23),CAN-003 (23),كل ما تحتاج معرفته عن كشف تسربات الغاز في {LOC} 2026 | علامات تحتاج فيها كشف تسربات الغاز في {LOC} فورا | الأسباب الجذرية لمشكلات كشف تسربات الغاز في {LOC} وكيف يشخصها الخبراء | كيف تتم كشف تسربات الغاز في {LOC} خطوة بخطوة بأيدي متخصصين | أخطاء شائعة يقع فيها أصحاب المنازل عند طلب كشف تسربات الغاز في {LOC} | خدمات ماكس آرت + جدول الأسعار التقريبية ل كشف تسربات الغاز في {LOC} | الأسئلة الشائعة عن كشف تسربات الغاز في {LOC} — إجابات خبراء ماكس آرت | لماذا ماكس آرت هي الخيار الأول ل كشف تسربات الغاز في {LOC}؟
2821,post,شركة كشف تسربات الغاز في المجاز,https://max-art-ae.com/shrkh-kshf-tsrbat-alghaz-fy-almjaz/,2026-09-11,1327,0,8,14,كشف/إصلاح تسربات,كشف/إصلاح تسربات,13,2585,قالب/نصوص نمطية | لا H1 في جسم المحتوى | صورة بارزة مكررة على نطاق واسع | محتوى مكرر/متشابه | تآكل كلمات مفتاحية,عبارات نمطية: كتب هذا المقال؛ آخر تحديث؛ مراجعة:؛ فريق ماكس آرت؛ هي خدمة متخصصة تُقدّمها؛ باستخدام أحدث الأجهزة والمعدات؛ لا H1 داخل جسم المقالة (ووردبريس عادةً يعرض العنوان كـ H1 من القالب)؛ نفس الصورة البارزة مستخدمة على 281 عنصراً (ID 2585)؛ متشابه جداً مع مقالات أخرى في DUP-003 (23)؛ 23 مقالات تتنافس على نية شبه مطابقة,DUP-003 (23),CAN-003 (23),كل ما تحتاج معرفته عن كشف تسربات الغاز في {LOC} 2026 | علامات تحتاج فيها كشف تسربات الغاز في {LOC} فورا | الأسباب الجذرية لمشكلات كشف تسربات الغاز في {LOC} وكيف يشخصها الخبراء | كيف تتم كشف تسربات الغاز في {LOC} خطوة بخطوة بأيدي متخصصين | أخطاء شائعة يقع فيها أصحاب المنازل عند طلب كشف تسربات الغاز في {LOC} | خدمات ماكس آرت + جدول الأسعار التقريبية ل كشف تسربات الغاز في {LOC} | الأسئلة الشائعة عن كشف تسربات الغاز في {LOC} — إجابات خبراء ماكس آرت | لماذا ماكس آرت هي الخيار الأول ل كشف تسربات الغاز في {LOC}؟
2798,post,شركة كشف تسربات الغاز في خورفكان,https://max-art-ae.com/shrkh-kshf-tsrbat-alghaz-fy-khwrfkan/,2026-09-11,1327,0,8,14,كشف/إصلاح تسربات,كشف/إصلاح تسربات,14,2585,قالب/نصوص نمطية | لا H1 في جسم المحتوى | صورة بارزة مكررة على نطاق واسع | محتوى مكرر/متشابه | تآكل كلمات مفتاحية,عبارات نمطية: كتب هذا المقال؛ آخر تحديث؛ مراجعة:؛ فريق ماكس آرت؛ هي خدمة متخصصة تُقدّمها؛ باستخدام أحدث الأجهزة والمعدات؛ لا H1 داخل جسم المقالة (ووردبريس عادةً يعرض العنوان كـ H1 من القالب)؛ نفس الصورة البارزة مستخدمة على 281 عنصراً (ID 2585)؛ متشابه جداً مع مقالات أخرى في DUP-003 (23)؛ 23 مقالات تتنافس على نية شبه مطابقة,DUP-003 (23),CAN-003 (23),كل ما تحتاج معرفته عن كشف تسربات الغاز في {LOC} 2026 | علامات تحتاج فيها كشف تسربات الغاز في {LOC} فورا | الأسباب الجذرية لمشكلات كشف تسربات الغاز في {LOC} وكيف يشخصها الخبراء | كيف تتم كشف تسربات الغاز في {LOC} خطوة بخطوة بأيدي متخصصين | أخطاء شائعة يقع فيها أصحاب المنازل عند طلب كشف تسربات الغاز في {LOC} | خدمات ماكس آرت + جدول الأسعار التقريبية ل كشف تسربات الغاز في {LOC} | الأسئلة الشائعة عن كشف تسربات الغاز في {LOC} — إجابات خبراء ماكس آرت | لماذا ماكس آرت هي الخيار الأول ل كشف تسربات الغاز في {LOC}؟
2718,post,شركة كشف تسربات المياه في السيوح,https://max-art-ae.com/shrkh-kshf-tsrbat-almyah-fy-alsywh/,2026-09-11,1327,0,8,14,كشف/إصلاح تسربات,كشف/إصلاح تسربات,14,2585,قالب/نصوص نمطية | لا H1 في جسم المحتوى | صورة بارزة مكررة على نطاق واسع,عبارات نمطية: كتب هذا المقال؛ آخر تحديث؛ مراجعة:؛ فريق ماكس آرت؛ هي خدمة متخصصة تُقدّمها؛ باستخدام أحدث الأجهزة والمعدات؛ لا H1 داخل جسم المقالة (ووردبريس عادةً يعرض العنوان كـ H1 من القالب)؛ Schema JSON-LD مضمّن داخل المحتوى؛ نفس الصورة البارزة مستخدمة على 281 عنصراً (ID 2585),,,كل ما تحتاج معرفته عن كشف تسربات المياه في السيوح 2026 | علامات تحتاج فيها كشف تسربات المياه في السيوح فورا | الأسباب الجذرية لمشكلات كشف تسربات المياه في السيوح وكيف يشخصها الخبراء | كيف تتم كشف تسربات المياه في السيوح خطوة بخطوة بأيدي متخصصين | أخطاء شائعة يقع فيها أصحاب المنازل عند طلب كشف تسربات المياه في السيوح | خدمات ماكس آرت + جدول الأسعار التقريبية ل كشف تسربات المياه في السيوح | الأسئلة الشائعة عن كشف تسربات المياه في السيوح — إجابات خبراء ماكس آرت | لماذا ماكس آرت هي الخيار الأول ل كشف تسربات المياه في السيوح؟
2936,post,شركة إصلاح تسرب المياه في الروضة,https://max-art-ae.com/shrkh-aslah-tsrb-almyah-fy-alrwdh/,2026-09-11,1326,0,8,14,كشف/إصلاح تسربات,كشف/إصلاح تسربات,16,2585,قالب/نصوص نمطية | لا H1 في جسم المحتوى | صورة بارزة مكررة على نطاق واسع | محتوى مكرر/متشابه | تآكل كلمات مفتاحية,عبارات نمطية: كتب هذا المقال؛ آخر تحديث؛ مراجعة:؛ فريق ماكس آرت؛ هي خدمة متخصصة تُقدّمها؛ باستخدام أحدث الأجهزة والمعدات؛ لا H1 داخل جسم المقالة (ووردبريس عادةً يعرض العنوان كـ H1 من القالب)؛ Schema JSON-LD مضمّن داخل المحتوى؛ نفس الصورة البارزة مستخدمة على 281 عنصراً (ID 2585)؛ متشابه جداً مع مقالات أخرى في DUP-001 (23)؛ 23 مقالات تتنافس على نية شبه مطابقة,DUP-001 (23),CAN-001 (23),كل ما تحتاج معرفته عن إصلاح تسرب المياه في {LOC} 2026 | علامات تحتاج فيها إصلاح تسرب المياه في {LOC} فورا | الأسباب الجذرية لمشكلات إصلاح تسرب المياه في {LOC} وكيف يشخصها الخبراء | كيف تتم إصلاح تسرب المياه في {LOC} خطوة بخطوة بأيدي متخصصين | أخطاء شائعة يقع فيها أصحاب المنازل عند طلب إصلاح تسرب المياه في {LOC} | خدمات ماكس آرت + جدول الأسعار التقريبية ل إصلاح تسرب المياه في {LOC} | الأسئلة الشائعة عن إصلاح تسرب المياه في {LOC} — إجابات خبراء ماكس آرت | لماذا ماكس آرت هي الخيار الأول ل إصلاح تسرب المياه في {LOC}؟
2721,post,شركة كشف تسربات المياه في المويهات,https://max-art-ae.com/shrkh-kshf-tsrbat-almyah-fy-almwyhat/,2026-09-11,1326,0,8,14,كشف/إصلاح تسربات,كشف/إصلاح تسربات,13,2585,قالب/نصوص نمطية | لا H1 في جسم المحتوى | صورة بارزة مكررة على نطاق واسع | محتوى مكرر/متشابه | تآكل كلمات مفتاحية,عبارات نمطية: كتب هذا المقال؛ آخر تحديث؛ مراجعة:؛ فريق ماكس آرت؛ هي خدمة متخصصة تُقدّمها؛ باستخدام أحدث الأجهزة والمعدات؛ لا H1 داخل جسم المقالة (ووردبريس عادةً يعرض العنوان كـ H1 من القالب)؛ نفس الصورة البارزة مستخدمة على 281 عنصراً (ID 2585)؛ متشابه جداً مع مقالات أخرى في DUP-005 (23)؛ 23 مقالات تتنافس على نية شبه مطابقة,DUP-005 (23),CAN-005 (23),كل ما تحتاج معرفته عن كشف تسربات المياه في {LOC} 2026 | علامات تحتاج فيها كشف تسربات المياه في {LOC} فورا | الأسباب الجذرية لمشكلات كشف تسربات المياه في {LOC} وكيف يشخصها الخبراء | كيف تتم كشف تسربات المياه في {LOC} خطوة بخطوة بأيدي متخصصين | أخطاء شائعة يقع فيها أصحاب المنازل عند طلب كشف تسربات المياه في {LOC} | خدمات ماكس آرت + جدول الأسعار التقريبية ل كشف تسربات المياه في {LOC} | الأسئلة الشائعة عن كشف تسربات المياه في {LOC} — إجابات خبراء ماكس آرت | لماذا ماكس آرت هي الخيار الأول ل كشف تسربات المياه في {LOC}؟
2717,post,شركة كشف تسربات المياه في الرحمانية,https://max-art-ae.com/shrkh-kshf-tsrbat-almyah-fy-alrhmanyh/,2026-09-11,1324,0,8,14,كشف/إصلاح تسربات,كشف/إصلاح تسربات,15,2585,قالب/نصوص نمطية | لا H1 في جسم المحتوى | صورة بارزة مكررة على نطاق واسع,عبارات نمطية: كتب هذا المقال؛ آخر تحديث؛ مراجعة:؛ فريق ماكس آرت؛ هي خدمة متخصصة تُقدّمها؛ باستخدام أحدث الأجهزة والمعدات؛ لا H1 داخل جسم المقالة (ووردبريس عادةً يعرض العنوان كـ H1 من القالب)؛ Schema JSON-LD مضمّن داخل المحتوى؛ نفس الصورة البارزة مستخدمة على 281 عنصراً (ID 2585),,,كل ما تحتاج معرفته عن كشف تسربات المياه في الرحمانية 2026 | علامات تحتاج فيها كشف تسربات المياه في الرحمانية فورا | الأسباب الجذرية لمشكلات كشف تسربات المياه في الرحمانية وكيف يشخصها الخبراء | كيف تتم كشف تسربات المياه في الرحمانية خطوة بخطوة بأيدي متخصصين | أخطاء شائعة يقع فيها أصحاب المنازل عند طلب كشف تسربات المياه في الرحمانية | خدمات ماكس آرت + جدول الأسعار التقريبية ل كشف تسربات المياه في الرحمانية | الأسئلة الشائعة عن كشف تسربات المياه في الرحمانية — إجابات خبراء ماكس آرت | لماذا ماكس آرت هي الخيار الأول ل كشف تسربات المياه في الرحمانية؟
2902,post,شركة إصلاح تسرب المياه في عجمان,https://max-art-ae.com/shrkh-aslah-tsrb-almyah-fy-ajman/,2026-09-11,1321,0,8,14,كشف/إصلاح تسربات,كشف/إصلاح تسربات,14,2585,قالب/نصوص نمطية | لا H1 في جسم المحتوى | صورة بارزة مكررة على نطاق واسع | محتوى مكرر/متشابه | تآكل كلمات مفتاحية,عبارات نمطية: كتب هذا المقال؛ آخر تحديث؛ مراجعة:؛ فريق ماكس آرت؛ هي خدمة متخصصة تُقدّمها؛ باستخدام أحدث الأجهزة والمعدات؛ لا H1 داخل جسم المقالة (ووردبريس عادةً يعرض العنوان كـ H1 من القالب)؛ نفس الصورة البارزة مستخدمة على 281 عنصراً (ID 2585)؛ متشابه جداً مع مقالات أخرى في DUP-001 (23)؛ 23 مقالات تتنافس على نية شبه مطابقة,DUP-001 (23),CAN-001 (23),كل ما تحتاج معرفته عن إصلاح تسرب المياه في {LOC} 2026 | علامات تحتاج فيها إصلاح تسرب المياه في {LOC} فورا | الأسباب الجذرية لمشكلات إصلاح تسرب المياه في {LOC} وكيف يشخصها الخبراء | كيف تتم إصلاح تسرب المياه في {LOC} خطوة بخطوة بأيدي متخصصين | أخطاء شائعة يقع فيها أصحاب المنازل عند طلب إصلاح تسرب المياه في {LOC} | خدمات ماكس آرت + جدول الأسعار التقريبية ل إصلاح تسرب المياه في {LOC} | الأسئلة الشائعة عن إصلاح تسرب المياه في {LOC} — إجابات خبراء ماكس آرت | لماذا ماكس آرت هي الخيار الأول ل إصلاح تسرب المياه في {LOC}؟
2588,post,شركة دهانات في دبي,https://max-art-ae.com/sharikat-dahanat-fi-dubai/,2026-09-11,678,1,8,12,دهانات/صبغ,دهانات/صبغ,2,2585,محتوى ضعيف (<1000 كلمة) | صورة بارزة مكررة على نطاق واسع | محتوى مكرر/متشابه | تآكل كلمات مفتاحية,عدد الكلمات 678 < 1000؛ نفس الصورة البارزة مستخدمة على 281 عنصراً (ID 2585)؛ متشابه جداً مع مقالات أخرى في DUP-006 (3)؛ 3 مقالات تتنافس على نية شبه مطابقة,DUP-006 (3),CAN-006 (3),✦ شركة دهانات في {LOC} — الشريك الذي تثق به | 🏆 لماذا تختار ماكس آرت ل دهانات في {LOC}؟ | ⚙️ كيف نعمل — خطوة بخطوة | ⚠️ أخطاء تجنبها عند اختيار شركة في {LOC} | 💰 أسعار شركة دهانات في {LOC} 2026 — شفافية كاملة | 📍 مناطق خدمة شركة دهانات في {LOC} في {LOC} | ❓ الأسئلة الشائعة | 🔗 خدمات ماكس آرت الأخرى
2589,post,شركة صيانة مباني في دبي,https://max-art-ae.com/sharikat-siana-mabani-fi-dubai/,2026-09-11,615,1,8,12,صيانة عامة,صيانة عامة,2,2585,محتوى ضعيف (<1000 كلمة) | صورة بارزة مكررة على نطاق واسع | محتوى مكرر/متشابه | تآكل كلمات مفتاحية,عدد الكلمات 615 < 1000؛ نفس الصورة البارزة مستخدمة على 281 عنصراً (ID 2585)؛ متشابه جداً مع مقالات أخرى في DUP-007 (3)؛ 3 مقالات تتنافس على نية شبه مطابقة,DUP-007 (3),CAN-007 (3),✦ شركة صيانة مباني في {LOC} — الشريك الذي تثق به | 🏆 لماذا تختار ماكس آرت ل صيانة مباني في {LOC}؟ | ⚙️ كيف نعمل — خطوة بخطوة | ⚠️ أخطاء تجنبها عند اختيار شركة في {LOC} | 💰 أسعار شركة صيانة مباني في {LOC} 2026 — شفافية كاملة | 📍 مناطق خدمة شركة صيانة مباني في {LOC} في {LOC} | ❓ الأسئلة الشائعة | 🔗 خدمات ماكس آرت الأخرى
2590,post,شركة صيانة كهرباء في دبي,https://max-art-ae.com/sharikat-siana-kahrabaa-fi-dubai/,2026-09-11,596,1,8,12,كهرباء,كهرباء,2,2585,محتوى ضعيف (<1000 كلمة) | صورة بارزة مكررة على نطاق واسع | محتوى مكرر/متشابه | تآكل كلمات مفتاحية,عدد الكلمات 596 < 1000؛ نفس الصورة البارزة مستخدمة على 281 عنصراً (ID 2585)؛ متشابه جداً مع مقالات أخرى في DUP-008 (3)؛ 3 مقالات تتنافس على نية شبه مطابقة,DUP-008 (3),CAN-008 (3),✦ شركة صيانة كهرباء في {LOC} — الشريك الذي تثق به | 🏆 لماذا تختار ماكس آرت ل صيانة كهرباء في {LOC}؟ | ⚙️ كيف نعمل — خطوة بخطوة | ⚠️ أخطاء تجنبها عند اختيار شركة في {LOC} | 💰 أسعار شركة صيانة كهرباء في {LOC} 2026 — شفافية كاملة | 📍 مناطق خدمة شركة صيانة كهرباء في {LOC} في {LOC} | ❓ الأسئلة الشائعة | 🔗 خدمات ماكس آرت الأخرى
2593,post,شركة تفصيل خزائن مطابخ في دبي,https://max-art-ae.com/sharikat-tafsal-khazain-fi-dubai/,2026-09-11,590,1,8,12,,كشف/إصلاح تسربات,2,2585,محتوى ضعيف (<1000 كلمة) | صورة بارزة مكررة على نطاق واسع | محتوى مكرر/متشابه | تآكل كلمات مفتاحية,عدد الكلمات 590 < 1000؛ نفس الصورة البارزة مستخدمة على 281 عنصراً (ID 2585)؛ متشابه جداً مع مقالات أخرى في DUP-011 (3)؛ 3 مقالات تتنافس على نية شبه مطابقة,DUP-011 (3),CAN-011 (3),✦ شركة تفصيل خزائن مطابخ في {LOC} — الشريك الذي تثق به | 🏆 لماذا تختار ماكس آرت ل تفصيل خزائن مطابخ في {LOC}؟ | ⚙️ كيف نعمل — خطوة بخطوة | ⚠️ أخطاء تجنبها عند اختيار شركة في {LOC} | 💰 أسعار شركة تفصيل خزائن مطابخ في {LOC} 2026 — شفافية كاملة | 📍 مناطق خدمة شركة تفصيل خزائن مطابخ في {LOC} في {LOC} | ❓ الأسئلة الشائعة | 🔗 خدمات ماكس آرت الأخرى
2592,post,شركة تصميم مطابخ في دبي,https://max-art-ae.com/sharikat-tasmim-matabikh-fi-dubai/,2026-09-11,586,1,8,12,,سباكة,2,2585,محتوى ضعيف (<1000 كلمة) | صورة بارزة مكررة على نطاق واسع | محتوى مكرر/متشابه | تآكل كلمات مفتاحية,عدد الكلمات 586 < 1000؛ نفس الصورة البارزة مستخدمة على 281 عنصراً (ID 2585)؛ متشابه جداً مع مقالات أخرى في DUP-010 (3)؛ 3 مقالات تتنافس على نية شبه مطابقة,DUP-010 (3),CAN-010 (3),✦ شركة تصميم مطابخ في {LOC} — الشريك الذي تثق به | 🏆 لماذا تختار ماكس آرت ل تصميم مطابخ في {LOC}؟ | ⚙️ كيف نعمل — خطوة بخطوة | ⚠️ أخطاء تجنبها عند اختيار شركة في {LOC} | 💰 أسعار شركة تصميم مطابخ في {LOC} 2026 — شفافية كاملة | 📍 مناطق خدمة شركة تصميم مطابخ في {LOC} في {LOC} | ❓ الأسئلة الشائعة | 🔗 خدمات ماكس آرت الأخرى
2594,post,شركة تركيب رخام وجرانيت في دبي,https://max-art-ae.com/sharikat-tarkib-rakkham-fi-dubai/,2026-09-11,585,1,8,12,,عزل أسطح,2,2585,محتوى ضعيف (<1000 كلمة) | صورة بارزة مكررة على نطاق واسع | محتوى مكرر/متشابه | تآكل كلمات مفتاحية,عدد الكلمات 585 < 1000؛ نفس الصورة البارزة مستخدمة على 281 عنصراً (ID 2585)؛ متشابه جداً مع مقالات أخرى في DUP-012 (3)؛ 3 مقالات تتنافس على نية شبه مطابقة,DUP-012 (3),CAN-012 (3),✦ شركة تركيب رخام وجرانيت في {LOC} — الشريك الذي تثق به | 🏆 لماذا تختار ماكس آرت ل تركيب رخام وجرانيت في {LOC}؟ | ⚙️ كيف نعمل — خطوة بخطوة | ⚠️ أخطاء تجنبها عند اختيار شركة في {LOC} | 💰 أسعار شركة تركيب رخام وجرانيت في {LOC} 2026 — شفافية كاملة | 📍 مناطق خدمة شركة تركيب رخام وجرانيت في {LOC} في {LOC} | ❓ الأسئلة الشائعة | 🔗 خدمات ماكس آرت الأخرى
2591,post,شركة تركيب زجاج وألوميتال في دبي,https://max-art-ae.com/sharikat-tarkib-zujaj-fi-dubai/,2026-09-11,582,1,8,11,,عزل أسطح,2,2585,محتوى ضعيف (<1000 كلمة) | صورة بارزة مكررة على نطاق واسع | محتوى مكرر/متشابه | تآكل كلمات مفتاحية,عدد الكلمات 582 < 1000؛ نفس الصورة البارزة مستخدمة على 281 عنصراً (ID 2585)؛ متشابه جداً مع مقالات أخرى في DUP-009 (3)؛ 3 مقالات تتنافس على نية شبه مطابقة,DUP-009 (3),CAN-009 (3),✦ شركة تركيب زجاج وألوميتال في {LOC} — الشريك الذي تثق به | 🏆 لماذا تختار ماكس آرت ل تركيب زجاج وألوميتال في {LOC}؟ | ⚙️ كيف نعمل — خطوة بخطوة | ⚠️ أخطاء تجنبها عند اختيار شركة في {LOC} | 💰 أسعار شركة تركيب زجاج وألوميتال في {LOC} 2026 — شفافية كاملة | 📍 مناطق خدمة شركة تركيب زجاج وألوميتال في {LOC} في {LOC} | ❓ الأسئلة الشائعة | 🔗 خدمات ماكس آرت الأخرى
2595,post,شركة دهانات في الشارقة,https://max-art-ae.com/sharikat-dahanat-fi-sharjah/,2026-09-11,506,1,8,9,دهانات/صبغ,دهانات/صبغ,2,2526,محتوى ضعيف (<1000 كلمة) | محتوى مكرر/متشابه | تآكل كلمات مفتاحية,عدد الكلمات 506 < 1000؛ متشابه جداً مع مقالات أخرى في DUP-006 (3)؛ 3 مقالات تتنافس على نية شبه مطابقة,DUP-006 (3),CAN-006 (3),✦ شركة دهانات في {LOC} — الشريك الذي تثق به | 🏆 لماذا تختار ماكس آرت ل دهانات في {LOC}؟ | ⚙️ كيف نعمل — خطوة بخطوة | ⚠️ أخطاء تجنبها عند اختيار شركة في {LOC} | 💰 أسعار شركة دهانات في {LOC} 2026 — شفافية كاملة | 📍 مناطق خدمة شركة دهانات في {LOC} في {LOC} | ❓ الأسئلة الشائعة | 🔗 خدمات ماكس آرت الأخرى
2598,post,شركة تركيب زجاج وألوميتال في الشارقة,https://max-art-ae.com/sharikat-tarkib-zujaj-fi-sharjah/,2026-09-11,497,1,8,9,,عزل أسطح,2,2585,محتوى ضعيف (<1000 كلمة) | صورة بارزة مكررة على نطاق واسع | محتوى مكرر/متشابه | تآكل كلمات مفتاحية,عدد الكلمات 497 < 1000؛ نفس الصورة البارزة مستخدمة على 281 عنصراً (ID 2585)؛ متشابه جداً مع مقالات أخرى في DUP-009 (3)؛ 3 مقالات تتنافس على نية شبه مطابقة,DUP-009 (3),CAN-009 (3),✦ شركة تركيب زجاج وألوميتال في {LOC} — الشريك الذي تثق به | 🏆 لماذا تختار ماكس آرت ل تركيب زجاج وألوميتال في {LOC}؟ | ⚙️ كيف نعمل — خطوة بخطوة | ⚠️ أخطاء تجنبها عند اختيار شركة في {LOC} | 💰 أسعار شركة تركيب زجاج وألوميتال في {LOC} 2026 — شفافية كاملة | 📍 مناطق خدمة شركة تركيب زجاج وألوميتال في {LOC} في {LOC} | ❓ الأسئلة الشائعة | 🔗 خدمات ماكس آرت الأخرى
2596,post,شركة صيانة مباني في الشارقة,https://max-art-ae.com/sharikat-siana-mabani-fi-sharjah/,2026-09-11,495,1,8,9,صيانة عامة,صيانة عامة,2,2526,محتوى ضعيف (<1000 كلمة) | محتوى مكرر/متشابه | تآكل كلمات مفتاحية,عدد الكلمات 495 < 1000؛ متشابه جداً مع مقالات أخرى في DUP-007 (3)؛ 3 مقالات تتنافس على نية شبه مطابقة,DUP-007 (3),CAN-007 (3),✦ شركة صيانة مباني في {LOC} — الشريك الذي تثق به | 🏆 لماذا تختار ماكس آرت ل صيانة مباني في {LOC}؟ | ⚙️ كيف نعمل — خطوة بخطوة | ⚠️ أخطاء تجنبها عند اختيار شركة في {LOC} | 💰 أسعار شركة صيانة مباني في {LOC} 2026 — شفافية كاملة | 📍 مناطق خدمة شركة صيانة مباني في {LOC} في {LOC} | ❓ الأسئلة الشائعة | 🔗 خدمات ماكس آرت الأخرى
2610,post,شركة تركيب ورق الجدران في عجمان,https://max-art-ae.com/sharikat-tarkib-waraq-judran-fi-ajman/,2026-09-11,495,1,8,10,ورق جدران,ورق جدران,2,2585,محتوى ضعيف (<1000 كلمة) | صورة بارزة مكررة على نطاق واسع,عدد الكلمات 495 < 1000؛ نفس الصورة البارزة مستخدمة على 281 عنصراً (ID 2585),,,✦ شركة تركيب ورق الجدران في {LOC} — الشريك الذي تثق به | 🏆 لماذا تختار ماكس آرت ل تركيب ورق الجدران في {LOC}؟ | ⚙️ كيف نعمل — خطوة بخطوة | ⚠️ أخطاء تجنبها عند اختيار شركة في {LOC} | 💰 أسعار شركة تركيب ورق الجدران في {LOC} 2026 — شفافية كاملة | 📍 مناطق خدمة شركة تركيب ورق الجدران في {LOC} في {LOC} | ❓ الأسئلة الشائعة | 🔗 خدمات ماكس آرت الأخرى
2609,post,شركة تركيب بديل الحجر في عجمان,https://max-art-ae.com/sharikat-tarkib-badil-hajar-fi-ajman/,2026-09-11,490,1,8,9,,عزل أسطح,2,2585,محتوى ضعيف (<1000 كلمة) | صورة بارزة مكررة على نطاق واسع,عدد الكلمات 490 < 1000؛ نفس الصورة البارزة مستخدمة على 281 عنصراً (ID 2585),,,✦ شركة تركيب بديل الحجر في {LOC} — الشريك الذي تثق به | 🏆 لماذا تختار ماكس آرت ل تركيب بديل الحجر في {LOC}؟ | ⚙️ كيف نعمل — خطوة بخطوة | ⚠️ أخطاء تجنبها عند اختيار شركة في {LOC} | 💰 أسعار شركة تركيب بديل الحجر في {LOC} 2026 — شفافية كاملة | 📍 مناطق خدمة شركة تركيب بديل الحجر في {LOC} في {LOC} | ❓ الأسئلة الشائعة | 🔗 خدمات ماكس آرت الأخرى
2597,post,شركة صيانة كهرباء في الشارقة,https://max-art-ae.com/sharikat-siana-kahrabaa-fi-sharjah/,2026-09-11,487,1,8,9,كهرباء,كهرباء,2,2526,محتوى ضعيف (<1000 كلمة) | محتوى مكرر/متشابه | تآكل كلمات مفتاحية,عدد الكلمات 487 < 1000؛ متشابه جداً مع مقالات أخرى في DUP-008 (3)؛ 3 مقالات تتنافس على نية شبه مطابقة,DUP-008 (3),CAN-008 (3),✦ شركة صيانة كهرباء في {LOC} — الشريك الذي تثق به | 🏆 لماذا تختار ماكس آرت ل صيانة كهرباء في {LOC}؟ | ⚙️ كيف نعمل — خطوة بخطوة | ⚠️ أخطاء تجنبها عند اختيار شركة في {LOC} | 💰 أسعار شركة صيانة كهرباء في {LOC} 2026 — شفافية كاملة | 📍 مناطق خدمة شركة صيانة كهرباء في {LOC} في {LOC} | ❓ الأسئلة الشائعة | 🔗 خدمات ماكس آرت الأخرى
2601,post,شركة تركيب رخام وجرانيت في الشارقة,https://max-art-ae.com/sharikat-tarkib-rakkham-fi-sharjah/,2026-09-11,484,1,8,10,,دهانات/صبغ,2,2585,محتوى ضعيف (<1000 كلمة) | صورة بارزة مكررة على نطاق واسع | محتوى مكرر/متشابه | تآكل كلمات مفتاحية,عدد الكلمات 484 < 1000؛ نفس الصورة البارزة مستخدمة على 281 عنصراً (ID 2585)؛ متشابه جداً مع مقالات أخرى في DUP-012 (3)؛ 3 مقالات تتنافس على نية شبه مطابقة,DUP-012 (3),CAN-012 (3),✦ شركة تركيب رخام وجرانيت في {LOC} — الشريك الذي تثق به | 🏆 لماذا تختار ماكس آرت ل تركيب رخام وجرانيت في {LOC}؟ | ⚙️ كيف نعمل — خطوة بخطوة | ⚠️ أخطاء تجنبها عند اختيار شركة في {LOC} | 💰 أسعار شركة تركيب رخام وجرانيت في {LOC} 2026 — شفافية كاملة | 📍 مناطق خدمة شركة تركيب رخام وجرانيت في {LOC} في {LOC} | ❓ الأسئلة الشائعة | 🔗 خدمات ماكس آرت الأخرى
3519,post,حداد في دبي – أعمال حدادة وتصنيع معادن,https://max-art-ae.com/blacksmith-dubai/,2026-09-11,483,1,6,7,حدادة,حدادة,5,3536,محتوى ضعيف (<1000 كلمة) | قالب/نصوص نمطية,"عدد الكلمات 483 < 1000؛ عبارات نمطية: آخر تحديث؛ مراجعة:؛ فريق ماكس آرت؛ ""@type"": ""LocalBusiness""؛ ""telephone"": ""+971؛ Schema JSON-LD مضمّن داخل المحتوى",,,🔨 حداد في {LOC} – أعمال حدادة وتصنيع معادن بجودة عالية | 🛠️ خدمات الحدادة التي نقدمها في {LOC} | 💰 أسعار أعمال الحدادة في {LOC} | ⭐ شهادات عملائنا في {LOC} | ❓ أسئلة شائعة عن أعمال الحدادة في {LOC} | 📎 خدمات ذات صلة
2611,post,شركة تركيب أبواب أكورديون في عجمان,https://max-art-ae.com/sharikat-tarkib-abwab-accordion-fi-ajman/,2026-09-11,482,1,8,9,,دهانات/صبغ,2,2585,محتوى ضعيف (<1000 كلمة) | صورة بارزة مكررة على نطاق واسع,عدد الكلمات 482 < 1000؛ نفس الصورة البارزة مستخدمة على 281 عنصراً (ID 2585),,,✦ شركة تركيب أبواب أكورديون في {LOC} — الشريك الذي تثق به | 🏆 لماذا تختار ماكس آرت ل تركيب أبواب أكورديون في {LOC}؟ | ⚙️ كيف نعمل — خطوة بخطوة | ⚠️ أخطاء تجنبها عند اختيار شركة في {LOC} | 💰 أسعار شركة تركيب أبواب أكورديون في {LOC} 2026 — شفافية كاملة | 📍 مناطق خدمة شركة تركيب أبواب أكورديون في {LOC} في {LOC} | ❓ الأسئلة الشائعة | 🔗 خدمات ماكس آرت الأخرى
2620,post,شركة تصميم نوافير وشلالات في عجمان,https://max-art-ae.com/sharikat-tasmim-nawafer-fi-ajman/,2026-09-11,482,1,8,10,,كهرباء,2,3219,محتوى ضعيف (<1000 كلمة),عدد الكلمات 482 < 1000,,,✦ شركة تصميم نوافير وشلالات في {LOC} — الشريك الذي تثق به | 🏆 لماذا تختار ماكس آرت ل تصميم نوافير وشلالات في {LOC}؟ | ⚙️ كيف نعمل — خطوة بخطوة | ⚠️ أخطاء تجنبها عند اختيار شركة في {LOC} | 💰 أسعار شركة تصميم نوافير وشلالات في {LOC} 2026 — شفافية كاملة | 📍 مناطق خدمة شركة تصميم نوافير وشلالات في {LOC} في {LOC} | ❓ الأسئلة الشائعة | 🔗 خدمات ماكس آرت الأخرى
2617,post,شركة سباكة وصرف صحي سباك في عجمان,https://max-art-ae.com/sharikat-sabaka-w-sarf-fi-ajman/,2026-09-11,480,1,8,9,سباكة,سباكة,2,3219,محتوى ضعيف (<1000 كلمة),عدد الكلمات 480 < 1000,,,✦ شركة سباكة وصرف صحي سباك في {LOC} — الشريك الذي تثق به | 🏆 لماذا تختار ماكس آرت ل سباكة وصرف صحي سباك في {LOC}؟ | ⚙️ كيف نعمل — خطوة بخطوة | ⚠️ أخطاء تجنبها عند اختيار شركة في {LOC} | 💰 أسعار شركة سباكة وصرف صحي سباك في {LOC} 2026 — شفافية كاملة | 📍 مناطق خدمة شركة سباكة وصرف صحي سباك في {LOC} في {LOC} | ❓ الأسئلة الشائعة | 🔗 خدمات ماكس آرت الأخرى
2626,post,شركة تركيب بديل الخشب في عجمان,https://max-art-ae.com/sharikat-tarkib-badil-khashab-fi-ajman/,2026-09-11,479,1,8,9,,كشف/إصلاح تسربات,2,2585,محتوى ضعيف (<1000 كلمة) | صورة بارزة مكررة على نطاق واسع,عدد الكلمات 479 < 1000؛ نفس الصورة البارزة مستخدمة على 281 عنصراً (ID 2585),,,✦ شركة تركيب بديل الخشب في {LOC} — الشريك الذي تثق به | 🏆 لماذا تختار ماكس آرت ل تركيب بديل الخشب في {LOC}؟ | ⚙️ كيف نعمل — خطوة بخطوة | ⚠️ أخطاء تجنبها عند اختيار شركة في {LOC} | 💰 أسعار شركة تركيب بديل الخشب في {LOC} 2026 — شفافية كاملة | 📍 مناطق خدمة شركة تركيب بديل الخشب في {LOC} في {LOC} | ❓ الأسئلة الشائعة | 🔗 خدمات ماكس آرت الأخرى
2600,post,شركة تفصيل خزائن مطابخ في الشارقة,https://max-art-ae.com/sharikat-tafsal-khazain-fi-sharjah/,2026-09-11,477,1,8,10,,كشف/إصلاح تسربات,2,2585,محتوى ضعيف (<1000 كلمة) | صورة بارزة مكررة على نطاق واسع | محتوى مكرر/متشابه | تآكل كلمات مفتاحية,عدد الكلمات 477 < 1000؛ نفس الصورة البارزة مستخدمة على 281 عنصراً (ID 2585)؛ متشابه جداً مع مقالات أخرى في DUP-011 (3)؛ 3 مقالات تتنافس على نية شبه مطابقة,DUP-011 (3),CAN-011 (3),✦ شركة تفصيل خزائن مطابخ في {LOC} — الشريك الذي تثق به | 🏆 لماذا تختار ماكس آرت ل تفصيل خزائن مطابخ في {LOC}؟ | ⚙️ كيف نعمل — خطوة بخطوة | ⚠️ أخطاء تجنبها عند اختيار شركة في {LOC} | 💰 أسعار شركة تفصيل خزائن مطابخ في {LOC} 2026 — شفافية كاملة | 📍 مناطق خدمة شركة تفصيل خزائن مطابخ في {LOC} في {LOC} | ❓ الأسئلة الشائعة | 🔗 خدمات ماكس آرت الأخرى
2612,post,شركة تكسير وترميم حمامات في عجمان,https://max-art-ae.com/sharikat-taksir-w-tarmim-hammam-fi-ajman/,2026-09-11,475,1,8,10,صيانة عامة,صيانة عامة,2,3219,محتوى ضعيف (<1000 كلمة) | عدم توافق نية البحث,عدد الكلمات 475 < 1000؛ كلمات موضوع العنوان شبه غائبة عن المتن,,,✦ شركة تكسير وترميم حمامات في {LOC} — الشريك الذي تثق به | 🏆 لماذا تختار ماكس آرت ل تكسير وترميم حمامات في {LOC}؟ | ⚙️ كيف نعمل — خطوة بخطوة | ⚠️ أخطاء تجنبها عند اختيار شركة في {LOC} | 💰 أسعار شركة تكسير وترميم حمامات في {LOC} 2026 — شفافية كاملة | 📍 مناطق خدمة شركة تكسير وترميم حمامات في {LOC} في {LOC} | ❓ الأسئلة الشائعة | 🔗 خدمات ماكس آرت الأخرى
2599,post,شركة تصميم مطابخ في الشارقة,https://max-art-ae.com/sharikat-tasmim-matabikh-fi-sharjah/,2026-09-11,473,1,8,10,,كشف/إصلاح تسربات,2,2585,محتوى ضعيف (<1000 كلمة) | صورة بارزة مكررة على نطاق واسع | محتوى مكرر/متشابه | تآكل كلمات مفتاحية,عدد الكلمات 473 < 1000؛ نفس الصورة البارزة مستخدمة على 281 عنصراً (ID 2585)؛ متشابه جداً مع مقالات أخرى في DUP-010 (3)؛ 3 مقالات تتنافس على نية شبه مطابقة,DUP-010 (3),CAN-010 (3),✦ شركة تصميم مطابخ في {LOC} — الشريك الذي تثق به | 🏆 لماذا تختار ماكس آرت ل تصميم مطابخ في {LOC}؟ | ⚙️ كيف نعمل — خطوة بخطوة | ⚠️ أخطاء تجنبها عند اختيار شركة في {LOC} | 💰 أسعار شركة تصميم مطابخ في {LOC} 2026 — شفافية كاملة | 📍 مناطق خدمة شركة تصميم مطابخ في {LOC} في {LOC} | ❓ الأسئلة الشائعة | 🔗 خدمات ماكس آرت الأخرى
2615,post,شركة تصميم وبناء مظلات في عجمان,https://max-art-ae.com/sharikat-tasmim-mzallat-fi-ajman/,2026-09-11,473,1,8,9,مظلات وسواتر,مظلات وسواتر,2,3219,محتوى ضعيف (<1000 كلمة),عدد الكلمات 473 < 1000,,,✦ شركة تصميم وبناء مظلات في {LOC} — الشريك الذي تثق به | 🏆 لماذا تختار ماكس آرت ل تصميم وبناء مظلات في {LOC}؟ | ⚙️ كيف نعمل — خطوة بخطوة | ⚠️ أخطاء تجنبها عند اختيار شركة في {LOC} | 💰 أسعار شركة تصميم وبناء مظلات في {LOC} 2026 — شفافية كاملة | 📍 مناطق خدمة شركة تصميم وبناء مظلات في {LOC} في {LOC} | ❓ الأسئلة الشائعة | 🔗 خدمات ماكس آرت الأخرى
2622,post,شركة تركيب باركيه في عجمان,https://max-art-ae.com/sharikat-tarkib-parke-fi-ajman/,2026-09-11,472,1,8,10,,صيانة عامة,2,2585,محتوى ضعيف (<1000 كلمة) | صورة بارزة مكررة على نطاق واسع,عدد الكلمات 472 < 1000؛ نفس الصورة البارزة مستخدمة على 281 عنصراً (ID 2585),,,✦ شركة تركيب باركيه في {LOC} — الشريك الذي تثق به | 🏆 لماذا تختار ماكس آرت ل تركيب باركيه في {LOC}؟ | ⚙️ كيف نعمل — خطوة بخطوة | ⚠️ أخطاء تجنبها عند اختيار شركة في {LOC} | 💰 أسعار شركة تركيب باركيه في {LOC} 2026 — شفافية كاملة | 📍 مناطق خدمة شركة تركيب باركيه في {LOC} في {LOC} | ❓ الأسئلة الشائعة | 🔗 خدمات ماكس آرت الأخرى
2613,post,شركة تركيب فورسيلنج في عجمان,https://max-art-ae.com/sharikat-tarkib-forceling-fi-ajman/,2026-09-11,471,1,8,9,,صيانة عامة,2,2585,محتوى ضعيف (<1000 كلمة) | صورة بارزة مكررة على نطاق واسع,عدد الكلمات 471 < 1000؛ نفس الصورة البارزة مستخدمة على 281 عنصراً (ID 2585),,,✦ شركة تركيب فورسيلنج في {LOC} — الشريك الذي تثق به | 🏆 لماذا تختار ماكس آرت ل تركيب فورسيلنج في {LOC}؟ | ⚙️ كيف نعمل — خطوة بخطوة | ⚠️ أخطاء تجنبها عند اختيار شركة في {LOC} | 💰 أسعار شركة تركيب فورسيلنج في {LOC} 2026 — شفافية كاملة | 📍 مناطق خدمة شركة تركيب فورسيلنج في {LOC} في {LOC} | ❓ الأسئلة الشائعة | 🔗 خدمات ماكس آرت الأخرى
2625,post,شركة صيانة عامة في عجمان,https://max-art-ae.com/sharikat-siana-aama-fi-ajman/,2026-09-11,471,1,8,9,صيانة عامة,صيانة عامة,2,2526,محتوى ضعيف (<1000 كلمة),عدد الكلمات 471 < 1000,,,✦ شركة صيانة عامة في {LOC} — الشريك الذي تثق به | 🏆 لماذا تختار ماكس آرت ل صيانة عامة في {LOC}؟ | ⚙️ كيف نعمل — خطوة بخطوة | ⚠️ أخطاء تجنبها عند اختيار شركة في {LOC} | 💰 أسعار شركة صيانة عامة في {LOC} 2026 — شفافية كاملة | 📍 مناطق خدمة شركة صيانة عامة في {LOC} في {LOC} | ❓ الأسئلة الشائعة | 🔗 خدمات ماكس آرت الأخرى
2623,post,شركة تركيب جبس بورد في عجمان,https://max-art-ae.com/sharikat-tarkib-jibs-fi-ajman/,2026-09-11,468,1,8,10,جبس بورد,جبس بورد,2,2585,محتوى ضعيف (<1000 كلمة) | صورة بارزة مكررة على نطاق واسع,عدد الكلمات 468 < 1000؛ نفس الصورة البارزة مستخدمة على 281 عنصراً (ID 2585),,,✦ شركة تركيب جبس بورد في {LOC} — الشريك الذي تثق به | 🏆 لماذا تختار ماكس آرت ل تركيب جبس بورد في {LOC}؟ | ⚙️ كيف نعمل — خطوة بخطوة | ⚠️ أخطاء تجنبها عند اختيار شركة في {LOC} | 💰 أسعار شركة تركيب جبس بورد في {LOC} 2026 — شفافية كاملة | 📍 مناطق خدمة شركة تركيب جبس بورد في {LOC} في {LOC} | ❓ الأسئلة الشائعة | 🔗 خدمات ماكس آرت الأخرى
2616,post,شركة تركيب مطابخ في عجمان,https://max-art-ae.com/sharikat-tarkib-matabikh-fi-ajman/,2026-09-11,466,1,8,10,,كهرباء,2,2585,محتوى ضعيف (<1000 كلمة) | صورة بارزة مكررة على نطاق واسع,عدد الكلمات 466 < 1000؛ نفس الصورة البارزة مستخدمة على 281 عنصراً (ID 2585),,,✦ شركة تركيب مطابخ في {LOC} — الشريك الذي تثق به | 🏆 لماذا تختار ماكس آرت ل تركيب مطابخ في {LOC}؟ | ⚙️ كيف نعمل — خطوة بخطوة | ⚠️ أخطاء تجنبها عند اختيار شركة في {LOC} | 💰 أسعار شركة تركيب مطابخ في {LOC} 2026 — شفافية كاملة | 📍 مناطق خدمة شركة تركيب مطابخ في {LOC} في {LOC} | ❓ الأسئلة الشائعة | 🔗 خدمات ماكس آرت الأخرى
2614,post,شركة بلاستر وترميمات في عجمان,https://max-art-ae.com/sharikat-blastar-w-tarmimat-fi-ajman/,2026-09-11,463,1,8,10,صيانة عامة,صيانة عامة,2,3219,محتوى ضعيف (<1000 كلمة) | عدم توافق نية البحث,عدد الكلمات 463 < 1000؛ كلمات موضوع العنوان شبه غائبة عن المتن,,,✦ شركة بلاستر وترميمات في {LOC} — الشريك الذي تثق به | 🏆 لماذا تختار ماكس آرت ل بلاستر وترميمات في {LOC}؟ | ⚙️ كيف نعمل — خطوة بخطوة | ⚠️ أخطاء تجنبها عند اختيار شركة في {LOC} | 💰 أسعار شركة بلاستر وترميمات في {LOC} 2026 — شفافية كاملة | 📍 مناطق خدمة شركة بلاستر وترميمات في {LOC} في {LOC} | ❓ الأسئلة الشائعة | 🔗 خدمات ماكس آرت الأخرى
2619,post,شركة تركيب سيراميك في عجمان,https://max-art-ae.com/sharikat-tarkib-siramayk-fi-ajman/,2026-09-11,457,1,8,10,,دهانات/صبغ,2,2585,محتوى ضعيف (<1000 كلمة) | صورة بارزة مكررة على نطاق واسع,عدد الكلمات 457 < 1000؛ نفس الصورة البارزة مستخدمة على 281 عنصراً (ID 2585),,,✦ شركة تركيب سيراميك في {LOC} — الشريك الذي تثق به | 🏆 لماذا تختار ماكس آرت ل تركيب سيراميك في {LOC}؟ | ⚙️ كيف نعمل — خطوة بخطوة | ⚠️ أخطاء تجنبها عند اختيار شركة في {LOC} | 💰 أسعار شركة تركيب سيراميك في {LOC} 2026 — شفافية كاملة | 📍 مناطق خدمة شركة تركيب سيراميك في {LOC} في {LOC} | ❓ الأسئلة الشائعة | 🔗 خدمات ماكس آرت الأخرى
2618,post,شركة تركيب كهرباء في عجمان,https://max-art-ae.com/sharikat-tarkib-kahrabaa-fi-ajman/,2026-09-11,454,1,8,9,كهرباء,كهرباء,2,2585,محتوى ضعيف (<1000 كلمة) | صورة بارزة مكررة على نطاق واسع,عدد الكلمات 454 < 1000؛ نفس الصورة البارزة مستخدمة على 281 عنصراً (ID 2585),,,✦ شركة تركيب كهرباء في {LOC} — الشريك الذي تثق به | 🏆 لماذا تختار ماكس آرت ل تركيب كهرباء في {LOC}؟ | ⚙️ كيف نعمل — خطوة بخطوة | ⚠️ أخطاء تجنبها عند اختيار شركة في {LOC} | 💰 أسعار شركة تركيب كهرباء في {LOC} 2026 — شفافية كاملة | 📍 مناطق خدمة شركة تركيب كهرباء في {LOC} في {LOC} | ❓ الأسئلة الشائعة | 🔗 خدمات ماكس آرت الأخرى
2608,post,شركة تركيب رخام وجرانيت في عجمان,https://max-art-ae.com/sharikat-tarkib-rakkham-fi-ajman/,2026-09-11,451,1,8,10,,دهانات/صبغ,2,2585,محتوى ضعيف (<1000 كلمة) | صورة بارزة مكررة على نطاق واسع | محتوى مكرر/متشابه | تآكل كلمات مفتاحية,عدد الكلمات 451 < 1000؛ نفس الصورة البارزة مستخدمة على 281 عنصراً (ID 2585)؛ متشابه جداً مع مقالات أخرى في DUP-012 (3)؛ 3 مقالات تتنافس على نية شبه مطابقة,DUP-012 (3),CAN-012 (3),✦ شركة تركيب رخام وجرانيت في {LOC} — الشريك الذي تثق به | 🏆 لماذا تختار ماكس آرت ل تركيب رخام وجرانيت في {LOC}؟ | ⚙️ كيف نعمل — خطوة بخطوة | ⚠️ أخطاء تجنبها عند اختيار شركة في {LOC} | 💰 أسعار شركة تركيب رخام وجرانيت في {LOC} 2026 — شفافية كاملة | 📍 مناطق خدمة شركة تركيب رخام وجرانيت في {LOC} في {LOC} | ❓ الأسئلة الشائعة | 🔗 خدمات ماكس آرت الأخرى
2603,post,شركة صيانة مباني في عجمان,https://max-art-ae.com/sharikat-siana-mabani-fi-ajman/,2026-09-11,450,1,8,9,صيانة عامة,صيانة عامة,2,3219,محتوى ضعيف (<1000 كلمة) | محتوى مكرر/متشابه | تآكل كلمات مفتاحية,عدد الكلمات 450 < 1000؛ متشابه جداً مع مقالات أخرى في DUP-007 (3)؛ 3 مقالات تتنافس على نية شبه مطابقة,DUP-007 (3),CAN-007 (3),✦ شركة صيانة مباني في {LOC} — الشريك الذي تثق به | 🏆 لماذا تختار ماكس آرت ل صيانة مباني في {LOC}؟ | ⚙️ كيف نعمل — خطوة بخطوة | ⚠️ أخطاء تجنبها عند اختيار شركة في {LOC} | 💰 أسعار شركة صيانة مباني في {LOC} 2026 — شفافية كاملة | 📍 مناطق خدمة شركة صيانة مباني في {LOC} في {LOC} | ❓ الأسئلة الشائعة | 🔗 خدمات ماكس آرت الأخرى
2604,post,شركة صيانة كهرباء في عجمان,https://max-art-ae.com/sharikat-siana-kahrabaa-fi-ajman/,2026-09-11,450,1,8,9,كهرباء,كهرباء,2,3219,محتوى ضعيف (<1000 كلمة) | محتوى مكرر/متشابه | تآكل كلمات مفتاحية,عدد الكلمات 450 < 1000؛ متشابه جداً مع مقالات أخرى في DUP-008 (3)؛ 3 مقالات تتنافس على نية شبه مطابقة,DUP-008 (3),CAN-008 (3),✦ شركة صيانة كهرباء في {LOC} — الشريك الذي تثق به | 🏆 لماذا تختار ماكس آرت ل صيانة كهرباء في {LOC}؟ | ⚙️ كيف نعمل — خطوة بخطوة | ⚠️ أخطاء تجنبها عند اختيار شركة في {LOC} | 💰 أسعار شركة صيانة كهرباء في {LOC} 2026 — شفافية كاملة | 📍 مناطق خدمة شركة صيانة كهرباء في {LOC} في {LOC} | ❓ الأسئلة الشائعة | 🔗 خدمات ماكس آرت الأخرى
2602,post,شركة دهانات في عجمان,https://max-art-ae.com/sharikat-dahanat-fi-ajman/,2026-09-11,448,1,8,9,دهانات/صبغ,دهانات/صبغ,2,3219,محتوى ضعيف (<1000 كلمة) | محتوى مكرر/متشابه | تآكل كلمات مفتاحية,عدد الكلمات 448 < 1000؛ متشابه جداً مع مقالات أخرى في DUP-006 (3)؛ 3 مقالات تتنافس على نية شبه مطابقة,DUP-006 (3),CAN-006 (3),✦ شركة دهانات في {LOC} — الشريك الذي تثق به | 🏆 لماذا تختار ماكس آرت ل دهانات في {LOC}؟ | ⚙️ كيف نعمل — خطوة بخطوة | ⚠️ أخطاء تجنبها عند اختيار شركة في {LOC} | 💰 أسعار شركة دهانات في {LOC} 2026 — شفافية كاملة | 📍 مناطق خدمة شركة دهانات في {LOC} في {LOC} | ❓ الأسئلة الشائعة | 🔗 خدمات ماكس آرت الأخرى
2621,post,شركة صبغ في عجمان,https://max-art-ae.com/sharikat-sabgh-fi-ajman/,2026-09-11,446,1,8,9,دهانات/صبغ,دهانات/صبغ,2,3219,محتوى ضعيف (<1000 كلمة),عدد الكلمات 446 < 1000,,,✦ شركة صبغ في {LOC} — الشريك الذي تثق به | 🏆 لماذا تختار ماكس آرت ل صبغ في {LOC}؟ | ⚙️ كيف نعمل — خطوة بخطوة | ⚠️ أخطاء تجنبها عند اختيار شركة في {LOC} | 💰 أسعار شركة صبغ في {LOC} 2026 — شفافية كاملة | 📍 مناطق خدمة شركة صبغ في {LOC} في {LOC} | ❓ الأسئلة الشائعة | 🔗 خدمات ماكس آرت الأخرى
2607,post,شركة تفصيل خزائن مطابخ في عجمان,https://max-art-ae.com/sharikat-tafsal-khazain-fi-ajman/,2026-09-11,444,1,8,10,,كشف/إصلاح تسربات,2,3219,محتوى ضعيف (<1000 كلمة) | محتوى مكرر/متشابه | تآكل كلمات مفتاحية,عدد الكلمات 444 < 1000؛ متشابه جداً مع مقالات أخرى في DUP-011 (3)؛ 3 مقالات تتنافس على نية شبه مطابقة,DUP-011 (3),CAN-011 (3),✦ شركة تفصيل خزائن مطابخ في {LOC} — الشريك الذي تثق به | 🏆 لماذا تختار ماكس آرت ل تفصيل خزائن مطابخ في {LOC}؟ | ⚙️ كيف نعمل — خطوة بخطوة | ⚠️ أخطاء تجنبها عند اختيار شركة في {LOC} | 💰 أسعار شركة تفصيل خزائن مطابخ في {LOC} 2026 — شفافية كاملة | 📍 مناطق خدمة شركة تفصيل خزائن مطابخ في {LOC} في {LOC} | ❓ الأسئلة الشائعة | 🔗 خدمات ماكس آرت الأخرى
2624,post,شركة ديكورات في عجمان,https://max-art-ae.com/sharikat-diikur-fi-ajman/,2026-09-11,444,1,8,9,,دهانات/صبغ,2,3219,محتوى ضعيف (<1000 كلمة),عدد الكلمات 444 < 1000,,,✦ شركة ديكورات في {LOC} — الشريك الذي تثق به | 🏆 لماذا تختار ماكس آرت ل ديكورات في {LOC}؟ | ⚙️ كيف نعمل — خطوة بخطوة | ⚠️ أخطاء تجنبها عند اختيار شركة في {LOC} | 💰 أسعار شركة ديكورات في {LOC} 2026 — شفافية كاملة | 📍 مناطق خدمة شركة ديكورات في {LOC} في {LOC} | ❓ الأسئلة الشائعة | 🔗 خدمات ماكس آرت الأخرى
2606,post,شركة تصميم مطابخ في عجمان,https://max-art-ae.com/sharikat-tasmim-matabikh-fi-ajman/,2026-09-11,443,1,8,10,,دهانات/صبغ,2,3219,محتوى ضعيف (<1000 كلمة) | محتوى مكرر/متشابه | تآكل كلمات مفتاحية,عدد الكلمات 443 < 1000؛ متشابه جداً مع مقالات أخرى في DUP-010 (3)؛ 3 مقالات تتنافس على نية شبه مطابقة,DUP-010 (3),CAN-010 (3),✦ شركة تصميم مطابخ في {LOC} — الشريك الذي تثق به | 🏆 لماذا تختار ماكس آرت ل تصميم مطابخ في {LOC}؟ | ⚙️ كيف نعمل — خطوة بخطوة | ⚠️ أخطاء تجنبها عند اختيار شركة في {LOC} | 💰 أسعار شركة تصميم مطابخ في {LOC} 2026 — شفافية كاملة | 📍 مناطق خدمة شركة تصميم مطابخ في {LOC} في {LOC} | ❓ الأسئلة الشائعة | 🔗 خدمات ماكس آرت الأخرى
2605,post,شركة تركيب زجاج وألوميتال في عجمان,https://max-art-ae.com/sharikat-tarkib-zujaj-fi-ajman/,2026-09-11,441,1,8,9,,دهانات/صبغ,2,3219,محتوى ضعيف (<1000 كلمة) | محتوى مكرر/متشابه | تآكل كلمات مفتاحية,عدد الكلمات 441 < 1000؛ متشابه جداً مع مقالات أخرى في DUP-009 (3)؛ 3 مقالات تتنافس على نية شبه مطابقة,DUP-009 (3),CAN-009 (3),✦ شركة تركيب زجاج وألوميتال في {LOC} — الشريك الذي تثق به | 🏆 لماذا تختار ماكس آرت ل تركيب زجاج وألوميتال في {LOC}؟ | ⚙️ كيف نعمل — خطوة بخطوة | ⚠️ أخطاء تجنبها عند اختيار شركة في {LOC} | 💰 أسعار شركة تركيب زجاج وألوميتال في {LOC} 2026 — شفافية كاملة | 📍 مناطق خدمة شركة تركيب زجاج وألوميتال في {LOC} في {LOC} | ❓ الأسئلة الشائعة | 🔗 خدمات ماكس آرت الأخرى
3526,post,صيانة عامة في دبي – خدمات منزلية وصيانة شاملة,https://max-art-ae.com/maintenance-dubai/,2026-09-11,274,1,4,5,صيانة عامة,صيانة عامة,5,3538,محتوى ضعيف (<1000 كلمة) | محتوى ضعيف جداً | قالب/نصوص نمطية,"عدد الكلمات 274 < 1000؛ محتوى قصير جداً (<300 كلمة)؛ عبارات نمطية: آخر تحديث؛ مراجعة:؛ فريق ماكس آرت؛ ""@type"": ""LocalBusiness""؛ ""telephone"": ""+971؛ Schema JSON-LD مضمّن داخل المحتوى",,,🔧 صيانة عامة في {LOC} – خدمات منزلية وصيانة شاملة بجودة عالية | 🛠️ خدمات الصيانة العامة التي نقدمها | 💰 أسعار خدمات الصيانة العامة في {LOC} | 📎 خدمات ذات صلة
3524,post,تركيب مظلات في دبي – مظلات وسواتر,https://max-art-ae.com/umbrellas-dubai/,2026-09-11,260,1,4,4,مظلات وسواتر,مظلات وسواتر,5,3541,محتوى ضعيف (<1000 كلمة) | محتوى ضعيف جداً | قالب/نصوص نمطية,"عدد الكلمات 260 < 1000؛ محتوى قصير جداً (<300 كلمة)؛ عبارات نمطية: آخر تحديث؛ مراجعة:؛ فريق ماكس آرت؛ ""@type"": ""LocalBusiness""؛ ""telephone"": ""+971؛ Schema JSON-LD مضمّن داخل المحتوى",,,☂️ تركيب مظلات في {LOC} – حلول الظل المثالية لمنزلك وشركتك | 🛠️ أنواع المظلات والسواتر التي نقدمها | 💰 أسعار تركيب المظلات في {LOC} | 📎 خدمات ذات صلة
3521,post,حداد في الشارقة – أعمال حدادة وتصنيع معادن,https://max-art-ae.com/blacksmith-sharjah/,2026-09-11,256,1,4,5,حدادة,حدادة,5,3539,محتوى ضعيف (<1000 كلمة) | محتوى ضعيف جداً | قالب/نصوص نمطية,"عدد الكلمات 256 < 1000؛ محتوى قصير جداً (<300 كلمة)؛ عبارات نمطية: آخر تحديث؛ مراجعة:؛ فريق ماكس آرت؛ ""@type"": ""LocalBusiness""؛ ""telephone"": ""+971؛ Schema JSON-LD مضمّن داخل المحتوى",,,🔨 حداد في {LOC} – خدمات حدادة متكاملة بأسعار تنافسية | 🛠️ خدمات الحدادة في {LOC} | 💰 أسعار أعمال الحدادة في {LOC} | 📎 خدمات ذات صلة
3525,post,صيانة عامة في الشارقة – خدمات منزلية وصيانة شاملة,https://max-art-ae.com/maintenance-sharjah/,2026-09-11,213,1,4,5,صيانة عامة,صيانة عامة,5,3537,محتوى ضعيف (<1000 كلمة) | محتوى ضعيف جداً | قالب/نصوص نمطية | نص مؤقت/غير مكتمل,"عدد الكلمات 213 < 1000؛ محتوى قصير جداً (<300 كلمة)؛ عبارات نمطية: آخر تحديث؛ مراجعة:؛ فريق ماكس آرت؛ ""@type"": ""LocalBusiness""؛ ""telephone"": ""+971؛ نصوص مؤقتة: placeholder؛ Schema JSON-LD مضمّن داخل المحتوى",,,🔧 صيانة عامة في {LOC} – خدمات منزلية وصيانة شاملة بجودة عالية | احجز الأن خدمة الصيانة العامة في {LOC} | 🛠️ خدمات الصيانة العامة في {LOC} | 📎 خدمات ذات صلة
3527,post,تركيب مظلات في الشارقة – مظلات وسواتر,https://max-art-ae.com/umbrellas-sharjah/,2026-09-11,100,1,2,0,مظلات وسواتر,مظلات وسواتر,5,3540,محتوى ضعيف (<1000 كلمة) | محتوى ضعيف جداً | قالب/نصوص نمطية,"عدد الكلمات 100 < 1000؛ محتوى قصير جداً (<300 كلمة)؛ عبارات نمطية: آخر تحديث؛ مراجعة:؛ فريق ماكس آرت؛ ""@type"": ""LocalBusiness""؛ ""telephone"": ""+971؛ Schema JSON-LD مضمّن داخل المحتوى",,,☂️ تركيب مظلات في {LOC} – حلول الظل المثالية | 📎 خدمات ذات صلة
3279,post,متى تحتاج لفحص التسربات؟,https://max-art-ae.com/%d9%85%d8%aa%d9%89-%d8%aa%d8%ad%d8%aa%d8%a7%d8%ac-%d9%84%d9%81%d8%ad%d8%b5-%d8%a7%d9%84%d8%aa%d8%b3%d8%b1%d8%a8%d8%a7%d8%aa%d8%9f/,2026-09-11,9,0,0,0,كشف/إصلاح تسربات,كشف/إصلاح تسربات,0,0,محتوى ضعيف (<1000 كلمة) | محتوى ضعيف جداً | لا H1 في جسم المحتوى | نقص H2 | مقتطف ناقص | صورة بارزة مفقودة,عدد الكلمات 9 < 1000؛ محتوى قصير جداً (<300 كلمة)؛ لا H1 داخل جسم المقالة (ووردبريس عادةً يعرض العنوان كـ H1 من القالب)؛ عدد H2 = 0؛ مقتطف فارغ أو قصير؛ لا توجد صورة بارزة,,,
3278,post,نصائح للعناية بالمنزل,https://max-art-ae.com/%d9%86%d8%b5%d8%a7%d8%a6%d8%ad-%d9%84%d9%84%d8%b9%d9%86%d8%a7%d9%8a%d8%a9-%d8%a8%d8%a7%d9%84%d9%85%d9%86%d8%b2%d9%84/,2026-09-11,8,0,0,0,,صيانة عامة,0,0,محتوى ضعيف (<1000 كلمة) | محتوى ضعيف جداً | لا H1 في جسم المحتوى | نقص H2 | مقتطف ناقص | صورة بارزة مفقودة,عدد الكلمات 8 < 1000؛ محتوى قصير جداً (<300 كلمة)؛ لا H1 داخل جسم المقالة (ووردبريس عادةً يعرض العنوان كـ H1 من القالب)؛ عدد H2 = 0؛ مقتطف فارغ أو قصير؛ لا توجد صورة بارزة,,,
3262,post,كشف تسربات المياه,https://max-art-ae.com/%d9%83%d8%b4%d9%81-%d8%aa%d8%b3%d8%b1%d8%a8%d8%a7%d8%aa-%d8%a7%d9%84%d9%85%d9%8a%d8%a7%d9%87/,2026-09-11,7,0,0,0,كشف/إصلاح تسربات,كشف/إصلاح تسربات,0,0,محتوى ضعيف (<1000 كلمة) | محتوى ضعيف جداً | لا H1 في جسم المحتوى | نقص H2 | مقتطف ناقص | صورة بارزة مفقودة,عدد الكلمات 7 < 1000؛ محتوى قصير جداً (<300 كلمة)؛ لا H1 داخل جسم المقالة (ووردبريس عادةً يعرض العنوان كـ H1 من القالب)؛ عدد H2 = 0؛ مقتطف فارغ أو قصير؛ لا توجد صورة بارزة,,,
3280,post,أهمية الصيانة الدورية,https://max-art-ae.com/%d8%a3%d9%87%d9%85%d9%8a%d8%a9-%d8%a7%d9%84%d8%b5%d9%8a%d8%a7%d9%86%d8%a9-%d8%a7%d9%84%d8%af%d9%88%d8%b1%d9%8a%d8%a9/,2026-09-11,7,0,0,0,صيانة عامة,صيانة عامة,0,0,محتوى ضعيف (<1000 كلمة) | محتوى ضعيف جداً | لا H1 في جسم المحتوى | نقص H2 | مقتطف ناقص | صورة بارزة مفقودة,عدد الكلمات 7 < 1000؛ محتوى قصير جداً (<300 كلمة)؛ لا H1 داخل جسم المقالة (ووردبريس عادةً يعرض العنوان كـ H1 من القالب)؛ عدد H2 = 0؛ مقتطف فارغ أو قصير؛ لا توجد صورة بارزة,,,
3263,post,عزل الأسطح,https://max-art-ae.com/%d8%b9%d8%b2%d9%84-%d8%a7%d9%84%d8%a3%d8%b3%d8%b7%d8%ad/,2026-09-11,6,0,0,0,عزل أسطح,عزل أسطح,0,0,محتوى ضعيف (<1000 كلمة) | محتوى ضعيف جداً | لا H1 في جسم المحتوى | نقص H2 | مقتطف ناقص | صورة بارزة مفقودة,عدد الكلمات 6 < 1000؛ محتوى قصير جداً (<300 كلمة)؛ لا H1 داخل جسم المقالة (ووردبريس عادةً يعرض العنوان كـ H1 من القالب)؛ عدد H2 = 0؛ مقتطف فارغ أو قصير؛ لا توجد صورة بارزة,,,
3266,post,مكافحة الحشرات,https://max-art-ae.com/%d9%85%d9%83%d8%a7%d9%81%d8%ad%d8%a9-%d8%a7%d9%84%d8%ad%d8%b4%d8%b1%d8%a7%d8%aa/,2026-09-11,6,0,0,0,,,0,0,محتوى ضعيف (<1000 كلمة) | محتوى ضعيف جداً | لا H1 في جسم المحتوى | نقص H2 | مقتطف ناقص | صورة بارزة مفقودة,عدد الكلمات 6 < 1000؛ محتوى قصير جداً (<300 كلمة)؛ لا H1 داخل جسم المقالة (ووردبريس عادةً يعرض العنوان كـ H1 من القالب)؛ عدد H2 = 0؛ مقتطف فارغ أو قصير؛ لا توجد صورة بارزة,,,
3265,post,تنظيف وتعقيم,https://max-art-ae.com/%d8%aa%d9%86%d8%b8%d9%8a%d9%81-%d9%88%d8%aa%d8%b9%d9%82%d9%8a%d9%85/,2026-09-11,5,0,0,0,,,0,0,محتوى ضعيف (<1000 كلمة) | محتوى ضعيف جداً | لا H1 في جسم المحتوى | نقص H2 | مقتطف ناقص | صورة بارزة مفقودة,عدد الكلمات 5 < 1000؛ محتوى قصير جداً (<300 كلمة)؛ لا H1 داخل جسم المقالة (ووردبريس عادةً يعرض العنوان كـ H1 من القالب)؛ عدد H2 = 0؛ مقتطف فارغ أو قصير؛ لا توجد صورة بارزة,,,
3267,post,سباكة وصيانة عامة,https://max-art-ae.com/%d8%b3%d8%a8%d8%a7%d9%83%d8%a9-%d9%88%d8%b5%d9%8a%d8%a7%d9%86%d8%a9-%d8%b9%d8%a7%d9%85%d8%a9/,2026-09-11,5,0,0,0,سباكة,سباكة,0,0,محتوى ضعيف (<1000 كلمة) | محتوى ضعيف جداً | لا H1 في جسم المحتوى | نقص H2 | مقتطف ناقص | صورة بارزة مفقودة,عدد الكلمات 5 < 1000؛ محتوى قصير جداً (<300 كلمة)؛ لا H1 داخل جسم المقالة (ووردبريس عادةً يعرض العنوان كـ H1 من القالب)؛ عدد H2 = 0؛ مقتطف فارغ أو قصير؛ لا توجد صورة بارزة,,,
3264,post,صيانة التكييف,https://max-art-ae.com/%d8%b5%d9%8a%d8%a7%d9%86%d8%a9-%d8%a7%d9%84%d8%aa%d9%83%d9%8a%d9%8a%d9%81/,2026-09-11,4,0,0,0,صيانة عامة,صيانة عامة,0,0,محتوى ضعيف (<1000 كلمة) | محتوى ضعيف جداً | لا H1 في جسم المحتوى | نقص H2 | مقتطف ناقص | صورة بارزة مفقودة,عدد الكلمات 4 < 1000؛ محتوى قصير جداً (<300 كلمة)؛ لا H1 داخل جسم المقالة (ووردبريس عادةً يعرض العنوان كـ H1 من القالب)؛ عدد H2 = 0؛ مقتطف فارغ أو قصير؛ لا توجد صورة بارزة,,,
3623,pricing,خطط الأسعار,https://max-art-ae.com/pricing/pricing-plans/,2026-08-08,29,0,0,0,,عزل أسطح,0,0,محتوى ضعيف (<1000 كلمة) | محتوى ضعيف جداً | لا H1 في جسم المحتوى | نقص H2 | مقتطف ناقص | صورة بارزة مفقودة,عدد الكلمات 29 < 1000؛ محتوى قصير جداً (<300 كلمة)؛ لا H1 داخل جسم المقالة (ووردبريس عادةً يعرض العنوان كـ H1 من القالب)؛ عدد H2 = 0؛ مقتطف فارغ أو قصير؛ لا توجد صورة بارزة,,,
3601,reviews,محمد الشحي,https://max-art-ae.com/reviews/mohamed-elshahy/,2026-07-30,23,0,0,0,,صيانة عامة,0,0,محتوى ضعيف (<1000 كلمة) | محتوى ضعيف جداً | لا H1 في جسم المحتوى | نقص H2 | مقتطف ناقص | صورة بارزة مفقودة,عدد الكلمات 23 < 1000؛ محتوى قصير جداً (<300 كلمة)؛ لا H1 داخل جسم المقالة (ووردبريس عادةً يعرض العنوان كـ H1 من القالب)؛ عدد H2 = 0؛ مقتطف فارغ أو قصير؛ لا توجد صورة بارزة,,,
3317,services,كشف تسربات المياه,https://max-art-ae.com/services/leak-detection/,2026-07-03,76,0,2,0,كشف/إصلاح تسربات,كشف/إصلاح تسربات,1,0,محتوى ضعيف (<1000 كلمة) | محتوى ضعيف جداً | لا H1 في جسم المحتوى | صورة بارزة مفقودة,عدد الكلمات 76 < 1000؛ محتوى قصير جداً (<300 كلمة)؛ لا H1 داخل جسم المقالة (ووردبريس عادةً يعرض العنوان كـ H1 من القالب)؛ لا توجد صورة بارزة,,,متى تحتاج كشف تسرب؟ | بعد الكشف
3518,services,عزل أسطح,https://max-art-ae.com/services/roof-insulation/,2026-07-30,73,0,2,0,عزل أسطح,عزل أسطح,0,0,محتوى ضعيف (<1000 كلمة) | محتوى ضعيف جداً | لا H1 في جسم المحتوى | صورة بارزة مفقودة,عدد الكلمات 73 < 1000؛ محتوى قصير جداً (<300 كلمة)؛ لا H1 داخل جسم المقالة (ووردبريس عادةً يعرض العنوان كـ H1 من القالب)؛ لا توجد صورة بارزة,,,ماذا يشمل العمل؟ | التغطية
